artist_name,wiki_title,pageview_date,pageviews,source_url,collected_at,artist_mbid,date,views,source_row,match_method
Bruno Mars,Bruno Mars,20260905,14070,Bruno_Mars,2026-10-05T05:05:14.242906+00:00,afb680f2-b6eb-4cd7-a70b-a63b25c763d5,2026-09-05,14070,2,exact
Bruno Mars,Bruno Mars,20260906,15331,Bruno_Mars,2026-10-05T05:05:14.242906+00:00,afb680f2-b6eb-4cd7-a70b-a63b25c763d5,2026-09-06,15331,3,exact
Bruno Mars,Bruno Mars,20260907,13924,Bruno_Mars,2026-10-05T05:05:14.242906+00:00,afb680f2-b6eb-4cd7-a70b-a63b25c763d5,2026-09-07,13924,4,exact
Bruno Mars,Bruno Mars,20260908,9460,Bruno_Mars,2026-10-05T05:05:14.242906+00:00,afb680f2-b6eb-4cd7-a70b-a63b25c763d5,2026-09-08,9460,5,exact
Bruno Mars,Bruno Mars,20260909,8885,Bruno_Mars,2026-10-05T05:05:14.242906+00:00,afb680f2-b6eb-4cd7-a70b-a63b25c763d5,2026-09-09,8885,6,exact
Bruno Mars,Bruno Mars,20260910,10412,Bruno_Mars,2026-10-05T05:05:14.242906+00:00,afb680f2-b6eb-4cd7-a70b-a63b25c763d5,2026-09-10,10412,7,exact
Bruno Mars,Bruno Mars,20260911,9962,Bruno_Mars,2026-10-05T05:05:14.242906+00:00,afb680f2-b6eb-4cd7-a70b-a63b25c763d5,2026-09-11,9962,8,exact
Bruno Mars,Bruno Mars,20260912,10924,Bruno_Mars,2026-10-05T05:05:14.242906+00:00,afb680f2-b6eb-4cd7-a70b-a63b25c763d5,2026-09-12,10924,9,exact
Bruno Mars,Bruno Mars,20260913,12819,Bruno_Mars,2026-10-05T05:05:14.242906+00:00,afb680f2-b6eb-4cd7-a70b-a63b25c763d5,2026-09-13,12819,10,exact
Bruno Mars,Bruno Mars,20260914,11239,Bruno_Mars,2026-10-05T05:05:14.242906+00:00,afb680f2-b6eb-4cd7-a70b-a63b25c763d5,2026-09-14,11239,11,exact
Bruno Mars,Bruno Mars,20260915,7863,Bruno_Mars,2026-10-05T05:05:14.242906+00:00,afb680f2-b6eb-4cd7-a70b-a63b25c763d5,2026-09-15,7863,12,exact
Bruno Mars,Bruno Mars,20260916,8214,Bruno_Mars,2026-10-05T05:05:14.242906+00:00,afb680f2-b6eb-4cd7-a70b-a63b25c763d5,2026-09-16,8214,13,exact
Bruno Mars,Bruno Mars,20260917,10468,Bruno_Mars,2026-10-05T05:05:14.242906+00:00,afb680f2-b6eb-4cd7-a70b-a63b25c763d5,2026-09-17,10468,14,exact
Bruno Mars,Bruno Mars,20260918,8878,Bruno_Mars,2026-10-05T05:05:14.242906+00:00,afb680f2-b6eb-4cd7-a70b-a63b25c763d5,2026-09-18,8878,15,exact
Bruno Mars,Bruno Mars,20260919,9307,Bruno_Mars,2026-10-05T05:05:14.242906+00:00,afb680f2-b6eb-4cd7-a70b-a63b25c763d5,2026-09-19,9307,16,exact
Bruno Mars,Bruno Mars,20260920,11036,Bruno_Mars,2026-10-05T05:05:14.242906+00:00,afb680f2-b6eb-4cd7-a70b-a63b25c763d5,2026-09-20,11036,17,exact
Bruno Mars,Bruno Mars,20260921,9470,Bruno_Mars,2026-10-05T05:05:14.242906+00:00,afb680f2-b6eb-4cd7-a70b-a63b25c763d5,2026-09-21,9470,18,exact
Bruno Mars,Bruno Mars,20260922,7357,Bruno_Mars,2026-10-05T05:05:14.242906+00:00,afb680f2-b6eb-4cd7-a70b-a63b25c763d5,2026-09-22,7357,19,exact
Bruno Mars,Bruno Mars,20260923,7688,Bruno_Mars,2026-10-05T05:05:14.242906+00:00,afb680f2-b6eb-4cd7-a70b-a63b25c763d5,2026-09-23,7688,20,exact
Bruno Mars,Bruno Mars,20260924,9038,Bruno_Mars,2026-10-05T05:05:14.242906+00:00,afb680f2-b6eb-4cd7-a70b-a63b25c763d5,2026-09-24,9038,21,exact
Bruno Mars,Bruno Mars,20260925,7472,Bruno_Mars,2026-10-05T05:05:14.242906+00:00,afb680f2-b6eb-4cd7-a70b-a63b25c763d5,2026-09-25,7472,22,exact
Bruno Mars,Bruno Mars,20260926,8050,Bruno_Mars,2026-10-05T05:05:14.242906+00:00,afb680f2-b6eb-4cd7-a70b-a63b25c763d5,2026-09-26,8050,23,exact
Bruno Mars,Bruno Mars,20260927,9407,Bruno_Mars,2026-10-05T05:05:14.242906+00:00,afb680f2-b6eb-4cd7-a70b-a63b25c763d5,2026-09-27,9407,24,exact
Bruno Mars,Bruno Mars,20260928,35817,Bruno_Mars,2026-10-05T05:05:14.242906+00:00,afb680f2-b6eb-4cd7-a70b-a63b25c763d5,2026-09-28,35817,25,exact
Bruno Mars,Bruno Mars,20260929,9836,Bruno_Mars,2026-10-05T05:05:14.242906+00:00,afb680f2-b6eb-4cd7-a70b-a63b25c763d5,2026-09-29,9836,26,exact
Bruno Mars,Bruno Mars,20260930,7556,Bruno_Mars,2026-10-05T05:05:14.242906+00:00,afb680f2-b6eb-4cd7-a70b-a63b25c763d5,2026-09-30,7556,27,exact
Bruno Mars,Bruno Mars,20261001,10168,Bruno_Mars,2026-10-05T05:05:14.242906+00:00,afb680f2-b6eb-4cd7-a70b-a63b25c763d5,2026-10-01,10168,28,exact
Bruno Mars,Bruno Mars,20261002,9419,Bruno_Mars,2026-10-05T05:05:14.242906+00:00,afb680f2-b6eb-4cd7-a70b-a63b25c763d5,2026-10-02,9419,29,exact
Bruno Mars,Bruno Mars,20261003,11596,Bruno_Mars,2026-10-05T05:05:14.242906+00:00,afb680f2-b6eb-4cd7-a70b-a63b25c763d5,2026-10-03,11596,30,exact
Bruno Mars,Bruno Mars,20261004,11780,Bruno_Mars,2026-10-05T05:05:14.242906+00:00,afb680f2-b6eb-4cd7-a70b-a63b25c763d5,2026-10-04,11780,31,exact
Taylor Swift,Taylor Swift,20260905,11482,Taylor_Swift,2026-10-05T05:05:14.242906+00:00,20244d07-534f-4eff-b4d4-930878889970,2026-09-05,11482,32,exact
Taylor Swift,Taylor Swift,20260906,12496,Taylor_Swift,2026-10-05T05:05:14.242906+00:00,20244d07-534f-4eff-b4d4-930878889970,2026-09-06,12496,33,exact
Taylor Swift,Taylor Swift,20260907,11361,Taylor_Swift,2026-10-05T05:05:14.242906+00:00,20244d07-534f-4eff-b4d4-930878889970,2026-09-07,11361,34,exact
Taylor Swift,Taylor Swift,20260908,12103,Taylor_Swift,2026-10-05T05:05:14.242906+00:00,20244d07-534f-4eff-b4d4-930878889970,2026-09-08,12103,35,exact
Taylor Swift,Taylor Swift,20260909,10881,Taylor_Swift,2026-10-05T05:05:14.242906+00:00,20244d07-534f-4eff-b4d4-930878889970,2026-09-09,10881,36,exact
Taylor Swift,Taylor Swift,20260910,10629,Taylor_Swift,2026-10-05T05:05:14.242906+00:00,20244d07-534f-4eff-b4d4-930878889970,2026-09-10,10629,37,exact
Taylor Swift,Taylor Swift,20260911,10515,Taylor_Swift,2026-10-05T05:05:14.242906+00:00,20244d07-534f-4eff-b4d4-930878889970,2026-09-11,10515,38,exact
Taylor Swift,Taylor Swift,20260912,11030,Taylor_Swift,2026-10-05T05:05:14.242906+00:00,20244d07-534f-4eff-b4d4-930878889970,2026-09-12,11030,39,exact
Taylor Swift,Taylor Swift,20260913,12346,Taylor_Swift,2026-10-05T05:05:14.242906+00:00,20244d07-534f-4eff-b4d4-930878889970,2026-09-13,12346,40,exact
Taylor Swift,Taylor Swift,20260914,12005,Taylor_Swift,2026-10-05T05:05:14.242906+00:00,20244d07-534f-4eff-b4d4-930878889970,2026-09-14,12005,41,exact
Taylor Swift,Taylor Swift,20260915,31474,Taylor_Swift,2026-10-05T05:05:14.242906+00:00,20244d07-534f-4eff-b4d4-930878889970,2026-09-15,31474,42,exact
Taylor Swift,Taylor Swift,20260916,14610,Taylor_Swift,2026-10-05T05:05:14.242906+00:00,20244d07-534f-4eff-b4d4-930878889970,2026-09-16,14610,43,exact
Taylor Swift,Taylor Swift,20260917,13968,Taylor_Swift,2026-10-05T05:05:14.242906+00:00,20244d07-534f-4eff-b4d4-930878889970,2026-09-17,13968,44,exact
Taylor Swift,Taylor Swift,20260918,12658,Taylor_Swift,2026-10-05T05:05:14.242906+00:00,20244d07-534f-4eff-b4d4-930878889970,2026-09-18,12658,45,exact
Taylor Swift,Taylor Swift,20260919,13292,Taylor_Swift,2026-10-05T05:05:14.242906+00:00,20244d07-534f-4eff-b4d4-930878889970,2026-09-19,13292,46,exact
Taylor Swift,Taylor Swift,20260920,13529,Taylor_Swift,2026-10-05T05:05:14.242906+00:00,20244d07-534f-4eff-b4d4-930878889970,2026-09-20,13529,47,exact
Taylor Swift,Taylor Swift,20260921,36506,Taylor_Swift,2026-10-05T05:05:14.242906+00:00,20244d07-534f-4eff-b4d4-930878889970,2026-09-21,36506,48,exact
Taylor Swift,Taylor Swift,20260922,25677,Taylor_Swift,2026-10-05T05:05:14.242906+00:00,20244d07-534f-4eff-b4d4-930878889970,2026-09-22,25677,49,exact
Taylor Swift,Taylor Swift,20260923,27097,Taylor_Swift,2026-10-05T05:05:14.242906+00:00,20244d07-534f-4eff-b4d4-930878889970,2026-09-23,27097,50,exact
Taylor Swift,Taylor Swift,20260924,19750,Taylor_Swift,2026-10-05T05:05:14.242906+00:00,20244d07-534f-4eff-b4d4-930878889970,2026-09-24,19750,51,exact
Taylor Swift,Taylor Swift,20260925,37056,Taylor_Swift,2026-10-05T05:05:14.242906+00:00,20244d07-534f-4eff-b4d4-930878889970,2026-09-25,37056,52,exact
Taylor Swift,Taylor Swift,20260926,30832,Taylor_Swift,2026-10-05T05:05:14.242906+00:00,20244d07-534f-4eff-b4d4-930878889970,2026-09-26,30832,53,exact
Taylor Swift,Taylor Swift,20260927,27982,Taylor_Swift,2026-10-05T05:05:14.242906+00:00,20244d07-534f-4eff-b4d4-930878889970,2026-09-27,27982,54,exact
Taylor Swift,Taylor Swift,20260928,49080,Taylor_Swift,2026-10-05T05:05:14.242906+00:00,20244d07-534f-4eff-b4d4-930878889970,2026-09-28,49080,55,exact
Taylor Swift,Taylor Swift,20260929,26367,Taylor_Swift,2026-10-05T05:05:14.242906+00:00,20244d07-534f-4eff-b4d4-930878889970,2026-09-29,26367,56,exact
Taylor Swift,Taylor Swift,20260930,19004,Taylor_Swift,2026-10-05T05:05:14.242906+00:00,20244d07-534f-4eff-b4d4-930878889970,2026-09-30,19004,57,exact
Taylor Swift,Taylor Swift,20261001,16564,Taylor_Swift,2026-10-05T05:05:14.242906+00:00,20244d07-534f-4eff-b4d4-930878889970,2026-10-01,16564,58,exact
Taylor Swift,Taylor Swift,20261002,15428,Taylor_Swift,2026-10-05T05:05:14.242906+00:00,20244d07-534f-4eff-b4d4-930878889970,2026-10-02,15428,59,exact
Taylor Swift,Taylor Swift,20261003,14855,Taylor_Swift,2026-10-05T05:05:14.242906+00:00,20244d07-534f-4eff-b4d4-930878889970,2026-10-03,14855,60,exact
Taylor Swift,Taylor Swift,20261004,20726,Taylor_Swift,2026-10-05T05:05:14.242906+00:00,20244d07-534f-4eff-b4d4-930878889970,2026-10-04,20726,61,exact
Beyoncé,Beyoncé,20260905,15913,Beyoncé,2026-10-05T05:05:14.242906+00:00,859d0860-d480-4efd-970c-c05d5f1776b8,2026-09-05,15913,62,exact
Beyoncé,Beyoncé,20260906,10591,Beyoncé,2026-10-05T05:05:14.242906+00:00,859d0860-d480-4efd-970c-c05d5f1776b8,2026-09-06,10591,63,exact
Beyoncé,Beyoncé,20260907,9288,Beyoncé,2026-10-05T05:05:14.242906+00:00,859d0860-d480-4efd-970c-c05d5f1776b8,2026-09-07,9288,64,exact
Beyoncé,Beyoncé,20260908,7617,Beyoncé,2026-10-05T05:05:14.242906+00:00,859d0860-d480-4efd-970c-c05d5f1776b8,2026-09-08,7617,65,exact
Beyoncé,Beyoncé,20260909,7551,Beyoncé,2026-10-05T05:05:14.242906+00:00,859d0860-d480-4efd-970c-c05d5f1776b8,2026-09-09,7551,66,exact
Beyoncé,Beyoncé,20260910,6738,Beyoncé,2026-10-05T05:05:14.242906+00:00,859d0860-d480-4efd-970c-c05d5f1776b8,2026-09-10,6738,67,exact
Beyoncé,Beyoncé,20260911,7088,Beyoncé,2026-10-05T05:05:14.242906+00:00,859d0860-d480-4efd-970c-c05d5f1776b8,2026-09-11,7088,68,exact
Beyoncé,Beyoncé,20260912,7508,Beyoncé,2026-10-05T05:05:14.242906+00:00,859d0860-d480-4efd-970c-c05d5f1776b8,2026-09-12,7508,69,exact
Beyoncé,Beyoncé,20260913,7101,Beyoncé,2026-10-05T05:05:14.242906+00:00,859d0860-d480-4efd-970c-c05d5f1776b8,2026-09-13,7101,70,exact
Beyoncé,Beyoncé,20260914,7031,Beyoncé,2026-10-05T05:05:14.242906+00:00,859d0860-d480-4efd-970c-c05d5f1776b8,2026-09-14,7031,71,exact
Beyoncé,Beyoncé,20260915,5862,Beyoncé,2026-10-05T05:05:14.242906+00:00,859d0860-d480-4efd-970c-c05d5f1776b8,2026-09-15,5862,72,exact
Beyoncé,Beyoncé,20260916,5730,Beyoncé,2026-10-05T05:05:14.242906+00:00,859d0860-d480-4efd-970c-c05d5f1776b8,2026-09-16,5730,73,exact
Beyoncé,Beyoncé,20260917,5923,Beyoncé,2026-10-05T05:05:14.242906+00:00,859d0860-d480-4efd-970c-c05d5f1776b8,2026-09-17,5923,74,exact
Beyoncé,Beyoncé,20260918,5611,Beyoncé,2026-10-05T05:05:14.242906+00:00,859d0860-d480-4efd-970c-c05d5f1776b8,2026-09-18,5611,75,exact
Beyoncé,Beyoncé,20260919,7340,Beyoncé,2026-10-05T05:05:14.242906+00:00,859d0860-d480-4efd-970c-c05d5f1776b8,2026-09-19,7340,76,exact
Beyoncé,Beyoncé,20260920,6830,Beyoncé,2026-10-05T05:05:14.242906+00:00,859d0860-d480-4efd-970c-c05d5f1776b8,2026-09-20,6830,77,exact
Beyoncé,Beyoncé,20260921,6796,Beyoncé,2026-10-05T05:05:14.242906+00:00,859d0860-d480-4efd-970c-c05d5f1776b8,2026-09-21,6796,78,exact
Beyoncé,Beyoncé,20260922,7079,Beyoncé,2026-10-05T05:05:14.242906+00:00,859d0860-d480-4efd-970c-c05d5f1776b8,2026-09-22,7079,79,exact
Beyoncé,Beyoncé,20260923,6146,Beyoncé,2026-10-05T05:05:14.242906+00:00,859d0860-d480-4efd-970c-c05d5f1776b8,2026-09-23,6146,80,exact
Beyoncé,Beyoncé,20260924,5956,Beyoncé,2026-10-05T05:05:14.242906+00:00,859d0860-d480-4efd-970c-c05d5f1776b8,2026-09-24,5956,81,exact
Beyoncé,Beyoncé,20260925,6423,Beyoncé,2026-10-05T05:05:14.242906+00:00,859d0860-d480-4efd-970c-c05d5f1776b8,2026-09-25,6423,82,exact
Beyoncé,Beyoncé,20260926,11646,Beyoncé,2026-10-05T05:05:14.242906+00:00,859d0860-d480-4efd-970c-c05d5f1776b8,2026-09-26,11646,83,exact
Beyoncé,Beyoncé,20260927,7570,Beyoncé,2026-10-05T05:05:14.242906+00:00,859d0860-d480-4efd-970c-c05d5f1776b8,2026-09-27,7570,84,exact
Beyoncé,Beyoncé,20260928,6759,Beyoncé,2026-10-05T05:05:14.242906+00:00,859d0860-d480-4efd-970c-c05d5f1776b8,2026-09-28,6759,85,exact
Beyoncé,Beyoncé,20260929,5648,Beyoncé,2026-10-05T05:05:14.242906+00:00,859d0860-d480-4efd-970c-c05d5f1776b8,2026-09-29,5648,86,exact
Beyoncé,Beyoncé,20260930,5374,Beyoncé,2026-10-05T05:05:14.242906+00:00,859d0860-d480-4efd-970c-c05d5f1776b8,2026-09-30,5374,87,exact
Beyoncé,Beyoncé,20261001,5258,Beyoncé,2026-10-05T05:05:14.242906+00:00,859d0860-d480-4efd-970c-c05d5f1776b8,2026-10-01,5258,88,exact
Beyoncé,Beyoncé,20261002,5075,Beyoncé,2026-10-05T05:05:14.242906+00:00,859d0860-d480-4efd-970c-c05d5f1776b8,2026-10-02,5075,89,exact
Beyoncé,Beyoncé,20261003,5653,Beyoncé,2026-10-05T05:05:14.242906+00:00,859d0860-d480-4efd-970c-c05d5f1776b8,2026-10-03,5653,90,exact
Beyoncé,Beyoncé,20261004,5581,Beyoncé,2026-10-05T05:05:14.242906+00:00,859d0860-d480-4efd-970c-c05d5f1776b8,2026-10-04,5581,91,exact
The Weeknd,The Weeknd,20260905,4343,The_Weeknd,2026-10-05T05:05:14.242906+00:00,c8b03190-306c-4120-bb0b-6f2ebfc06ea9,2026-09-05,4343,92,exact
The Weeknd,The Weeknd,20260906,4692,The_Weeknd,2026-10-05T05:05:14.242906+00:00,c8b03190-306c-4120-bb0b-6f2ebfc06ea9,2026-09-06,4692,93,exact
The Weeknd,The Weeknd,20260907,4518,The_Weeknd,2026-10-05T05:05:14.242906+00:00,c8b03190-306c-4120-bb0b-6f2ebfc06ea9,2026-09-07,4518,94,exact
The Weeknd,The Weeknd,20260908,4344,The_Weeknd,2026-10-05T05:05:14.242906+00:00,c8b03190-306c-4120-bb0b-6f2ebfc06ea9,2026-09-08,4344,95,exact
The Weeknd,The Weeknd,20260909,4151,The_Weeknd,2026-10-05T05:05:14.242906+00:00,c8b03190-306c-4120-bb0b-6f2ebfc06ea9,2026-09-09,4151,96,exact
The Weeknd,The Weeknd,20260910,4211,The_Weeknd,2026-10-05T05:05:14.242906+00:00,c8b03190-306c-4120-bb0b-6f2ebfc06ea9,2026-09-10,4211,97,exact
The Weeknd,The Weeknd,20260911,4182,The_Weeknd,2026-10-05T05:05:14.242906+00:00,c8b03190-306c-4120-bb0b-6f2ebfc06ea9,2026-09-11,4182,98,exact
The Weeknd,The Weeknd,20260912,4147,The_Weeknd,2026-10-05T05:05:14.242906+00:00,c8b03190-306c-4120-bb0b-6f2ebfc06ea9,2026-09-12,4147,99,exact
The Weeknd,The Weeknd,20260913,4228,The_Weeknd,2026-10-05T05:05:14.242906+00:00,c8b03190-306c-4120-bb0b-6f2ebfc06ea9,2026-09-13,4228,100,exact
The Weeknd,The Weeknd,20260914,4047,The_Weeknd,2026-10-05T05:05:14.242906+00:00,c8b03190-306c-4120-bb0b-6f2ebfc06ea9,2026-09-14,4047,101,exact
The Weeknd,The Weeknd,20260915,4158,The_Weeknd,2026-10-05T05:05:14.242906+00:00,c8b03190-306c-4120-bb0b-6f2ebfc06ea9,2026-09-15,4158,102,exact
The Weeknd,The Weeknd,20260916,4147,The_Weeknd,2026-10-05T05:05:14.242906+00:00,c8b03190-306c-4120-bb0b-6f2ebfc06ea9,2026-09-16,4147,103,exact
The Weeknd,The Weeknd,20260917,4257,The_Weeknd,2026-10-05T05:05:14.242906+00:00,c8b03190-306c-4120-bb0b-6f2ebfc06ea9,2026-09-17,4257,104,exact
The Weeknd,The Weeknd,20260918,4213,The_Weeknd,2026-10-05T05:05:14.242906+00:00,c8b03190-306c-4120-bb0b-6f2ebfc06ea9,2026-09-18,4213,105,exact
The Weeknd,The Weeknd,20260919,4770,The_Weeknd,2026-10-05T05:05:14.242906+00:00,c8b03190-306c-4120-bb0b-6f2ebfc06ea9,2026-09-19,4770,106,exact
The Weeknd,The Weeknd,20260920,5182,The_Weeknd,2026-10-05T05:05:14.242906+00:00,c8b03190-306c-4120-bb0b-6f2ebfc06ea9,2026-09-20,5182,107,exact
The Weeknd,The Weeknd,20260921,5142,The_Weeknd,2026-10-05T05:05:14.242906+00:00,c8b03190-306c-4120-bb0b-6f2ebfc06ea9,2026-09-21,5142,108,exact
The Weeknd,The Weeknd,20260922,4537,The_Weeknd,2026-10-05T05:05:14.242906+00:00,c8b03190-306c-4120-bb0b-6f2ebfc06ea9,2026-09-22,4537,109,exact
The Weeknd,The Weeknd,20260923,5908,The_Weeknd,2026-10-05T05:05:14.242906+00:00,c8b03190-306c-4120-bb0b-6f2ebfc06ea9,2026-09-23,5908,110,exact
The Weeknd,The Weeknd,20260924,4318,The_Weeknd,2026-10-05T05:05:14.242906+00:00,c8b03190-306c-4120-bb0b-6f2ebfc06ea9,2026-09-24,4318,111,exact
The Weeknd,The Weeknd,20260925,4648,The_Weeknd,2026-10-05T05:05:14.242906+00:00,c8b03190-306c-4120-bb0b-6f2ebfc06ea9,2026-09-25,4648,112,exact
The Weeknd,The Weeknd,20260926,5383,The_Weeknd,2026-10-05T05:05:14.242906+00:00,c8b03190-306c-4120-bb0b-6f2ebfc06ea9,2026-09-26,5383,113,exact
The Weeknd,The Weeknd,20260927,7378,The_Weeknd,2026-10-05T05:05:14.242906+00:00,c8b03190-306c-4120-bb0b-6f2ebfc06ea9,2026-09-27,7378,114,exact
The Weeknd,The Weeknd,20260928,7348,The_Weeknd,2026-10-05T05:05:14.242906+00:00,c8b03190-306c-4120-bb0b-6f2ebfc06ea9,2026-09-28,7348,115,exact
The Weeknd,The Weeknd,20260929,5807,The_Weeknd,2026-10-05T05:05:14.242906+00:00,c8b03190-306c-4120-bb0b-6f2ebfc06ea9,2026-09-29,5807,116,exact
The Weeknd,The Weeknd,20260930,4916,The_Weeknd,2026-10-05T05:05:14.242906+00:00,c8b03190-306c-4120-bb0b-6f2ebfc06ea9,2026-09-30,4916,117,exact
The Weeknd,The Weeknd,20261001,4742,The_Weeknd,2026-10-05T05:05:14.242906+00:00,c8b03190-306c-4120-bb0b-6f2ebfc06ea9,2026-10-01,4742,118,exact
The Weeknd,The Weeknd,20261002,6888,The_Weeknd,2026-10-05T05:05:14.242906+00:00,c8b03190-306c-4120-bb0b-6f2ebfc06ea9,2026-10-02,6888,119,exact
The Weeknd,The Weeknd,20261003,8407,The_Weeknd,2026-10-05T05:05:14.242906+00:00,c8b03190-306c-4120-bb0b-6f2ebfc06ea9,2026-10-03,8407,120,exact
The Weeknd,The Weeknd,20261004,6626,The_Weeknd,2026-10-05T05:05:14.242906+00:00,c8b03190-306c-4120-bb0b-6f2ebfc06ea9,2026-10-04,6626,121,exact
Adele,Adele,20260905,4076,Adele,2026-10-05T05:05:14.242906+00:00,cc2c9c3c-b7bc-4b8b-84d8-4fbd8779e493,2026-09-05,4076,122,exact
Adele,Adele,20260906,4350,Adele,2026-10-05T05:05:14.242906+00:00,cc2c9c3c-b7bc-4b8b-84d8-4fbd8779e493,2026-09-06,4350,123,exact
Adele,Adele,20260907,4032,Adele,2026-10-05T05:05:14.242906+00:00,cc2c9c3c-b7bc-4b8b-84d8-4fbd8779e493,2026-09-07,4032,124,exact
Adele,Adele,20260908,4180,Adele,2026-10-05T05:05:14.242906+00:00,cc2c9c3c-b7bc-4b8b-84d8-4fbd8779e493,2026-09-08,4180,125,exact
Adele,Adele,20260909,3722,Adele,2026-10-05T05:05:14.242906+00:00,cc2c9c3c-b7bc-4b8b-84d8-4fbd8779e493,2026-09-09,3722,126,exact
Adele,Adele,20260910,3624,Adele,2026-10-05T05:05:14.242906+00:00,cc2c9c3c-b7bc-4b8b-84d8-4fbd8779e493,2026-09-10,3624,127,exact
Adele,Adele,20260911,3532,Adele,2026-10-05T05:05:14.242906+00:00,cc2c9c3c-b7bc-4b8b-84d8-4fbd8779e493,2026-09-11,3532,128,exact
Adele,Adele,20260912,4678,Adele,2026-10-05T05:05:14.242906+00:00,cc2c9c3c-b7bc-4b8b-84d8-4fbd8779e493,2026-09-12,4678,129,exact
Adele,Adele,20260913,4948,Adele,2026-10-05T05:05:14.242906+00:00,cc2c9c3c-b7bc-4b8b-84d8-4fbd8779e493,2026-09-13,4948,130,exact
Adele,Adele,20260914,4468,Adele,2026-10-05T05:05:14.242906+00:00,cc2c9c3c-b7bc-4b8b-84d8-4fbd8779e493,2026-09-14,4468,131,exact
Adele,Adele,20260915,3836,Adele,2026-10-05T05:05:14.242906+00:00,cc2c9c3c-b7bc-4b8b-84d8-4fbd8779e493,2026-09-15,3836,132,exact
Adele,Adele,20260916,3871,Adele,2026-10-05T05:05:14.242906+00:00,cc2c9c3c-b7bc-4b8b-84d8-4fbd8779e493,2026-09-16,3871,133,exact
Adele,Adele,20260917,4203,Adele,2026-10-05T05:05:14.242906+00:00,cc2c9c3c-b7bc-4b8b-84d8-4fbd8779e493,2026-09-17,4203,134,exact
Adele,Adele,20260918,4145,Adele,2026-10-05T05:05:14.242906+00:00,cc2c9c3c-b7bc-4b8b-84d8-4fbd8779e493,2026-09-18,4145,135,exact
Adele,Adele,20260919,4269,Adele,2026-10-05T05:05:14.242906+00:00,cc2c9c3c-b7bc-4b8b-84d8-4fbd8779e493,2026-09-19,4269,136,exact
Adele,Adele,20260920,4655,Adele,2026-10-05T05:05:14.242906+00:00,cc2c9c3c-b7bc-4b8b-84d8-4fbd8779e493,2026-09-20,4655,137,exact
Adele,Adele,20260921,4729,Adele,2026-10-05T05:05:14.242906+00:00,cc2c9c3c-b7bc-4b8b-84d8-4fbd8779e493,2026-09-21,4729,138,exact
Adele,Adele,20260922,3833,Adele,2026-10-05T05:05:14.242906+00:00,cc2c9c3c-b7bc-4b8b-84d8-4fbd8779e493,2026-09-22,3833,139,exact
Adele,Adele,20260923,3990,Adele,2026-10-05T05:05:14.242906+00:00,cc2c9c3c-b7bc-4b8b-84d8-4fbd8779e493,2026-09-23,3990,140,exact
Adele,Adele,20260924,3970,Adele,2026-10-05T05:05:14.242906+00:00,cc2c9c3c-b7bc-4b8b-84d8-4fbd8779e493,2026-09-24,3970,141,exact
Adele,Adele,20260925,4229,Adele,2026-10-05T05:05:14.242906+00:00,cc2c9c3c-b7bc-4b8b-84d8-4fbd8779e493,2026-09-25,4229,142,exact
Adele,Adele,20260926,4396,Adele,2026-10-05T05:05:14.242906+00:00,cc2c9c3c-b7bc-4b8b-84d8-4fbd8779e493,2026-09-26,4396,143,exact
Adele,Adele,20260927,4856,Adele,2026-10-05T05:05:14.242906+00:00,cc2c9c3c-b7bc-4b8b-84d8-4fbd8779e493,2026-09-27,4856,144,exact
Adele,Adele,20260928,4783,Adele,2026-10-05T05:05:14.242906+00:00,cc2c9c3c-b7bc-4b8b-84d8-4fbd8779e493,2026-09-28,4783,145,exact
Adele,Adele,20260929,4425,Adele,2026-10-05T05:05:14.242906+00:00,cc2c9c3c-b7bc-4b8b-84d8-4fbd8779e493,2026-09-29,4425,146,exact
Adele,Adele,20260930,3788,Adele,2026-10-05T05:05:14.242906+00:00,cc2c9c3c-b7bc-4b8b-84d8-4fbd8779e493,2026-09-30,3788,147,exact
Adele,Adele,20261001,3650,Adele,2026-10-05T05:05:14.242906+00:00,cc2c9c3c-b7bc-4b8b-84d8-4fbd8779e493,2026-10-01,3650,148,exact
Adele,Adele,20261002,3975,Adele,2026-10-05T05:05:14.242906+00:00,cc2c9c3c-b7bc-4b8b-84d8-4fbd8779e493,2026-10-02,3975,149,exact
Adele,Adele,20261003,4199,Adele,2026-10-05T05:05:14.242906+00:00,cc2c9c3c-b7bc-4b8b-84d8-4fbd8779e493,2026-10-03,4199,150,exact
Adele,Adele,20261004,4292,Adele,2026-10-05T05:05:14.242906+00:00,cc2c9c3c-b7bc-4b8b-84d8-4fbd8779e493,2026-10-04,4292,151,exact
Ed Sheeran,Ed Sheeran,20260905,7765,Ed_Sheeran,2026-10-05T05:05:14.242906+00:00,b8a7c51f-362c-4dcb-a259-bc6e0095f0a6,2026-09-05,7765,152,exact
Ed Sheeran,Ed Sheeran,20260906,8229,Ed_Sheeran,2026-10-05T05:05:14.242906+00:00,b8a7c51f-362c-4dcb-a259-bc6e0095f0a6,2026-09-06,8229,153,exact
Ed Sheeran,Ed Sheeran,20260907,8750,Ed_Sheeran,2026-10-05T05:05:14.242906+00:00,b8a7c51f-362c-4dcb-a259-bc6e0095f0a6,2026-09-07,8750,154,exact
Ed Sheeran,Ed Sheeran,20260908,6746,Ed_Sheeran,2026-10-05T05:05:14.242906+00:00,b8a7c51f-362c-4dcb-a259-bc6e0095f0a6,2026-09-08,6746,155,exact
Ed Sheeran,Ed Sheeran,20260909,5091,Ed_Sheeran,2026-10-05T05:05:14.242906+00:00,b8a7c51f-362c-4dcb-a259-bc6e0095f0a6,2026-09-09,5091,156,exact
Ed Sheeran,Ed Sheeran,20260910,4403,Ed_Sheeran,2026-10-05T05:05:14.242906+00:00,b8a7c51f-362c-4dcb-a259-bc6e0095f0a6,2026-09-10,4403,157,exact
Ed Sheeran,Ed Sheeran,20260911,4155,Ed_Sheeran,2026-10-05T05:05:14.242906+00:00,b8a7c51f-362c-4dcb-a259-bc6e0095f0a6,2026-09-11,4155,158,exact
Ed Sheeran,Ed Sheeran,20260912,4383,Ed_Sheeran,2026-10-05T05:05:14.242906+00:00,b8a7c51f-362c-4dcb-a259-bc6e0095f0a6,2026-09-12,4383,159,exact
Ed Sheeran,Ed Sheeran,20260913,4454,Ed_Sheeran,2026-10-05T05:05:14.242906+00:00,b8a7c51f-362c-4dcb-a259-bc6e0095f0a6,2026-09-13,4454,160,exact
Ed Sheeran,Ed Sheeran,20260914,23289,Ed_Sheeran,2026-10-05T05:05:14.242906+00:00,b8a7c51f-362c-4dcb-a259-bc6e0095f0a6,2026-09-14,23289,161,exact
Ed Sheeran,Ed Sheeran,20260915,90245,Ed_Sheeran,2026-10-05T05:05:14.242906+00:00,b8a7c51f-362c-4dcb-a259-bc6e0095f0a6,2026-09-15,90245,162,exact
Ed Sheeran,Ed Sheeran,20260916,155393,Ed_Sheeran,2026-10-05T05:05:14.242906+00:00,b8a7c51f-362c-4dcb-a259-bc6e0095f0a6,2026-09-16,155393,163,exact
Ed Sheeran,Ed Sheeran,20260917,93349,Ed_Sheeran,2026-10-05T05:05:14.242906+00:00,b8a7c51f-362c-4dcb-a259-bc6e0095f0a6,2026-09-17,93349,164,exact
Ed Sheeran,Ed Sheeran,20260918,61087,Ed_Sheeran,2026-10-05T05:05:14.242906+00:00,b8a7c51f-362c-4dcb-a259-bc6e0095f0a6,2026-09-18,61087,165,exact
Ed Sheeran,Ed Sheeran,20260919,45359,Ed_Sheeran,2026-10-05T05:05:14.242906+00:00,b8a7c51f-362c-4dcb-a259-bc6e0095f0a6,2026-09-19,45359,166,exact
Ed Sheeran,Ed Sheeran,20260920,75555,Ed_Sheeran,2026-10-05T05:05:14.242906+00:00,b8a7c51f-362c-4dcb-a259-bc6e0095f0a6,2026-09-20,75555,167,exact
Ed Sheeran,Ed Sheeran,20260921,48378,Ed_Sheeran,2026-10-05T05:05:14.242906+00:00,b8a7c51f-362c-4dcb-a259-bc6e0095f0a6,2026-09-21,48378,168,exact
Ed Sheeran,Ed Sheeran,20260922,27305,Ed_Sheeran,2026-10-05T05:05:14.242906+00:00,b8a7c51f-362c-4dcb-a259-bc6e0095f0a6,2026-09-22,27305,169,exact
Ed Sheeran,Ed Sheeran,20260923,16400,Ed_Sheeran,2026-10-05T05:05:14.242906+00:00,b8a7c51f-362c-4dcb-a259-bc6e0095f0a6,2026-09-23,16400,170,exact
Ed Sheeran,Ed Sheeran,20260924,14059,Ed_Sheeran,2026-10-05T05:05:14.242906+00:00,b8a7c51f-362c-4dcb-a259-bc6e0095f0a6,2026-09-24,14059,171,exact
Ed Sheeran,Ed Sheeran,20260925,15494,Ed_Sheeran,2026-10-05T05:05:14.242906+00:00,b8a7c51f-362c-4dcb-a259-bc6e0095f0a6,2026-09-25,15494,172,exact
Ed Sheeran,Ed Sheeran,20260926,13239,Ed_Sheeran,2026-10-05T05:05:14.242906+00:00,b8a7c51f-362c-4dcb-a259-bc6e0095f0a6,2026-09-26,13239,173,exact
Ed Sheeran,Ed Sheeran,20260927,10696,Ed_Sheeran,2026-10-05T05:05:14.242906+00:00,b8a7c51f-362c-4dcb-a259-bc6e0095f0a6,2026-09-27,10696,174,exact
Ed Sheeran,Ed Sheeran,20260928,8798,Ed_Sheeran,2026-10-05T05:05:14.242906+00:00,b8a7c51f-362c-4dcb-a259-bc6e0095f0a6,2026-09-28,8798,175,exact
Ed Sheeran,Ed Sheeran,20260929,6604,Ed_Sheeran,2026-10-05T05:05:14.242906+00:00,b8a7c51f-362c-4dcb-a259-bc6e0095f0a6,2026-09-29,6604,176,exact
Ed Sheeran,Ed Sheeran,20260930,5489,Ed_Sheeran,2026-10-05T05:05:14.242906+00:00,b8a7c51f-362c-4dcb-a259-bc6e0095f0a6,2026-09-30,5489,177,exact
Ed Sheeran,Ed Sheeran,20261001,5935,Ed_Sheeran,2026-10-05T05:05:14.242906+00:00,b8a7c51f-362c-4dcb-a259-bc6e0095f0a6,2026-10-01,5935,178,exact
Ed Sheeran,Ed Sheeran,20261002,6081,Ed_Sheeran,2026-10-05T05:05:14.242906+00:00,b8a7c51f-362c-4dcb-a259-bc6e0095f0a6,2026-10-02,6081,179,exact
Ed Sheeran,Ed Sheeran,20261003,6137,Ed_Sheeran,2026-10-05T05:05:14.242906+00:00,b8a7c51f-362c-4dcb-a259-bc6e0095f0a6,2026-10-03,6137,180,exact
Ed Sheeran,Ed Sheeran,20261004,7179,Ed_Sheeran,2026-10-05T05:05:14.242906+00:00,b8a7c51f-362c-4dcb-a259-bc6e0095f0a6,2026-10-04,7179,181,exact
Billie Eilish,Billie Eilish,20260905,8769,Billie_Eilish,2026-10-05T05:05:14.242906+00:00,f4abc0b5-3f7a-4eff-8f78-ac078dbce533,2026-09-05,8769,182,exact
Billie Eilish,Billie Eilish,20260906,7399,Billie_Eilish,2026-10-05T05:05:14.242906+00:00,f4abc0b5-3f7a-4eff-8f78-ac078dbce533,2026-09-06,7399,183,exact
Billie Eilish,Billie Eilish,20260907,5897,Billie_Eilish,2026-10-05T05:05:14.242906+00:00,f4abc0b5-3f7a-4eff-8f78-ac078dbce533,2026-09-07,5897,184,exact
Billie Eilish,Billie Eilish,20260908,6093,Billie_Eilish,2026-10-05T05:05:14.242906+00:00,f4abc0b5-3f7a-4eff-8f78-ac078dbce533,2026-09-08,6093,185,exact
Billie Eilish,Billie Eilish,20260909,5729,Billie_Eilish,2026-10-05T05:05:14.242906+00:00,f4abc0b5-3f7a-4eff-8f78-ac078dbce533,2026-09-09,5729,186,exact
Billie Eilish,Billie Eilish,20260910,5272,Billie_Eilish,2026-10-05T05:05:14.242906+00:00,f4abc0b5-3f7a-4eff-8f78-ac078dbce533,2026-09-10,5272,187,exact
Billie Eilish,Billie Eilish,20260911,5158,Billie_Eilish,2026-10-05T05:05:14.242906+00:00,f4abc0b5-3f7a-4eff-8f78-ac078dbce533,2026-09-11,5158,188,exact
Billie Eilish,Billie Eilish,20260912,5451,Billie_Eilish,2026-10-05T05:05:14.242906+00:00,f4abc0b5-3f7a-4eff-8f78-ac078dbce533,2026-09-12,5451,189,exact
Billie Eilish,Billie Eilish,20260913,5582,Billie_Eilish,2026-10-05T05:05:14.242906+00:00,f4abc0b5-3f7a-4eff-8f78-ac078dbce533,2026-09-13,5582,190,exact
Billie Eilish,Billie Eilish,20260914,5283,Billie_Eilish,2026-10-05T05:05:14.242906+00:00,f4abc0b5-3f7a-4eff-8f78-ac078dbce533,2026-09-14,5283,191,exact
Billie Eilish,Billie Eilish,20260915,11406,Billie_Eilish,2026-10-05T05:05:14.242906+00:00,f4abc0b5-3f7a-4eff-8f78-ac078dbce533,2026-09-15,11406,192,exact
Billie Eilish,Billie Eilish,20260916,18009,Billie_Eilish,2026-10-05T05:05:14.242906+00:00,f4abc0b5-3f7a-4eff-8f78-ac078dbce533,2026-09-16,18009,193,exact
Billie Eilish,Billie Eilish,20260917,9032,Billie_Eilish,2026-10-05T05:05:14.242906+00:00,f4abc0b5-3f7a-4eff-8f78-ac078dbce533,2026-09-17,9032,194,exact
Billie Eilish,Billie Eilish,20260918,7049,Billie_Eilish,2026-10-05T05:05:14.242906+00:00,f4abc0b5-3f7a-4eff-8f78-ac078dbce533,2026-09-18,7049,195,exact
Billie Eilish,Billie Eilish,20260919,6957,Billie_Eilish,2026-10-05T05:05:14.242906+00:00,f4abc0b5-3f7a-4eff-8f78-ac078dbce533,2026-09-19,6957,196,exact
Billie Eilish,Billie Eilish,20260920,7127,Billie_Eilish,2026-10-05T05:05:14.242906+00:00,f4abc0b5-3f7a-4eff-8f78-ac078dbce533,2026-09-20,7127,197,exact
Billie Eilish,Billie Eilish,20260921,5857,Billie_Eilish,2026-10-05T05:05:14.242906+00:00,f4abc0b5-3f7a-4eff-8f78-ac078dbce533,2026-09-21,5857,198,exact
Billie Eilish,Billie Eilish,20260922,5537,Billie_Eilish,2026-10-05T05:05:14.242906+00:00,f4abc0b5-3f7a-4eff-8f78-ac078dbce533,2026-09-22,5537,199,exact
Billie Eilish,Billie Eilish,20260923,5555,Billie_Eilish,2026-10-05T05:05:14.242906+00:00,f4abc0b5-3f7a-4eff-8f78-ac078dbce533,2026-09-23,5555,200,exact
Billie Eilish,Billie Eilish,20260924,5247,Billie_Eilish,2026-10-05T05:05:14.242906+00:00,f4abc0b5-3f7a-4eff-8f78-ac078dbce533,2026-09-24,5247,201,exact
Billie Eilish,Billie Eilish,20260925,5103,Billie_Eilish,2026-10-05T05:05:14.242906+00:00,f4abc0b5-3f7a-4eff-8f78-ac078dbce533,2026-09-25,5103,202,exact
Billie Eilish,Billie Eilish,20260926,5336,Billie_Eilish,2026-10-05T05:05:14.242906+00:00,f4abc0b5-3f7a-4eff-8f78-ac078dbce533,2026-09-26,5336,203,exact
Billie Eilish,Billie Eilish,20260927,5071,Billie_Eilish,2026-10-05T05:05:14.242906+00:00,f4abc0b5-3f7a-4eff-8f78-ac078dbce533,2026-09-27,5071,204,exact
Billie Eilish,Billie Eilish,20260928,4827,Billie_Eilish,2026-10-05T05:05:14.242906+00:00,f4abc0b5-3f7a-4eff-8f78-ac078dbce533,2026-09-28,4827,205,exact
Billie Eilish,Billie Eilish,20260929,4865,Billie_Eilish,2026-10-05T05:05:14.242906+00:00,f4abc0b5-3f7a-4eff-8f78-ac078dbce533,2026-09-29,4865,206,exact
Billie Eilish,Billie Eilish,20260930,5095,Billie_Eilish,2026-10-05T05:05:14.242906+00:00,f4abc0b5-3f7a-4eff-8f78-ac078dbce533,2026-09-30,5095,207,exact
Billie Eilish,Billie Eilish,20261001,4804,Billie_Eilish,2026-10-05T05:05:14.242906+00:00,f4abc0b5-3f7a-4eff-8f78-ac078dbce533,2026-10-01,4804,208,exact
Billie Eilish,Billie Eilish,20261002,4657,Billie_Eilish,2026-10-05T05:05:14.242906+00:00,f4abc0b5-3f7a-4eff-8f78-ac078dbce533,2026-10-02,4657,209,exact
Billie Eilish,Billie Eilish,20261003,4906,Billie_Eilish,2026-10-05T05:05:14.242906+00:00,f4abc0b5-3f7a-4eff-8f78-ac078dbce533,2026-10-03,4906,210,exact
Billie Eilish,Billie Eilish,20261004,4723,Billie_Eilish,2026-10-05T05:05:14.242906+00:00,f4abc0b5-3f7a-4eff-8f78-ac078dbce533,2026-10-04,4723,211,exact
Lady Gaga,Lady Gaga,20260905,8553,Lady_Gaga,2026-10-05T05:05:14.242906+00:00,650e7db6-b795-4eb5-a702-5ea2fc46c848,2026-09-05,8553,212,exact
Lady Gaga,Lady Gaga,20260906,7617,Lady_Gaga,2026-10-05T05:05:14.242906+00:00,650e7db6-b795-4eb5-a702-5ea2fc46c848,2026-09-06,7617,213,exact
Lady Gaga,Lady Gaga,20260907,6988,Lady_Gaga,2026-10-05T05:05:14.242906+00:00,650e7db6-b795-4eb5-a702-5ea2fc46c848,2026-09-07,6988,214,exact
Lady Gaga,Lady Gaga,20260908,6396,Lady_Gaga,2026-10-05T05:05:14.242906+00:00,650e7db6-b795-4eb5-a702-5ea2fc46c848,2026-09-08,6396,215,exact
Lady Gaga,Lady Gaga,20260909,7901,Lady_Gaga,2026-10-05T05:05:14.242906+00:00,650e7db6-b795-4eb5-a702-5ea2fc46c848,2026-09-09,7901,216,exact
Lady Gaga,Lady Gaga,20260910,6967,Lady_Gaga,2026-10-05T05:05:14.242906+00:00,650e7db6-b795-4eb5-a702-5ea2fc46c848,2026-09-10,6967,217,exact
Lady Gaga,Lady Gaga,20260911,7015,Lady_Gaga,2026-10-05T05:05:14.242906+00:00,650e7db6-b795-4eb5-a702-5ea2fc46c848,2026-09-11,7015,218,exact
Lady Gaga,Lady Gaga,20260912,227999,Lady_Gaga,2026-10-05T05:05:14.242906+00:00,650e7db6-b795-4eb5-a702-5ea2fc46c848,2026-09-12,227999,219,exact
Lady Gaga,Lady Gaga,20260913,78807,Lady_Gaga,2026-10-05T05:05:14.242906+00:00,650e7db6-b795-4eb5-a702-5ea2fc46c848,2026-09-13,78807,220,exact
Lady Gaga,Lady Gaga,20260914,45273,Lady_Gaga,2026-10-05T05:05:14.242906+00:00,650e7db6-b795-4eb5-a702-5ea2fc46c848,2026-09-14,45273,221,exact
Lady Gaga,Lady Gaga,20260915,25038,Lady_Gaga,2026-10-05T05:05:14.242906+00:00,650e7db6-b795-4eb5-a702-5ea2fc46c848,2026-09-15,25038,222,exact
Lady Gaga,Lady Gaga,20260916,18498,Lady_Gaga,2026-10-05T05:05:14.242906+00:00,650e7db6-b795-4eb5-a702-5ea2fc46c848,2026-09-16,18498,223,exact
Lady Gaga,Lady Gaga,20260917,28416,Lady_Gaga,2026-10-05T05:05:14.242906+00:00,650e7db6-b795-4eb5-a702-5ea2fc46c848,2026-09-17,28416,224,exact
Lady Gaga,Lady Gaga,20260918,44005,Lady_Gaga,2026-10-05T05:05:14.242906+00:00,650e7db6-b795-4eb5-a702-5ea2fc46c848,2026-09-18,44005,225,exact
Lady Gaga,Lady Gaga,20260919,23211,Lady_Gaga,2026-10-05T05:05:14.242906+00:00,650e7db6-b795-4eb5-a702-5ea2fc46c848,2026-09-19,23211,226,exact
Lady Gaga,Lady Gaga,20260920,17400,Lady_Gaga,2026-10-05T05:05:14.242906+00:00,650e7db6-b795-4eb5-a702-5ea2fc46c848,2026-09-20,17400,227,exact
Lady Gaga,Lady Gaga,20260921,12566,Lady_Gaga,2026-10-05T05:05:14.242906+00:00,650e7db6-b795-4eb5-a702-5ea2fc46c848,2026-09-21,12566,228,exact
Lady Gaga,Lady Gaga,20260922,10615,Lady_Gaga,2026-10-05T05:05:14.242906+00:00,650e7db6-b795-4eb5-a702-5ea2fc46c848,2026-09-22,10615,229,exact
Lady Gaga,Lady Gaga,20260923,10431,Lady_Gaga,2026-10-05T05:05:14.242906+00:00,650e7db6-b795-4eb5-a702-5ea2fc46c848,2026-09-23,10431,230,exact
Lady Gaga,Lady Gaga,20260924,10422,Lady_Gaga,2026-10-05T05:05:14.242906+00:00,650e7db6-b795-4eb5-a702-5ea2fc46c848,2026-09-24,10422,231,exact
Lady Gaga,Lady Gaga,20260925,10023,Lady_Gaga,2026-10-05T05:05:14.242906+00:00,650e7db6-b795-4eb5-a702-5ea2fc46c848,2026-09-25,10023,232,exact
Lady Gaga,Lady Gaga,20260926,10376,Lady_Gaga,2026-10-05T05:05:14.242906+00:00,650e7db6-b795-4eb5-a702-5ea2fc46c848,2026-09-26,10376,233,exact
Lady Gaga,Lady Gaga,20260927,10096,Lady_Gaga,2026-10-05T05:05:14.242906+00:00,650e7db6-b795-4eb5-a702-5ea2fc46c848,2026-09-27,10096,234,exact
Lady Gaga,Lady Gaga,20260928,9255,Lady_Gaga,2026-10-05T05:05:14.242906+00:00,650e7db6-b795-4eb5-a702-5ea2fc46c848,2026-09-28,9255,235,exact
Lady Gaga,Lady Gaga,20260929,7667,Lady_Gaga,2026-10-05T05:05:14.242906+00:00,650e7db6-b795-4eb5-a702-5ea2fc46c848,2026-09-29,7667,236,exact
Lady Gaga,Lady Gaga,20260930,7722,Lady_Gaga,2026-10-05T05:05:14.242906+00:00,650e7db6-b795-4eb5-a702-5ea2fc46c848,2026-09-30,7722,237,exact
Lady Gaga,Lady Gaga,20261001,8144,Lady_Gaga,2026-10-05T05:05:14.242906+00:00,650e7db6-b795-4eb5-a702-5ea2fc46c848,2026-10-01,8144,238,exact
Lady Gaga,Lady Gaga,20261002,8470,Lady_Gaga,2026-10-05T05:05:14.242906+00:00,650e7db6-b795-4eb5-a702-5ea2fc46c848,2026-10-02,8470,239,exact
Lady Gaga,Lady Gaga,20261003,9033,Lady_Gaga,2026-10-05T05:05:14.242906+00:00,650e7db6-b795-4eb5-a702-5ea2fc46c848,2026-10-03,9033,240,exact
Lady Gaga,Lady Gaga,20261004,8636,Lady_Gaga,2026-10-05T05:05:14.242906+00:00,650e7db6-b795-4eb5-a702-5ea2fc46c848,2026-10-04,8636,241,exact
Michael Jackson,Michael Jackson,20260905,36430,Michael_Jackson,2026-10-05T05:05:14.242906+00:00,f27ec8db-af05-4f36-916e-3d57f91ecf5e,2026-09-05,36430,242,exact
Michael Jackson,Michael Jackson,20260906,37676,Michael_Jackson,2026-10-05T05:05:14.242906+00:00,f27ec8db-af05-4f36-916e-3d57f91ecf5e,2026-09-06,37676,243,exact
Michael Jackson,Michael Jackson,20260907,31571,Michael_Jackson,2026-10-05T05:05:14.242906+00:00,f27ec8db-af05-4f36-916e-3d57f91ecf5e,2026-09-07,31571,244,exact
Michael Jackson,Michael Jackson,20260908,27360,Michael_Jackson,2026-10-05T05:05:14.242906+00:00,f27ec8db-af05-4f36-916e-3d57f91ecf5e,2026-09-08,27360,245,exact
Michael Jackson,Michael Jackson,20260909,24984,Michael_Jackson,2026-10-05T05:05:14.242906+00:00,f27ec8db-af05-4f36-916e-3d57f91ecf5e,2026-09-09,24984,246,exact
Michael Jackson,Michael Jackson,20260910,28463,Michael_Jackson,2026-10-05T05:05:14.242906+00:00,f27ec8db-af05-4f36-916e-3d57f91ecf5e,2026-09-10,28463,247,exact
Michael Jackson,Michael Jackson,20260911,26750,Michael_Jackson,2026-10-05T05:05:14.242906+00:00,f27ec8db-af05-4f36-916e-3d57f91ecf5e,2026-09-11,26750,248,exact
Michael Jackson,Michael Jackson,20260912,30535,Michael_Jackson,2026-10-05T05:05:14.242906+00:00,f27ec8db-af05-4f36-916e-3d57f91ecf5e,2026-09-12,30535,249,exact
Michael Jackson,Michael Jackson,20260913,30407,Michael_Jackson,2026-10-05T05:05:14.242906+00:00,f27ec8db-af05-4f36-916e-3d57f91ecf5e,2026-09-13,30407,250,exact
Michael Jackson,Michael Jackson,20260914,25396,Michael_Jackson,2026-10-05T05:05:14.242906+00:00,f27ec8db-af05-4f36-916e-3d57f91ecf5e,2026-09-14,25396,251,exact
Michael Jackson,Michael Jackson,20260915,23465,Michael_Jackson,2026-10-05T05:05:14.242906+00:00,f27ec8db-af05-4f36-916e-3d57f91ecf5e,2026-09-15,23465,252,exact
Michael Jackson,Michael Jackson,20260916,23011,Michael_Jackson,2026-10-05T05:05:14.242906+00:00,f27ec8db-af05-4f36-916e-3d57f91ecf5e,2026-09-16,23011,253,exact
Michael Jackson,Michael Jackson,20260917,22407,Michael_Jackson,2026-10-05T05:05:14.242906+00:00,f27ec8db-af05-4f36-916e-3d57f91ecf5e,2026-09-17,22407,254,exact
Michael Jackson,Michael Jackson,20260918,24325,Michael_Jackson,2026-10-05T05:05:14.242906+00:00,f27ec8db-af05-4f36-916e-3d57f91ecf5e,2026-09-18,24325,255,exact
Michael Jackson,Michael Jackson,20260919,26138,Michael_Jackson,2026-10-05T05:05:14.242906+00:00,f27ec8db-af05-4f36-916e-3d57f91ecf5e,2026-09-19,26138,256,exact
Michael Jackson,Michael Jackson,20260920,26555,Michael_Jackson,2026-10-05T05:05:14.242906+00:00,f27ec8db-af05-4f36-916e-3d57f91ecf5e,2026-09-20,26555,257,exact
Michael Jackson,Michael Jackson,20260921,21897,Michael_Jackson,2026-10-05T05:05:14.242906+00:00,f27ec8db-af05-4f36-916e-3d57f91ecf5e,2026-09-21,21897,258,exact
Michael Jackson,Michael Jackson,20260922,20575,Michael_Jackson,2026-10-05T05:05:14.242906+00:00,f27ec8db-af05-4f36-916e-3d57f91ecf5e,2026-09-22,20575,259,exact
Michael Jackson,Michael Jackson,20260923,21026,Michael_Jackson,2026-10-05T05:05:14.242906+00:00,f27ec8db-af05-4f36-916e-3d57f91ecf5e,2026-09-23,21026,260,exact
Michael Jackson,Michael Jackson,20260924,20743,Michael_Jackson,2026-10-05T05:05:14.242906+00:00,f27ec8db-af05-4f36-916e-3d57f91ecf5e,2026-09-24,20743,261,exact
Michael Jackson,Michael Jackson,20260925,22001,Michael_Jackson,2026-10-05T05:05:14.242906+00:00,f27ec8db-af05-4f36-916e-3d57f91ecf5e,2026-09-25,22001,262,exact
Michael Jackson,Michael Jackson,20260926,24851,Michael_Jackson,2026-10-05T05:05:14.242906+00:00,f27ec8db-af05-4f36-916e-3d57f91ecf5e,2026-09-26,24851,263,exact
Michael Jackson,Michael Jackson,20260927,26472,Michael_Jackson,2026-10-05T05:05:14.242906+00:00,f27ec8db-af05-4f36-916e-3d57f91ecf5e,2026-09-27,26472,264,exact
Michael Jackson,Michael Jackson,20260928,21411,Michael_Jackson,2026-10-05T05:05:14.242906+00:00,f27ec8db-af05-4f36-916e-3d57f91ecf5e,2026-09-28,21411,265,exact
Michael Jackson,Michael Jackson,20260929,20775,Michael_Jackson,2026-10-05T05:05:14.242906+00:00,f27ec8db-af05-4f36-916e-3d57f91ecf5e,2026-09-29,20775,266,exact
Michael Jackson,Michael Jackson,20260930,19843,Michael_Jackson,2026-10-05T05:05:14.242906+00:00,f27ec8db-af05-4f36-916e-3d57f91ecf5e,2026-09-30,19843,267,exact
Michael Jackson,Michael Jackson,20261001,19025,Michael_Jackson,2026-10-05T05:05:14.242906+00:00,f27ec8db-af05-4f36-916e-3d57f91ecf5e,2026-10-01,19025,268,exact
Michael Jackson,Michael Jackson,20261002,20120,Michael_Jackson,2026-10-05T05:05:14.242906+00:00,f27ec8db-af05-4f36-916e-3d57f91ecf5e,2026-10-02,20120,269,exact
Michael Jackson,Michael Jackson,20261003,22153,Michael_Jackson,2026-10-05T05:05:14.242906+00:00,f27ec8db-af05-4f36-916e-3d57f91ecf5e,2026-10-03,22153,270,exact
Michael Jackson,Michael Jackson,20261004,21539,Michael_Jackson,2026-10-05T05:05:14.242906+00:00,f27ec8db-af05-4f36-916e-3d57f91ecf5e,2026-10-04,21539,271,exact
Queen,Queen,20260905,347,Queen,2026-10-05T05:05:14.242906+00:00,0383dadf-2a4e-4d10-a46a-e9e041da8eb3,2026-09-05,347,272,exact
Queen,Queen,20260906,218,Queen,2026-10-05T05:05:14.242906+00:00,0383dadf-2a4e-4d10-a46a-e9e041da8eb3,2026-09-06,218,273,exact
Queen,Queen,20260907,199,Queen,2026-10-05T05:05:14.242906+00:00,0383dadf-2a4e-4d10-a46a-e9e041da8eb3,2026-09-07,199,274,exact
Queen,Queen,20260908,173,Queen,2026-10-05T05:05:14.242906+00:00,0383dadf-2a4e-4d10-a46a-e9e041da8eb3,2026-09-08,173,275,exact
Queen,Queen,20260909,177,Queen,2026-10-05T05:05:14.242906+00:00,0383dadf-2a4e-4d10-a46a-e9e041da8eb3,2026-09-09,177,276,exact
Queen,Queen,20260910,203,Queen,2026-10-05T05:05:14.242906+00:00,0383dadf-2a4e-4d10-a46a-e9e041da8eb3,2026-09-10,203,277,exact
Queen,Queen,20260911,165,Queen,2026-10-05T05:05:14.242906+00:00,0383dadf-2a4e-4d10-a46a-e9e041da8eb3,2026-09-11,165,278,exact
Queen,Queen,20260912,172,Queen,2026-10-05T05:05:14.242906+00:00,0383dadf-2a4e-4d10-a46a-e9e041da8eb3,2026-09-12,172,279,exact
Queen,Queen,20260913,189,Queen,2026-10-05T05:05:14.242906+00:00,0383dadf-2a4e-4d10-a46a-e9e041da8eb3,2026-09-13,189,280,exact
Queen,Queen,20260914,180,Queen,2026-10-05T05:05:14.242906+00:00,0383dadf-2a4e-4d10-a46a-e9e041da8eb3,2026-09-14,180,281,exact
Queen,Queen,20260915,143,Queen,2026-10-05T05:05:14.242906+00:00,0383dadf-2a4e-4d10-a46a-e9e041da8eb3,2026-09-15,143,282,exact
Queen,Queen,20260916,119,Queen,2026-10-05T05:05:14.242906+00:00,0383dadf-2a4e-4d10-a46a-e9e041da8eb3,2026-09-16,119,283,exact
Queen,Queen,20260917,184,Queen,2026-10-05T05:05:14.242906+00:00,0383dadf-2a4e-4d10-a46a-e9e041da8eb3,2026-09-17,184,284,exact
Queen,Queen,20260918,185,Queen,2026-10-05T05:05:14.242906+00:00,0383dadf-2a4e-4d10-a46a-e9e041da8eb3,2026-09-18,185,285,exact
Queen,Queen,20260919,146,Queen,2026-10-05T05:05:14.242906+00:00,0383dadf-2a4e-4d10-a46a-e9e041da8eb3,2026-09-19,146,286,exact
Queen,Queen,20260920,181,Queen,2026-10-05T05:05:14.242906+00:00,0383dadf-2a4e-4d10-a46a-e9e041da8eb3,2026-09-20,181,287,exact
Queen,Queen,20260921,147,Queen,2026-10-05T05:05:14.242906+00:00,0383dadf-2a4e-4d10-a46a-e9e041da8eb3,2026-09-21,147,288,exact
Queen,Queen,20260922,126,Queen,2026-10-05T05:05:14.242906+00:00,0383dadf-2a4e-4d10-a46a-e9e041da8eb3,2026-09-22,126,289,exact
Queen,Queen,20260923,149,Queen,2026-10-05T05:05:14.242906+00:00,0383dadf-2a4e-4d10-a46a-e9e041da8eb3,2026-09-23,149,290,exact
Queen,Queen,20260924,159,Queen,2026-10-05T05:05:14.242906+00:00,0383dadf-2a4e-4d10-a46a-e9e041da8eb3,2026-09-24,159,291,exact
Queen,Queen,20260925,156,Queen,2026-10-05T05:05:14.242906+00:00,0383dadf-2a4e-4d10-a46a-e9e041da8eb3,2026-09-25,156,292,exact
Queen,Queen,20260926,159,Queen,2026-10-05T05:05:14.242906+00:00,0383dadf-2a4e-4d10-a46a-e9e041da8eb3,2026-09-26,159,293,exact
Queen,Queen,20260927,170,Queen,2026-10-05T05:05:14.242906+00:00,0383dadf-2a4e-4d10-a46a-e9e041da8eb3,2026-09-27,170,294,exact
Queen,Queen,20260928,169,Queen,2026-10-05T05:05:14.242906+00:00,0383dadf-2a4e-4d10-a46a-e9e041da8eb3,2026-09-28,169,295,exact
Queen,Queen,20260929,183,Queen,2026-10-05T05:05:14.242906+00:00,0383dadf-2a4e-4d10-a46a-e9e041da8eb3,2026-09-29,183,296,exact
Queen,Queen,20260930,168,Queen,2026-10-05T05:05:14.242906+00:00,0383dadf-2a4e-4d10-a46a-e9e041da8eb3,2026-09-30,168,297,exact
Queen,Queen,20261001,196,Queen,2026-10-05T05:05:14.242906+00:00,0383dadf-2a4e-4d10-a46a-e9e041da8eb3,2026-10-01,196,298,exact
Queen,Queen,20261002,194,Queen,2026-10-05T05:05:14.242906+00:00,0383dadf-2a4e-4d10-a46a-e9e041da8eb3,2026-10-02,194,299,exact
Queen,Queen,20261003,206,Queen,2026-10-05T05:05:14.242906+00:00,0383dadf-2a4e-4d10-a46a-e9e041da8eb3,2026-10-03,206,300,exact
Queen,Queen,20261004,178,Queen,2026-10-05T05:05:14.242906+00:00,0383dadf-2a4e-4d10-a46a-e9e041da8eb3,2026-10-04,178,301,exact
Rihanna,Rihanna,20260905,7992,Rihanna,2026-10-05T05:05:14.242906+00:00,73e5e69d-3554-40d8-8516-00cb38737a1c,2026-09-05,7992,302,exact
Rihanna,Rihanna,20260906,7041,Rihanna,2026-10-05T05:05:14.242906+00:00,73e5e69d-3554-40d8-8516-00cb38737a1c,2026-09-06,7041,303,exact
Rihanna,Rihanna,20260907,7361,Rihanna,2026-10-05T05:05:14.242906+00:00,73e5e69d-3554-40d8-8516-00cb38737a1c,2026-09-07,7361,304,exact
Rihanna,Rihanna,20260908,6781,Rihanna,2026-10-05T05:05:14.242906+00:00,73e5e69d-3554-40d8-8516-00cb38737a1c,2026-09-08,6781,305,exact
Rihanna,Rihanna,20260909,6352,Rihanna,2026-10-05T05:05:14.242906+00:00,73e5e69d-3554-40d8-8516-00cb38737a1c,2026-09-09,6352,306,exact
Rihanna,Rihanna,20260910,6065,Rihanna,2026-10-05T05:05:14.242906+00:00,73e5e69d-3554-40d8-8516-00cb38737a1c,2026-09-10,6065,307,exact
Rihanna,Rihanna,20260911,9046,Rihanna,2026-10-05T05:05:14.242906+00:00,73e5e69d-3554-40d8-8516-00cb38737a1c,2026-09-11,9046,308,exact
Rihanna,Rihanna,20260912,7877,Rihanna,2026-10-05T05:05:14.242906+00:00,73e5e69d-3554-40d8-8516-00cb38737a1c,2026-09-12,7877,309,exact
Rihanna,Rihanna,20260913,7175,Rihanna,2026-10-05T05:05:14.242906+00:00,73e5e69d-3554-40d8-8516-00cb38737a1c,2026-09-13,7175,310,exact
Rihanna,Rihanna,20260914,7530,Rihanna,2026-10-05T05:05:14.242906+00:00,73e5e69d-3554-40d8-8516-00cb38737a1c,2026-09-14,7530,311,exact
Rihanna,Rihanna,20260915,7235,Rihanna,2026-10-05T05:05:14.242906+00:00,73e5e69d-3554-40d8-8516-00cb38737a1c,2026-09-15,7235,312,exact
Rihanna,Rihanna,20260916,6577,Rihanna,2026-10-05T05:05:14.242906+00:00,73e5e69d-3554-40d8-8516-00cb38737a1c,2026-09-16,6577,313,exact
Rihanna,Rihanna,20260917,6703,Rihanna,2026-10-05T05:05:14.242906+00:00,73e5e69d-3554-40d8-8516-00cb38737a1c,2026-09-17,6703,314,exact
Rihanna,Rihanna,20260918,6792,Rihanna,2026-10-05T05:05:14.242906+00:00,73e5e69d-3554-40d8-8516-00cb38737a1c,2026-09-18,6792,315,exact
Rihanna,Rihanna,20260919,7494,Rihanna,2026-10-05T05:05:14.242906+00:00,73e5e69d-3554-40d8-8516-00cb38737a1c,2026-09-19,7494,316,exact
Rihanna,Rihanna,20260920,7154,Rihanna,2026-10-05T05:05:14.242906+00:00,73e5e69d-3554-40d8-8516-00cb38737a1c,2026-09-20,7154,317,exact
Rihanna,Rihanna,20260921,6390,Rihanna,2026-10-05T05:05:14.242906+00:00,73e5e69d-3554-40d8-8516-00cb38737a1c,2026-09-21,6390,318,exact
Rihanna,Rihanna,20260922,6223,Rihanna,2026-10-05T05:05:14.242906+00:00,73e5e69d-3554-40d8-8516-00cb38737a1c,2026-09-22,6223,319,exact
Rihanna,Rihanna,20260923,6000,Rihanna,2026-10-05T05:05:14.242906+00:00,73e5e69d-3554-40d8-8516-00cb38737a1c,2026-09-23,6000,320,exact
Rihanna,Rihanna,20260924,6271,Rihanna,2026-10-05T05:05:14.242906+00:00,73e5e69d-3554-40d8-8516-00cb38737a1c,2026-09-24,6271,321,exact
Rihanna,Rihanna,20260925,6593,Rihanna,2026-10-05T05:05:14.242906+00:00,73e5e69d-3554-40d8-8516-00cb38737a1c,2026-09-25,6593,322,exact
Rihanna,Rihanna,20260926,7374,Rihanna,2026-10-05T05:05:14.242906+00:00,73e5e69d-3554-40d8-8516-00cb38737a1c,2026-09-26,7374,323,exact
Rihanna,Rihanna,20260927,10457,Rihanna,2026-10-05T05:05:14.242906+00:00,73e5e69d-3554-40d8-8516-00cb38737a1c,2026-09-27,10457,324,exact
Rihanna,Rihanna,20260928,7988,Rihanna,2026-10-05T05:05:14.242906+00:00,73e5e69d-3554-40d8-8516-00cb38737a1c,2026-09-28,7988,325,exact
Rihanna,Rihanna,20260929,8116,Rihanna,2026-10-05T05:05:14.242906+00:00,73e5e69d-3554-40d8-8516-00cb38737a1c,2026-09-29,8116,326,exact
Rihanna,Rihanna,20260930,8294,Rihanna,2026-10-05T05:05:14.242906+00:00,73e5e69d-3554-40d8-8516-00cb38737a1c,2026-09-30,8294,327,exact
Rihanna,Rihanna,20261001,7621,Rihanna,2026-10-05T05:05:14.242906+00:00,73e5e69d-3554-40d8-8516-00cb38737a1c,2026-10-01,7621,328,exact
Rihanna,Rihanna,20261002,7404,Rihanna,2026-10-05T05:05:14.242906+00:00,73e5e69d-3554-40d8-8516-00cb38737a1c,2026-10-02,7404,329,exact
Rihanna,Rihanna,20261003,7907,Rihanna,2026-10-05T05:05:14.242906+00:00,73e5e69d-3554-40d8-8516-00cb38737a1c,2026-10-03,7907,330,exact
Rihanna,Rihanna,20261004,7263,Rihanna,2026-10-05T05:05:14.242906+00:00,73e5e69d-3554-40d8-8516-00cb38737a1c,2026-10-04,7263,331,exact
Drake,Drake,20260905,119,Drake,2026-10-05T05:05:14.242906+00:00,9fff2f8a-21e6-47de-a2b8-7f449929d43f,2026-09-05,119,332,exact
Drake,Drake,20260906,150,Drake,2026-10-05T05:05:14.242906+00:00,9fff2f8a-21e6-47de-a2b8-7f449929d43f,2026-09-06,150,333,exact
Drake,Drake,20260907,130,Drake,2026-10-05T05:05:14.242906+00:00,9fff2f8a-21e6-47de-a2b8-7f449929d43f,2026-09-07,130,334,exact
Drake,Drake,20260908,159,Drake,2026-10-05T05:05:14.242906+00:00,9fff2f8a-21e6-47de-a2b8-7f449929d43f,2026-09-08,159,335,exact
Drake,Drake,20260909,152,Drake,2026-10-05T05:05:14.242906+00:00,9fff2f8a-21e6-47de-a2b8-7f449929d43f,2026-09-09,152,336,exact
Drake,Drake,20260910,165,Drake,2026-10-05T05:05:14.242906+00:00,9fff2f8a-21e6-47de-a2b8-7f449929d43f,2026-09-10,165,337,exact
Drake,Drake,20260911,149,Drake,2026-10-05T05:05:14.242906+00:00,9fff2f8a-21e6-47de-a2b8-7f449929d43f,2026-09-11,149,338,exact
Drake,Drake,20260912,145,Drake,2026-10-05T05:05:14.242906+00:00,9fff2f8a-21e6-47de-a2b8-7f449929d43f,2026-09-12,145,339,exact
Drake,Drake,20260913,142,Drake,2026-10-05T05:05:14.242906+00:00,9fff2f8a-21e6-47de-a2b8-7f449929d43f,2026-09-13,142,340,exact
Drake,Drake,20260914,181,Drake,2026-10-05T05:05:14.242906+00:00,9fff2f8a-21e6-47de-a2b8-7f449929d43f,2026-09-14,181,341,exact
Drake,Drake,20260915,170,Drake,2026-10-05T05:05:14.242906+00:00,9fff2f8a-21e6-47de-a2b8-7f449929d43f,2026-09-15,170,342,exact
Drake,Drake,20260916,245,Drake,2026-10-05T05:05:14.242906+00:00,9fff2f8a-21e6-47de-a2b8-7f449929d43f,2026-09-16,245,343,exact
Drake,Drake,20260917,255,Drake,2026-10-05T05:05:14.242906+00:00,9fff2f8a-21e6-47de-a2b8-7f449929d43f,2026-09-17,255,344,exact
Drake,Drake,20260918,210,Drake,2026-10-05T05:05:14.242906+00:00,9fff2f8a-21e6-47de-a2b8-7f449929d43f,2026-09-18,210,345,exact
Drake,Drake,20260919,201,Drake,2026-10-05T05:05:14.242906+00:00,9fff2f8a-21e6-47de-a2b8-7f449929d43f,2026-09-19,201,346,exact
Drake,Drake,20260920,156,Drake,2026-10-05T05:05:14.242906+00:00,9fff2f8a-21e6-47de-a2b8-7f449929d43f,2026-09-20,156,347,exact
Drake,Drake,20260921,168,Drake,2026-10-05T05:05:14.242906+00:00,9fff2f8a-21e6-47de-a2b8-7f449929d43f,2026-09-21,168,348,exact
Drake,Drake,20260922,149,Drake,2026-10-05T05:05:14.242906+00:00,9fff2f8a-21e6-47de-a2b8-7f449929d43f,2026-09-22,149,349,exact
Drake,Drake,20260923,216,Drake,2026-10-05T05:05:14.242906+00:00,9fff2f8a-21e6-47de-a2b8-7f449929d43f,2026-09-23,216,350,exact
Drake,Drake,20260924,167,Drake,2026-10-05T05:05:14.242906+00:00,9fff2f8a-21e6-47de-a2b8-7f449929d43f,2026-09-24,167,351,exact
Drake,Drake,20260925,166,Drake,2026-10-05T05:05:14.242906+00:00,9fff2f8a-21e6-47de-a2b8-7f449929d43f,2026-09-25,166,352,exact
Drake,Drake,20260926,127,Drake,2026-10-05T05:05:14.242906+00:00,9fff2f8a-21e6-47de-a2b8-7f449929d43f,2026-09-26,127,353,exact
Drake,Drake,20260927,141,Drake,2026-10-05T05:05:14.242906+00:00,9fff2f8a-21e6-47de-a2b8-7f449929d43f,2026-09-27,141,354,exact
Drake,Drake,20260928,166,Drake,2026-10-05T05:05:14.242906+00:00,9fff2f8a-21e6-47de-a2b8-7f449929d43f,2026-09-28,166,355,exact
Drake,Drake,20260929,145,Drake,2026-10-05T05:05:14.242906+00:00,9fff2f8a-21e6-47de-a2b8-7f449929d43f,2026-09-29,145,356,exact
Drake,Drake,20260930,154,Drake,2026-10-05T05:05:14.242906+00:00,9fff2f8a-21e6-47de-a2b8-7f449929d43f,2026-09-30,154,357,exact
Drake,Drake,20261001,181,Drake,2026-10-05T05:05:14.242906+00:00,9fff2f8a-21e6-47de-a2b8-7f449929d43f,2026-10-01,181,358,exact
Drake,Drake,20261002,173,Drake,2026-10-05T05:05:14.242906+00:00,9fff2f8a-21e6-47de-a2b8-7f449929d43f,2026-10-02,173,359,exact
Drake,Drake,20261003,156,Drake,2026-10-05T05:05:14.242906+00:00,9fff2f8a-21e6-47de-a2b8-7f449929d43f,2026-10-03,156,360,exact
Drake,Drake,20261004,109,Drake,2026-10-05T05:05:14.242906+00:00,9fff2f8a-21e6-47de-a2b8-7f449929d43f,2026-10-04,109,361,exact
Kendrick Lamar,Kendrick Lamar,20260905,3449,Kendrick_Lamar,2026-10-05T05:05:14.242906+00:00,381086ea-f511-4aba-bdf9-71c753dc5077,2026-09-05,3449,362,exact
Kendrick Lamar,Kendrick Lamar,20260906,3442,Kendrick_Lamar,2026-10-05T05:05:14.242906+00:00,381086ea-f511-4aba-bdf9-71c753dc5077,2026-09-06,3442,363,exact
Kendrick Lamar,Kendrick Lamar,20260907,3600,Kendrick_Lamar,2026-10-05T05:05:14.242906+00:00,381086ea-f511-4aba-bdf9-71c753dc5077,2026-09-07,3600,364,exact
Kendrick Lamar,Kendrick Lamar,20260908,4007,Kendrick_Lamar,2026-10-05T05:05:14.242906+00:00,381086ea-f511-4aba-bdf9-71c753dc5077,2026-09-08,4007,365,exact
Kendrick Lamar,Kendrick Lamar,20260909,3649,Kendrick_Lamar,2026-10-05T05:05:14.242906+00:00,381086ea-f511-4aba-bdf9-71c753dc5077,2026-09-09,3649,366,exact
Kendrick Lamar,Kendrick Lamar,20260910,3967,Kendrick_Lamar,2026-10-05T05:05:14.242906+00:00,381086ea-f511-4aba-bdf9-71c753dc5077,2026-09-10,3967,367,exact
Kendrick Lamar,Kendrick Lamar,20260911,4134,Kendrick_Lamar,2026-10-05T05:05:14.242906+00:00,381086ea-f511-4aba-bdf9-71c753dc5077,2026-09-11,4134,368,exact
Kendrick Lamar,Kendrick Lamar,20260912,3891,Kendrick_Lamar,2026-10-05T05:05:14.242906+00:00,381086ea-f511-4aba-bdf9-71c753dc5077,2026-09-12,3891,369,exact
Kendrick Lamar,Kendrick Lamar,20260913,3677,Kendrick_Lamar,2026-10-05T05:05:14.242906+00:00,381086ea-f511-4aba-bdf9-71c753dc5077,2026-09-13,3677,370,exact
Kendrick Lamar,Kendrick Lamar,20260914,3650,Kendrick_Lamar,2026-10-05T05:05:14.242906+00:00,381086ea-f511-4aba-bdf9-71c753dc5077,2026-09-14,3650,371,exact
Kendrick Lamar,Kendrick Lamar,20260915,3809,Kendrick_Lamar,2026-10-05T05:05:14.242906+00:00,381086ea-f511-4aba-bdf9-71c753dc5077,2026-09-15,3809,372,exact
Kendrick Lamar,Kendrick Lamar,20260916,3792,Kendrick_Lamar,2026-10-05T05:05:14.242906+00:00,381086ea-f511-4aba-bdf9-71c753dc5077,2026-09-16,3792,373,exact
Kendrick Lamar,Kendrick Lamar,20260917,4076,Kendrick_Lamar,2026-10-05T05:05:14.242906+00:00,381086ea-f511-4aba-bdf9-71c753dc5077,2026-09-17,4076,374,exact
Kendrick Lamar,Kendrick Lamar,20260918,4088,Kendrick_Lamar,2026-10-05T05:05:14.242906+00:00,381086ea-f511-4aba-bdf9-71c753dc5077,2026-09-18,4088,375,exact
Kendrick Lamar,Kendrick Lamar,20260919,3658,Kendrick_Lamar,2026-10-05T05:05:14.242906+00:00,381086ea-f511-4aba-bdf9-71c753dc5077,2026-09-19,3658,376,exact
Kendrick Lamar,Kendrick Lamar,20260920,4150,Kendrick_Lamar,2026-10-05T05:05:14.242906+00:00,381086ea-f511-4aba-bdf9-71c753dc5077,2026-09-20,4150,377,exact
Kendrick Lamar,Kendrick Lamar,20260921,10355,Kendrick_Lamar,2026-10-05T05:05:14.242906+00:00,381086ea-f511-4aba-bdf9-71c753dc5077,2026-09-21,10355,378,exact
Kendrick Lamar,Kendrick Lamar,20260922,5569,Kendrick_Lamar,2026-10-05T05:05:14.242906+00:00,381086ea-f511-4aba-bdf9-71c753dc5077,2026-09-22,5569,379,exact
Kendrick Lamar,Kendrick Lamar,20260923,4443,Kendrick_Lamar,2026-10-05T05:05:14.242906+00:00,381086ea-f511-4aba-bdf9-71c753dc5077,2026-09-23,4443,380,exact
Kendrick Lamar,Kendrick Lamar,20260924,4060,Kendrick_Lamar,2026-10-05T05:05:14.242906+00:00,381086ea-f511-4aba-bdf9-71c753dc5077,2026-09-24,4060,381,exact
Kendrick Lamar,Kendrick Lamar,20260925,4379,Kendrick_Lamar,2026-10-05T05:05:14.242906+00:00,381086ea-f511-4aba-bdf9-71c753dc5077,2026-09-25,4379,382,exact
Kendrick Lamar,Kendrick Lamar,20260926,3832,Kendrick_Lamar,2026-10-05T05:05:14.242906+00:00,381086ea-f511-4aba-bdf9-71c753dc5077,2026-09-26,3832,383,exact
Kendrick Lamar,Kendrick Lamar,20260927,3760,Kendrick_Lamar,2026-10-05T05:05:14.242906+00:00,381086ea-f511-4aba-bdf9-71c753dc5077,2026-09-27,3760,384,exact
Kendrick Lamar,Kendrick Lamar,20260928,3545,Kendrick_Lamar,2026-10-05T05:05:14.242906+00:00,381086ea-f511-4aba-bdf9-71c753dc5077,2026-09-28,3545,385,exact
Kendrick Lamar,Kendrick Lamar,20260929,3411,Kendrick_Lamar,2026-10-05T05:05:14.242906+00:00,381086ea-f511-4aba-bdf9-71c753dc5077,2026-09-29,3411,386,exact
Kendrick Lamar,Kendrick Lamar,20260930,3401,Kendrick_Lamar,2026-10-05T05:05:14.242906+00:00,381086ea-f511-4aba-bdf9-71c753dc5077,2026-09-30,3401,387,exact
Kendrick Lamar,Kendrick Lamar,20261001,3309,Kendrick_Lamar,2026-10-05T05:05:14.242906+00:00,381086ea-f511-4aba-bdf9-71c753dc5077,2026-10-01,3309,388,exact
Kendrick Lamar,Kendrick Lamar,20261002,3239,Kendrick_Lamar,2026-10-05T05:05:14.242906+00:00,381086ea-f511-4aba-bdf9-71c753dc5077,2026-10-02,3239,389,exact
Kendrick Lamar,Kendrick Lamar,20261003,3220,Kendrick_Lamar,2026-10-05T05:05:14.242906+00:00,381086ea-f511-4aba-bdf9-71c753dc5077,2026-10-03,3220,390,exact
Kendrick Lamar,Kendrick Lamar,20261004,3280,Kendrick_Lamar,2026-10-05T05:05:14.242906+00:00,381086ea-f511-4aba-bdf9-71c753dc5077,2026-10-04,3280,391,exact
Justin Bieber,Justin Bieber,20260905,5452,Justin_Bieber,2026-10-05T05:05:14.242906+00:00,e0140a67-e4d1-4f13-8a01-364355bee46e,2026-09-05,5452,392,exact
Justin Bieber,Justin Bieber,20260906,5135,Justin_Bieber,2026-10-05T05:05:14.242906+00:00,e0140a67-e4d1-4f13-8a01-364355bee46e,2026-09-06,5135,393,exact
Justin Bieber,Justin Bieber,20260907,5273,Justin_Bieber,2026-10-05T05:05:14.242906+00:00,e0140a67-e4d1-4f13-8a01-364355bee46e,2026-09-07,5273,394,exact
Justin Bieber,Justin Bieber,20260908,5443,Justin_Bieber,2026-10-05T05:05:14.242906+00:00,e0140a67-e4d1-4f13-8a01-364355bee46e,2026-09-08,5443,395,exact
Justin Bieber,Justin Bieber,20260909,5308,Justin_Bieber,2026-10-05T05:05:14.242906+00:00,e0140a67-e4d1-4f13-8a01-364355bee46e,2026-09-09,5308,396,exact
Justin Bieber,Justin Bieber,20260910,4965,Justin_Bieber,2026-10-05T05:05:14.242906+00:00,e0140a67-e4d1-4f13-8a01-364355bee46e,2026-09-10,4965,397,exact
Justin Bieber,Justin Bieber,20260911,4950,Justin_Bieber,2026-10-05T05:05:14.242906+00:00,e0140a67-e4d1-4f13-8a01-364355bee46e,2026-09-11,4950,398,exact
Justin Bieber,Justin Bieber,20260912,5093,Justin_Bieber,2026-10-05T05:05:14.242906+00:00,e0140a67-e4d1-4f13-8a01-364355bee46e,2026-09-12,5093,399,exact
Justin Bieber,Justin Bieber,20260913,6464,Justin_Bieber,2026-10-05T05:05:14.242906+00:00,e0140a67-e4d1-4f13-8a01-364355bee46e,2026-09-13,6464,400,exact
Justin Bieber,Justin Bieber,20260914,7210,Justin_Bieber,2026-10-05T05:05:14.242906+00:00,e0140a67-e4d1-4f13-8a01-364355bee46e,2026-09-14,7210,401,exact
Justin Bieber,Justin Bieber,20260915,6458,Justin_Bieber,2026-10-05T05:05:14.242906+00:00,e0140a67-e4d1-4f13-8a01-364355bee46e,2026-09-15,6458,402,exact
Justin Bieber,Justin Bieber,20260916,6014,Justin_Bieber,2026-10-05T05:05:14.242906+00:00,e0140a67-e4d1-4f13-8a01-364355bee46e,2026-09-16,6014,403,exact
Justin Bieber,Justin Bieber,20260917,5571,Justin_Bieber,2026-10-05T05:05:14.242906+00:00,e0140a67-e4d1-4f13-8a01-364355bee46e,2026-09-17,5571,404,exact
Justin Bieber,Justin Bieber,20260918,5762,Justin_Bieber,2026-10-05T05:05:14.242906+00:00,e0140a67-e4d1-4f13-8a01-364355bee46e,2026-09-18,5762,405,exact
Justin Bieber,Justin Bieber,20260919,5548,Justin_Bieber,2026-10-05T05:05:14.242906+00:00,e0140a67-e4d1-4f13-8a01-364355bee46e,2026-09-19,5548,406,exact
Justin Bieber,Justin Bieber,20260920,5498,Justin_Bieber,2026-10-05T05:05:14.242906+00:00,e0140a67-e4d1-4f13-8a01-364355bee46e,2026-09-20,5498,407,exact
Justin Bieber,Justin Bieber,20260921,5453,Justin_Bieber,2026-10-05T05:05:14.242906+00:00,e0140a67-e4d1-4f13-8a01-364355bee46e,2026-09-21,5453,408,exact
Justin Bieber,Justin Bieber,20260922,5476,Justin_Bieber,2026-10-05T05:05:14.242906+00:00,e0140a67-e4d1-4f13-8a01-364355bee46e,2026-09-22,5476,409,exact
Justin Bieber,Justin Bieber,20260923,5655,Justin_Bieber,2026-10-05T05:05:14.242906+00:00,e0140a67-e4d1-4f13-8a01-364355bee46e,2026-09-23,5655,410,exact
Justin Bieber,Justin Bieber,20260924,5510,Justin_Bieber,2026-10-05T05:05:14.242906+00:00,e0140a67-e4d1-4f13-8a01-364355bee46e,2026-09-24,5510,411,exact
Justin Bieber,Justin Bieber,20260925,5629,Justin_Bieber,2026-10-05T05:05:14.242906+00:00,e0140a67-e4d1-4f13-8a01-364355bee46e,2026-09-25,5629,412,exact
Justin Bieber,Justin Bieber,20260926,5435,Justin_Bieber,2026-10-05T05:05:14.242906+00:00,e0140a67-e4d1-4f13-8a01-364355bee46e,2026-09-26,5435,413,exact
Justin Bieber,Justin Bieber,20260927,5671,Justin_Bieber,2026-10-05T05:05:14.242906+00:00,e0140a67-e4d1-4f13-8a01-364355bee46e,2026-09-27,5671,414,exact
Justin Bieber,Justin Bieber,20260928,5822,Justin_Bieber,2026-10-05T05:05:14.242906+00:00,e0140a67-e4d1-4f13-8a01-364355bee46e,2026-09-28,5822,415,exact
Justin Bieber,Justin Bieber,20260929,5169,Justin_Bieber,2026-10-05T05:05:14.242906+00:00,e0140a67-e4d1-4f13-8a01-364355bee46e,2026-09-29,5169,416,exact
Justin Bieber,Justin Bieber,20260930,9310,Justin_Bieber,2026-10-05T05:05:14.242906+00:00,e0140a67-e4d1-4f13-8a01-364355bee46e,2026-09-30,9310,417,exact
Justin Bieber,Justin Bieber,20261001,13948,Justin_Bieber,2026-10-05T05:05:14.242906+00:00,e0140a67-e4d1-4f13-8a01-364355bee46e,2026-10-01,13948,418,exact
Justin Bieber,Justin Bieber,20261002,11659,Justin_Bieber,2026-10-05T05:05:14.242906+00:00,e0140a67-e4d1-4f13-8a01-364355bee46e,2026-10-02,11659,419,exact
Justin Bieber,Justin Bieber,20261003,11073,Justin_Bieber,2026-10-05T05:05:14.242906+00:00,e0140a67-e4d1-4f13-8a01-364355bee46e,2026-10-03,11073,420,exact
Justin Bieber,Justin Bieber,20261004,7256,Justin_Bieber,2026-10-05T05:05:14.242906+00:00,e0140a67-e4d1-4f13-8a01-364355bee46e,2026-10-04,7256,421,exact
Ariana Grande,Ariana Grande,20260905,12024,Ariana_Grande,2026-10-05T05:05:14.242906+00:00,f4fdbb4c-e4b7-47a0-b83b-d91bbfcfa387,2026-09-05,12024,422,exact
Ariana Grande,Ariana Grande,20260906,11546,Ariana_Grande,2026-10-05T05:05:14.242906+00:00,f4fdbb4c-e4b7-47a0-b83b-d91bbfcfa387,2026-09-06,11546,423,exact
Ariana Grande,Ariana Grande,20260907,11034,Ariana_Grande,2026-10-05T05:05:14.242906+00:00,f4fdbb4c-e4b7-47a0-b83b-d91bbfcfa387,2026-09-07,11034,424,exact
Ariana Grande,Ariana Grande,20260908,9531,Ariana_Grande,2026-10-05T05:05:14.242906+00:00,f4fdbb4c-e4b7-47a0-b83b-d91bbfcfa387,2026-09-08,9531,425,exact
Ariana Grande,Ariana Grande,20260909,8432,Ariana_Grande,2026-10-05T05:05:14.242906+00:00,f4fdbb4c-e4b7-47a0-b83b-d91bbfcfa387,2026-09-09,8432,426,exact
Ariana Grande,Ariana Grande,20260910,8326,Ariana_Grande,2026-10-05T05:05:14.242906+00:00,f4fdbb4c-e4b7-47a0-b83b-d91bbfcfa387,2026-09-10,8326,427,exact
Ariana Grande,Ariana Grande,20260911,8648,Ariana_Grande,2026-10-05T05:05:14.242906+00:00,f4fdbb4c-e4b7-47a0-b83b-d91bbfcfa387,2026-09-11,8648,428,exact
Ariana Grande,Ariana Grande,20260912,9994,Ariana_Grande,2026-10-05T05:05:14.242906+00:00,f4fdbb4c-e4b7-47a0-b83b-d91bbfcfa387,2026-09-12,9994,429,exact
Ariana Grande,Ariana Grande,20260913,10108,Ariana_Grande,2026-10-05T05:05:14.242906+00:00,f4fdbb4c-e4b7-47a0-b83b-d91bbfcfa387,2026-09-13,10108,430,exact
Ariana Grande,Ariana Grande,20260914,13134,Ariana_Grande,2026-10-05T05:05:14.242906+00:00,f4fdbb4c-e4b7-47a0-b83b-d91bbfcfa387,2026-09-14,13134,431,exact
Ariana Grande,Ariana Grande,20260915,9405,Ariana_Grande,2026-10-05T05:05:14.242906+00:00,f4fdbb4c-e4b7-47a0-b83b-d91bbfcfa387,2026-09-15,9405,432,exact
Ariana Grande,Ariana Grande,20260916,8053,Ariana_Grande,2026-10-05T05:05:14.242906+00:00,f4fdbb4c-e4b7-47a0-b83b-d91bbfcfa387,2026-09-16,8053,433,exact
Ariana Grande,Ariana Grande,20260917,8307,Ariana_Grande,2026-10-05T05:05:14.242906+00:00,f4fdbb4c-e4b7-47a0-b83b-d91bbfcfa387,2026-09-17,8307,434,exact
Ariana Grande,Ariana Grande,20260918,9300,Ariana_Grande,2026-10-05T05:05:14.242906+00:00,f4fdbb4c-e4b7-47a0-b83b-d91bbfcfa387,2026-09-18,9300,435,exact
Ariana Grande,Ariana Grande,20260919,9423,Ariana_Grande,2026-10-05T05:05:14.242906+00:00,f4fdbb4c-e4b7-47a0-b83b-d91bbfcfa387,2026-09-19,9423,436,exact
Ariana Grande,Ariana Grande,20260920,12282,Ariana_Grande,2026-10-05T05:05:14.242906+00:00,f4fdbb4c-e4b7-47a0-b83b-d91bbfcfa387,2026-09-20,12282,437,exact
Ariana Grande,Ariana Grande,20260921,9375,Ariana_Grande,2026-10-05T05:05:14.242906+00:00,f4fdbb4c-e4b7-47a0-b83b-d91bbfcfa387,2026-09-21,9375,438,exact
Ariana Grande,Ariana Grande,20260922,8176,Ariana_Grande,2026-10-05T05:05:14.242906+00:00,f4fdbb4c-e4b7-47a0-b83b-d91bbfcfa387,2026-09-22,8176,439,exact
Ariana Grande,Ariana Grande,20260923,7796,Ariana_Grande,2026-10-05T05:05:14.242906+00:00,f4fdbb4c-e4b7-47a0-b83b-d91bbfcfa387,2026-09-23,7796,440,exact
Ariana Grande,Ariana Grande,20260924,8041,Ariana_Grande,2026-10-05T05:05:14.242906+00:00,f4fdbb4c-e4b7-47a0-b83b-d91bbfcfa387,2026-09-24,8041,441,exact
Ariana Grande,Ariana Grande,20260925,8051,Ariana_Grande,2026-10-05T05:05:14.242906+00:00,f4fdbb4c-e4b7-47a0-b83b-d91bbfcfa387,2026-09-25,8051,442,exact
Ariana Grande,Ariana Grande,20260926,9025,Ariana_Grande,2026-10-05T05:05:14.242906+00:00,f4fdbb4c-e4b7-47a0-b83b-d91bbfcfa387,2026-09-26,9025,443,exact
Ariana Grande,Ariana Grande,20260927,9092,Ariana_Grande,2026-10-05T05:05:14.242906+00:00,f4fdbb4c-e4b7-47a0-b83b-d91bbfcfa387,2026-09-27,9092,444,exact
Ariana Grande,Ariana Grande,20260928,9081,Ariana_Grande,2026-10-05T05:05:14.242906+00:00,f4fdbb4c-e4b7-47a0-b83b-d91bbfcfa387,2026-09-28,9081,445,exact
Ariana Grande,Ariana Grande,20260929,7773,Ariana_Grande,2026-10-05T05:05:14.242906+00:00,f4fdbb4c-e4b7-47a0-b83b-d91bbfcfa387,2026-09-29,7773,446,exact
Ariana Grande,Ariana Grande,20260930,7571,Ariana_Grande,2026-10-05T05:05:14.242906+00:00,f4fdbb4c-e4b7-47a0-b83b-d91bbfcfa387,2026-09-30,7571,447,exact
Ariana Grande,Ariana Grande,20261001,8031,Ariana_Grande,2026-10-05T05:05:14.242906+00:00,f4fdbb4c-e4b7-47a0-b83b-d91bbfcfa387,2026-10-01,8031,448,exact
Ariana Grande,Ariana Grande,20261002,7405,Ariana_Grande,2026-10-05T05:05:14.242906+00:00,f4fdbb4c-e4b7-47a0-b83b-d91bbfcfa387,2026-10-02,7405,449,exact
Ariana Grande,Ariana Grande,20261003,8050,Ariana_Grande,2026-10-05T05:05:14.242906+00:00,f4fdbb4c-e4b7-47a0-b83b-d91bbfcfa387,2026-10-03,8050,450,exact
Ariana Grande,Ariana Grande,20261004,8074,Ariana_Grande,2026-10-05T05:05:14.242906+00:00,f4fdbb4c-e4b7-47a0-b83b-d91bbfcfa387,2026-10-04,8074,451,exact
Katy Perry,Katy Perry,20260905,7451,Katy_Perry,2026-10-05T05:05:14.242906+00:00,122d63fc-8671-43e4-9752-34e846d62a9c,2026-09-05,7451,452,exact
Katy Perry,Katy Perry,20260906,6476,Katy_Perry,2026-10-05T05:05:14.242906+00:00,122d63fc-8671-43e4-9752-34e846d62a9c,2026-09-06,6476,453,exact
Katy Perry,Katy Perry,20260907,5791,Katy_Perry,2026-10-05T05:05:14.242906+00:00,122d63fc-8671-43e4-9752-34e846d62a9c,2026-09-07,5791,454,exact
Katy Perry,Katy Perry,20260908,5571,Katy_Perry,2026-10-05T05:05:14.242906+00:00,122d63fc-8671-43e4-9752-34e846d62a9c,2026-09-08,5571,455,exact
Katy Perry,Katy Perry,20260909,5152,Katy_Perry,2026-10-05T05:05:14.242906+00:00,122d63fc-8671-43e4-9752-34e846d62a9c,2026-09-09,5152,456,exact
Katy Perry,Katy Perry,20260910,4509,Katy_Perry,2026-10-05T05:05:14.242906+00:00,122d63fc-8671-43e4-9752-34e846d62a9c,2026-09-10,4509,457,exact
Katy Perry,Katy Perry,20260911,5097,Katy_Perry,2026-10-05T05:05:14.242906+00:00,122d63fc-8671-43e4-9752-34e846d62a9c,2026-09-11,5097,458,exact
Katy Perry,Katy Perry,20260912,6168,Katy_Perry,2026-10-05T05:05:14.242906+00:00,122d63fc-8671-43e4-9752-34e846d62a9c,2026-09-12,6168,459,exact
Katy Perry,Katy Perry,20260913,6720,Katy_Perry,2026-10-05T05:05:14.242906+00:00,122d63fc-8671-43e4-9752-34e846d62a9c,2026-09-13,6720,460,exact
Katy Perry,Katy Perry,20260914,5867,Katy_Perry,2026-10-05T05:05:14.242906+00:00,122d63fc-8671-43e4-9752-34e846d62a9c,2026-09-14,5867,461,exact
Katy Perry,Katy Perry,20260915,4983,Katy_Perry,2026-10-05T05:05:14.242906+00:00,122d63fc-8671-43e4-9752-34e846d62a9c,2026-09-15,4983,462,exact
Katy Perry,Katy Perry,20260916,5333,Katy_Perry,2026-10-05T05:05:14.242906+00:00,122d63fc-8671-43e4-9752-34e846d62a9c,2026-09-16,5333,463,exact
Katy Perry,Katy Perry,20260917,4823,Katy_Perry,2026-10-05T05:05:14.242906+00:00,122d63fc-8671-43e4-9752-34e846d62a9c,2026-09-17,4823,464,exact
Katy Perry,Katy Perry,20260918,5327,Katy_Perry,2026-10-05T05:05:14.242906+00:00,122d63fc-8671-43e4-9752-34e846d62a9c,2026-09-18,5327,465,exact
Katy Perry,Katy Perry,20260919,7662,Katy_Perry,2026-10-05T05:05:14.242906+00:00,122d63fc-8671-43e4-9752-34e846d62a9c,2026-09-19,7662,466,exact
Katy Perry,Katy Perry,20260920,8464,Katy_Perry,2026-10-05T05:05:14.242906+00:00,122d63fc-8671-43e4-9752-34e846d62a9c,2026-09-20,8464,467,exact
Katy Perry,Katy Perry,20260921,8406,Katy_Perry,2026-10-05T05:05:14.242906+00:00,122d63fc-8671-43e4-9752-34e846d62a9c,2026-09-21,8406,468,exact
Katy Perry,Katy Perry,20260922,7960,Katy_Perry,2026-10-05T05:05:14.242906+00:00,122d63fc-8671-43e4-9752-34e846d62a9c,2026-09-22,7960,469,exact
Katy Perry,Katy Perry,20260923,5353,Katy_Perry,2026-10-05T05:05:14.242906+00:00,122d63fc-8671-43e4-9752-34e846d62a9c,2026-09-23,5353,470,exact
Katy Perry,Katy Perry,20260924,6984,Katy_Perry,2026-10-05T05:05:14.242906+00:00,122d63fc-8671-43e4-9752-34e846d62a9c,2026-09-24,6984,471,exact
Katy Perry,Katy Perry,20260925,6129,Katy_Perry,2026-10-05T05:05:14.242906+00:00,122d63fc-8671-43e4-9752-34e846d62a9c,2026-09-25,6129,472,exact
Katy Perry,Katy Perry,20260926,6274,Katy_Perry,2026-10-05T05:05:14.242906+00:00,122d63fc-8671-43e4-9752-34e846d62a9c,2026-09-26,6274,473,exact
Katy Perry,Katy Perry,20260927,5698,Katy_Perry,2026-10-05T05:05:14.242906+00:00,122d63fc-8671-43e4-9752-34e846d62a9c,2026-09-27,5698,474,exact
Katy Perry,Katy Perry,20260928,5330,Katy_Perry,2026-10-05T05:05:14.242906+00:00,122d63fc-8671-43e4-9752-34e846d62a9c,2026-09-28,5330,475,exact
Katy Perry,Katy Perry,20260929,4835,Katy_Perry,2026-10-05T05:05:14.242906+00:00,122d63fc-8671-43e4-9752-34e846d62a9c,2026-09-29,4835,476,exact
Katy Perry,Katy Perry,20260930,4277,Katy_Perry,2026-10-05T05:05:14.242906+00:00,122d63fc-8671-43e4-9752-34e846d62a9c,2026-09-30,4277,477,exact
Katy Perry,Katy Perry,20261001,4418,Katy_Perry,2026-10-05T05:05:14.242906+00:00,122d63fc-8671-43e4-9752-34e846d62a9c,2026-10-01,4418,478,exact
Katy Perry,Katy Perry,20261002,4736,Katy_Perry,2026-10-05T05:05:14.242906+00:00,122d63fc-8671-43e4-9752-34e846d62a9c,2026-10-02,4736,479,exact
Katy Perry,Katy Perry,20261003,4713,Katy_Perry,2026-10-05T05:05:14.242906+00:00,122d63fc-8671-43e4-9752-34e846d62a9c,2026-10-03,4713,480,exact
Katy Perry,Katy Perry,20261004,4746,Katy_Perry,2026-10-05T05:05:14.242906+00:00,122d63fc-8671-43e4-9752-34e846d62a9c,2026-10-04,4746,481,exact
Dua Lipa,Dua Lipa,20260905,12719,Dua_Lipa,2026-10-05T05:05:14.242906+00:00,6f1a58bf-9b1b-49cf-a44a-6cefad7ae04f,2026-09-05,12719,482,exact
Dua Lipa,Dua Lipa,20260906,12153,Dua_Lipa,2026-10-05T05:05:14.242906+00:00,6f1a58bf-9b1b-49cf-a44a-6cefad7ae04f,2026-09-06,12153,483,exact
Dua Lipa,Dua Lipa,20260907,9775,Dua_Lipa,2026-10-05T05:05:14.242906+00:00,6f1a58bf-9b1b-49cf-a44a-6cefad7ae04f,2026-09-07,9775,484,exact
Dua Lipa,Dua Lipa,20260908,9982,Dua_Lipa,2026-10-05T05:05:14.242906+00:00,6f1a58bf-9b1b-49cf-a44a-6cefad7ae04f,2026-09-08,9982,485,exact
Dua Lipa,Dua Lipa,20260909,10870,Dua_Lipa,2026-10-05T05:05:14.242906+00:00,6f1a58bf-9b1b-49cf-a44a-6cefad7ae04f,2026-09-09,10870,486,exact
Dua Lipa,Dua Lipa,20260910,11493,Dua_Lipa,2026-10-05T05:05:14.242906+00:00,6f1a58bf-9b1b-49cf-a44a-6cefad7ae04f,2026-09-10,11493,487,exact
Dua Lipa,Dua Lipa,20260911,12346,Dua_Lipa,2026-10-05T05:05:14.242906+00:00,6f1a58bf-9b1b-49cf-a44a-6cefad7ae04f,2026-09-11,12346,488,exact
Dua Lipa,Dua Lipa,20260912,13222,Dua_Lipa,2026-10-05T05:05:14.242906+00:00,6f1a58bf-9b1b-49cf-a44a-6cefad7ae04f,2026-09-12,13222,489,exact
Dua Lipa,Dua Lipa,20260913,13020,Dua_Lipa,2026-10-05T05:05:14.242906+00:00,6f1a58bf-9b1b-49cf-a44a-6cefad7ae04f,2026-09-13,13020,490,exact
Dua Lipa,Dua Lipa,20260914,11010,Dua_Lipa,2026-10-05T05:05:14.242906+00:00,6f1a58bf-9b1b-49cf-a44a-6cefad7ae04f,2026-09-14,11010,491,exact
Dua Lipa,Dua Lipa,20260915,10249,Dua_Lipa,2026-10-05T05:05:14.242906+00:00,6f1a58bf-9b1b-49cf-a44a-6cefad7ae04f,2026-09-15,10249,492,exact
Dua Lipa,Dua Lipa,20260916,10047,Dua_Lipa,2026-10-05T05:05:14.242906+00:00,6f1a58bf-9b1b-49cf-a44a-6cefad7ae04f,2026-09-16,10047,493,exact
Dua Lipa,Dua Lipa,20260917,9894,Dua_Lipa,2026-10-05T05:05:14.242906+00:00,6f1a58bf-9b1b-49cf-a44a-6cefad7ae04f,2026-09-17,9894,494,exact
Dua Lipa,Dua Lipa,20260918,12881,Dua_Lipa,2026-10-05T05:05:14.242906+00:00,6f1a58bf-9b1b-49cf-a44a-6cefad7ae04f,2026-09-18,12881,495,exact
Dua Lipa,Dua Lipa,20260919,11699,Dua_Lipa,2026-10-05T05:05:14.242906+00:00,6f1a58bf-9b1b-49cf-a44a-6cefad7ae04f,2026-09-19,11699,496,exact
Dua Lipa,Dua Lipa,20260920,10843,Dua_Lipa,2026-10-05T05:05:14.242906+00:00,6f1a58bf-9b1b-49cf-a44a-6cefad7ae04f,2026-09-20,10843,497,exact
Dua Lipa,Dua Lipa,20260921,9983,Dua_Lipa,2026-10-05T05:05:14.242906+00:00,6f1a58bf-9b1b-49cf-a44a-6cefad7ae04f,2026-09-21,9983,498,exact
Dua Lipa,Dua Lipa,20260922,9315,Dua_Lipa,2026-10-05T05:05:14.242906+00:00,6f1a58bf-9b1b-49cf-a44a-6cefad7ae04f,2026-09-22,9315,499,exact
Dua Lipa,Dua Lipa,20260923,9774,Dua_Lipa,2026-10-05T05:05:14.242906+00:00,6f1a58bf-9b1b-49cf-a44a-6cefad7ae04f,2026-09-23,9774,500,exact
Dua Lipa,Dua Lipa,20260924,9395,Dua_Lipa,2026-10-05T05:05:14.242906+00:00,6f1a58bf-9b1b-49cf-a44a-6cefad7ae04f,2026-09-24,9395,501,exact
Dua Lipa,Dua Lipa,20260925,11076,Dua_Lipa,2026-10-05T05:05:14.242906+00:00,6f1a58bf-9b1b-49cf-a44a-6cefad7ae04f,2026-09-25,11076,502,exact
Dua Lipa,Dua Lipa,20260926,10739,Dua_Lipa,2026-10-05T05:05:14.242906+00:00,6f1a58bf-9b1b-49cf-a44a-6cefad7ae04f,2026-09-26,10739,503,exact
Dua Lipa,Dua Lipa,20260927,15481,Dua_Lipa,2026-10-05T05:05:14.242906+00:00,6f1a58bf-9b1b-49cf-a44a-6cefad7ae04f,2026-09-27,15481,504,exact
Dua Lipa,Dua Lipa,20260928,15581,Dua_Lipa,2026-10-05T05:05:14.242906+00:00,6f1a58bf-9b1b-49cf-a44a-6cefad7ae04f,2026-09-28,15581,505,exact
Dua Lipa,Dua Lipa,20260929,11140,Dua_Lipa,2026-10-05T05:05:14.242906+00:00,6f1a58bf-9b1b-49cf-a44a-6cefad7ae04f,2026-09-29,11140,506,exact
Dua Lipa,Dua Lipa,20260930,10236,Dua_Lipa,2026-10-05T05:05:14.242906+00:00,6f1a58bf-9b1b-49cf-a44a-6cefad7ae04f,2026-09-30,10236,507,exact
Dua Lipa,Dua Lipa,20261001,10551,Dua_Lipa,2026-10-05T05:05:14.242906+00:00,6f1a58bf-9b1b-49cf-a44a-6cefad7ae04f,2026-10-01,10551,508,exact
Dua Lipa,Dua Lipa,20261002,11618,Dua_Lipa,2026-10-05T05:05:14.242906+00:00,6f1a58bf-9b1b-49cf-a44a-6cefad7ae04f,2026-10-02,11618,509,exact
Dua Lipa,Dua Lipa,20261003,14150,Dua_Lipa,2026-10-05T05:05:14.242906+00:00,6f1a58bf-9b1b-49cf-a44a-6cefad7ae04f,2026-10-03,14150,510,exact
Dua Lipa,Dua Lipa,20261004,23454,Dua_Lipa,2026-10-05T05:05:14.242906+00:00,6f1a58bf-9b1b-49cf-a44a-6cefad7ae04f,2026-10-04,23454,511,exact
Sabrina Carpenter,Sabrina Carpenter,20260905,6042,Sabrina_Carpenter,2026-10-05T05:05:14.242906+00:00,1882fe91-cdd9-49c9-9956-8e06a3810bd4,2026-09-05,6042,512,exact
Sabrina Carpenter,Sabrina Carpenter,20260906,17542,Sabrina_Carpenter,2026-10-05T05:05:14.242906+00:00,1882fe91-cdd9-49c9-9956-8e06a3810bd4,2026-09-06,17542,513,exact
Sabrina Carpenter,Sabrina Carpenter,20260907,8359,Sabrina_Carpenter,2026-10-05T05:05:14.242906+00:00,1882fe91-cdd9-49c9-9956-8e06a3810bd4,2026-09-07,8359,514,exact
Sabrina Carpenter,Sabrina Carpenter,20260908,7002,Sabrina_Carpenter,2026-10-05T05:05:14.242906+00:00,1882fe91-cdd9-49c9-9956-8e06a3810bd4,2026-09-08,7002,515,exact
Sabrina Carpenter,Sabrina Carpenter,20260909,6191,Sabrina_Carpenter,2026-10-05T05:05:14.242906+00:00,1882fe91-cdd9-49c9-9956-8e06a3810bd4,2026-09-09,6191,516,exact
Sabrina Carpenter,Sabrina Carpenter,20260910,5884,Sabrina_Carpenter,2026-10-05T05:05:14.242906+00:00,1882fe91-cdd9-49c9-9956-8e06a3810bd4,2026-09-10,5884,517,exact
Sabrina Carpenter,Sabrina Carpenter,20260911,6478,Sabrina_Carpenter,2026-10-05T05:05:14.242906+00:00,1882fe91-cdd9-49c9-9956-8e06a3810bd4,2026-09-11,6478,518,exact
Sabrina Carpenter,Sabrina Carpenter,20260912,6703,Sabrina_Carpenter,2026-10-05T05:05:14.242906+00:00,1882fe91-cdd9-49c9-9956-8e06a3810bd4,2026-09-12,6703,519,exact
Sabrina Carpenter,Sabrina Carpenter,20260913,7166,Sabrina_Carpenter,2026-10-05T05:05:14.242906+00:00,1882fe91-cdd9-49c9-9956-8e06a3810bd4,2026-09-13,7166,520,exact
Sabrina Carpenter,Sabrina Carpenter,20260914,7954,Sabrina_Carpenter,2026-10-05T05:05:14.242906+00:00,1882fe91-cdd9-49c9-9956-8e06a3810bd4,2026-09-14,7954,521,exact
Sabrina Carpenter,Sabrina Carpenter,20260915,7929,Sabrina_Carpenter,2026-10-05T05:05:14.242906+00:00,1882fe91-cdd9-49c9-9956-8e06a3810bd4,2026-09-15,7929,522,exact
Sabrina Carpenter,Sabrina Carpenter,20260916,7174,Sabrina_Carpenter,2026-10-05T05:05:14.242906+00:00,1882fe91-cdd9-49c9-9956-8e06a3810bd4,2026-09-16,7174,523,exact
Sabrina Carpenter,Sabrina Carpenter,20260917,6582,Sabrina_Carpenter,2026-10-05T05:05:14.242906+00:00,1882fe91-cdd9-49c9-9956-8e06a3810bd4,2026-09-17,6582,524,exact
Sabrina Carpenter,Sabrina Carpenter,20260918,5924,Sabrina_Carpenter,2026-10-05T05:05:14.242906+00:00,1882fe91-cdd9-49c9-9956-8e06a3810bd4,2026-09-18,5924,525,exact
Sabrina Carpenter,Sabrina Carpenter,20260919,6413,Sabrina_Carpenter,2026-10-05T05:05:14.242906+00:00,1882fe91-cdd9-49c9-9956-8e06a3810bd4,2026-09-19,6413,526,exact
Sabrina Carpenter,Sabrina Carpenter,20260920,7689,Sabrina_Carpenter,2026-10-05T05:05:14.242906+00:00,1882fe91-cdd9-49c9-9956-8e06a3810bd4,2026-09-20,7689,527,exact
Sabrina Carpenter,Sabrina Carpenter,20260921,6481,Sabrina_Carpenter,2026-10-05T05:05:14.242906+00:00,1882fe91-cdd9-49c9-9956-8e06a3810bd4,2026-09-21,6481,528,exact
Sabrina Carpenter,Sabrina Carpenter,20260922,6045,Sabrina_Carpenter,2026-10-05T05:05:14.242906+00:00,1882fe91-cdd9-49c9-9956-8e06a3810bd4,2026-09-22,6045,529,exact
Sabrina Carpenter,Sabrina Carpenter,20260923,5880,Sabrina_Carpenter,2026-10-05T05:05:14.242906+00:00,1882fe91-cdd9-49c9-9956-8e06a3810bd4,2026-09-23,5880,530,exact
Sabrina Carpenter,Sabrina Carpenter,20260924,5836,Sabrina_Carpenter,2026-10-05T05:05:14.242906+00:00,1882fe91-cdd9-49c9-9956-8e06a3810bd4,2026-09-24,5836,531,exact
Sabrina Carpenter,Sabrina Carpenter,20260925,6690,Sabrina_Carpenter,2026-10-05T05:05:14.242906+00:00,1882fe91-cdd9-49c9-9956-8e06a3810bd4,2026-09-25,6690,532,exact
Sabrina Carpenter,Sabrina Carpenter,20260926,9443,Sabrina_Carpenter,2026-10-05T05:05:14.242906+00:00,1882fe91-cdd9-49c9-9956-8e06a3810bd4,2026-09-26,9443,533,exact
Sabrina Carpenter,Sabrina Carpenter,20260927,11155,Sabrina_Carpenter,2026-10-05T05:05:14.242906+00:00,1882fe91-cdd9-49c9-9956-8e06a3810bd4,2026-09-27,11155,534,exact
Sabrina Carpenter,Sabrina Carpenter,20260928,18595,Sabrina_Carpenter,2026-10-05T05:05:14.242906+00:00,1882fe91-cdd9-49c9-9956-8e06a3810bd4,2026-09-28,18595,535,exact
Sabrina Carpenter,Sabrina Carpenter,20260929,8611,Sabrina_Carpenter,2026-10-05T05:05:14.242906+00:00,1882fe91-cdd9-49c9-9956-8e06a3810bd4,2026-09-29,8611,536,exact
Sabrina Carpenter,Sabrina Carpenter,20260930,7083,Sabrina_Carpenter,2026-10-05T05:05:14.242906+00:00,1882fe91-cdd9-49c9-9956-8e06a3810bd4,2026-09-30,7083,537,exact
Sabrina Carpenter,Sabrina Carpenter,20261001,6251,Sabrina_Carpenter,2026-10-05T05:05:14.242906+00:00,1882fe91-cdd9-49c9-9956-8e06a3810bd4,2026-10-01,6251,538,exact
Sabrina Carpenter,Sabrina Carpenter,20261002,6378,Sabrina_Carpenter,2026-10-05T05:05:14.242906+00:00,1882fe91-cdd9-49c9-9956-8e06a3810bd4,2026-10-02,6378,539,exact
Sabrina Carpenter,Sabrina Carpenter,20261003,6595,Sabrina_Carpenter,2026-10-05T05:05:14.242906+00:00,1882fe91-cdd9-49c9-9956-8e06a3810bd4,2026-10-03,6595,540,exact
Sabrina Carpenter,Sabrina Carpenter,20261004,6707,Sabrina_Carpenter,2026-10-05T05:05:14.242906+00:00,1882fe91-cdd9-49c9-9956-8e06a3810bd4,2026-10-04,6707,541,exact
Olivia Rodrigo,Olivia Rodrigo,20260905,10605,Olivia_Rodrigo,2026-10-05T05:05:14.242906+00:00,6925db17-f35e-42f3-a4eb-84ee6bf5d4b0,2026-09-05,10605,542,exact
Olivia Rodrigo,Olivia Rodrigo,20260906,10167,Olivia_Rodrigo,2026-10-05T05:05:14.242906+00:00,6925db17-f35e-42f3-a4eb-84ee6bf5d4b0,2026-09-06,10167,543,exact
Olivia Rodrigo,Olivia Rodrigo,20260907,9727,Olivia_Rodrigo,2026-10-05T05:05:14.242906+00:00,6925db17-f35e-42f3-a4eb-84ee6bf5d4b0,2026-09-07,9727,544,exact
Olivia Rodrigo,Olivia Rodrigo,20260908,48508,Olivia_Rodrigo,2026-10-05T05:05:14.242906+00:00,6925db17-f35e-42f3-a4eb-84ee6bf5d4b0,2026-09-08,48508,545,exact
Olivia Rodrigo,Olivia Rodrigo,20260909,20693,Olivia_Rodrigo,2026-10-05T05:05:14.242906+00:00,6925db17-f35e-42f3-a4eb-84ee6bf5d4b0,2026-09-09,20693,546,exact
Olivia Rodrigo,Olivia Rodrigo,20260910,12542,Olivia_Rodrigo,2026-10-05T05:05:14.242906+00:00,6925db17-f35e-42f3-a4eb-84ee6bf5d4b0,2026-09-10,12542,547,exact
Olivia Rodrigo,Olivia Rodrigo,20260911,10346,Olivia_Rodrigo,2026-10-05T05:05:14.242906+00:00,6925db17-f35e-42f3-a4eb-84ee6bf5d4b0,2026-09-11,10346,548,exact
Olivia Rodrigo,Olivia Rodrigo,20260912,9885,Olivia_Rodrigo,2026-10-05T05:05:14.242906+00:00,6925db17-f35e-42f3-a4eb-84ee6bf5d4b0,2026-09-12,9885,549,exact
Olivia Rodrigo,Olivia Rodrigo,20260913,9426,Olivia_Rodrigo,2026-10-05T05:05:14.242906+00:00,6925db17-f35e-42f3-a4eb-84ee6bf5d4b0,2026-09-13,9426,550,exact
Olivia Rodrigo,Olivia Rodrigo,20260914,9292,Olivia_Rodrigo,2026-10-05T05:05:14.242906+00:00,6925db17-f35e-42f3-a4eb-84ee6bf5d4b0,2026-09-14,9292,551,exact
Olivia Rodrigo,Olivia Rodrigo,20260915,8452,Olivia_Rodrigo,2026-10-05T05:05:14.242906+00:00,6925db17-f35e-42f3-a4eb-84ee6bf5d4b0,2026-09-15,8452,552,exact
Olivia Rodrigo,Olivia Rodrigo,20260916,8350,Olivia_Rodrigo,2026-10-05T05:05:14.242906+00:00,6925db17-f35e-42f3-a4eb-84ee6bf5d4b0,2026-09-16,8350,553,exact
Olivia Rodrigo,Olivia Rodrigo,20260917,7973,Olivia_Rodrigo,2026-10-05T05:05:14.242906+00:00,6925db17-f35e-42f3-a4eb-84ee6bf5d4b0,2026-09-17,7973,554,exact
Olivia Rodrigo,Olivia Rodrigo,20260918,8446,Olivia_Rodrigo,2026-10-05T05:05:14.242906+00:00,6925db17-f35e-42f3-a4eb-84ee6bf5d4b0,2026-09-18,8446,555,exact
Olivia Rodrigo,Olivia Rodrigo,20260919,8933,Olivia_Rodrigo,2026-10-05T05:05:14.242906+00:00,6925db17-f35e-42f3-a4eb-84ee6bf5d4b0,2026-09-19,8933,556,exact
Olivia Rodrigo,Olivia Rodrigo,20260920,8291,Olivia_Rodrigo,2026-10-05T05:05:14.242906+00:00,6925db17-f35e-42f3-a4eb-84ee6bf5d4b0,2026-09-20,8291,557,exact
Olivia Rodrigo,Olivia Rodrigo,20260921,7753,Olivia_Rodrigo,2026-10-05T05:05:14.242906+00:00,6925db17-f35e-42f3-a4eb-84ee6bf5d4b0,2026-09-21,7753,558,exact
Olivia Rodrigo,Olivia Rodrigo,20260922,8391,Olivia_Rodrigo,2026-10-05T05:05:14.242906+00:00,6925db17-f35e-42f3-a4eb-84ee6bf5d4b0,2026-09-22,8391,559,exact
Olivia Rodrigo,Olivia Rodrigo,20260923,8148,Olivia_Rodrigo,2026-10-05T05:05:14.242906+00:00,6925db17-f35e-42f3-a4eb-84ee6bf5d4b0,2026-09-23,8148,560,exact
Olivia Rodrigo,Olivia Rodrigo,20260924,8783,Olivia_Rodrigo,2026-10-05T05:05:14.242906+00:00,6925db17-f35e-42f3-a4eb-84ee6bf5d4b0,2026-09-24,8783,561,exact
Olivia Rodrigo,Olivia Rodrigo,20260925,11107,Olivia_Rodrigo,2026-10-05T05:05:14.242906+00:00,6925db17-f35e-42f3-a4eb-84ee6bf5d4b0,2026-09-25,11107,562,exact
Olivia Rodrigo,Olivia Rodrigo,20260926,18991,Olivia_Rodrigo,2026-10-05T05:05:14.242906+00:00,6925db17-f35e-42f3-a4eb-84ee6bf5d4b0,2026-09-26,18991,563,exact
Olivia Rodrigo,Olivia Rodrigo,20260927,17939,Olivia_Rodrigo,2026-10-05T05:05:14.242906+00:00,6925db17-f35e-42f3-a4eb-84ee6bf5d4b0,2026-09-27,17939,564,exact
Olivia Rodrigo,Olivia Rodrigo,20260928,16391,Olivia_Rodrigo,2026-10-05T05:05:14.242906+00:00,6925db17-f35e-42f3-a4eb-84ee6bf5d4b0,2026-09-28,16391,565,exact
Olivia Rodrigo,Olivia Rodrigo,20260929,13226,Olivia_Rodrigo,2026-10-05T05:05:14.242906+00:00,6925db17-f35e-42f3-a4eb-84ee6bf5d4b0,2026-09-29,13226,566,exact
Olivia Rodrigo,Olivia Rodrigo,20260930,12199,Olivia_Rodrigo,2026-10-05T05:05:14.242906+00:00,6925db17-f35e-42f3-a4eb-84ee6bf5d4b0,2026-09-30,12199,567,exact
Olivia Rodrigo,Olivia Rodrigo,20261001,11993,Olivia_Rodrigo,2026-10-05T05:05:14.242906+00:00,6925db17-f35e-42f3-a4eb-84ee6bf5d4b0,2026-10-01,11993,568,exact
Olivia Rodrigo,Olivia Rodrigo,20261002,11019,Olivia_Rodrigo,2026-10-05T05:05:14.242906+00:00,6925db17-f35e-42f3-a4eb-84ee6bf5d4b0,2026-10-02,11019,569,exact
Olivia Rodrigo,Olivia Rodrigo,20261003,12605,Olivia_Rodrigo,2026-10-05T05:05:14.242906+00:00,6925db17-f35e-42f3-a4eb-84ee6bf5d4b0,2026-10-03,12605,570,exact
Olivia Rodrigo,Olivia Rodrigo,20261004,12650,Olivia_Rodrigo,2026-10-05T05:05:14.242906+00:00,6925db17-f35e-42f3-a4eb-84ee6bf5d4b0,2026-10-04,12650,571,exact
The Beatles,The Beatles,20260905,9544,The_Beatles,2026-10-05T05:05:14.242906+00:00,b10bbbfc-cf9e-42e0-be17-e2c3e1d2600d,2026-09-05,9544,572,exact
The Beatles,The Beatles,20260906,9341,The_Beatles,2026-10-05T05:05:14.242906+00:00,b10bbbfc-cf9e-42e0-be17-e2c3e1d2600d,2026-09-06,9341,573,exact
The Beatles,The Beatles,20260907,9389,The_Beatles,2026-10-05T05:05:14.242906+00:00,b10bbbfc-cf9e-42e0-be17-e2c3e1d2600d,2026-09-07,9389,574,exact
The Beatles,The Beatles,20260908,9025,The_Beatles,2026-10-05T05:05:14.242906+00:00,b10bbbfc-cf9e-42e0-be17-e2c3e1d2600d,2026-09-08,9025,575,exact
The Beatles,The Beatles,20260909,9014,The_Beatles,2026-10-05T05:05:14.242906+00:00,b10bbbfc-cf9e-42e0-be17-e2c3e1d2600d,2026-09-09,9014,576,exact
The Beatles,The Beatles,20260910,9214,The_Beatles,2026-10-05T05:05:14.242906+00:00,b10bbbfc-cf9e-42e0-be17-e2c3e1d2600d,2026-09-10,9214,577,exact
The Beatles,The Beatles,20260911,10313,The_Beatles,2026-10-05T05:05:14.242906+00:00,b10bbbfc-cf9e-42e0-be17-e2c3e1d2600d,2026-09-11,10313,578,exact
The Beatles,The Beatles,20260912,8990,The_Beatles,2026-10-05T05:05:14.242906+00:00,b10bbbfc-cf9e-42e0-be17-e2c3e1d2600d,2026-09-12,8990,579,exact
The Beatles,The Beatles,20260913,9213,The_Beatles,2026-10-05T05:05:14.242906+00:00,b10bbbfc-cf9e-42e0-be17-e2c3e1d2600d,2026-09-13,9213,580,exact
The Beatles,The Beatles,20260914,9014,The_Beatles,2026-10-05T05:05:14.242906+00:00,b10bbbfc-cf9e-42e0-be17-e2c3e1d2600d,2026-09-14,9014,581,exact
The Beatles,The Beatles,20260915,9066,The_Beatles,2026-10-05T05:05:14.242906+00:00,b10bbbfc-cf9e-42e0-be17-e2c3e1d2600d,2026-09-15,9066,582,exact
The Beatles,The Beatles,20260916,9083,The_Beatles,2026-10-05T05:05:14.242906+00:00,b10bbbfc-cf9e-42e0-be17-e2c3e1d2600d,2026-09-16,9083,583,exact
The Beatles,The Beatles,20260917,9395,The_Beatles,2026-10-05T05:05:14.242906+00:00,b10bbbfc-cf9e-42e0-be17-e2c3e1d2600d,2026-09-17,9395,584,exact
The Beatles,The Beatles,20260918,8948,The_Beatles,2026-10-05T05:05:14.242906+00:00,b10bbbfc-cf9e-42e0-be17-e2c3e1d2600d,2026-09-18,8948,585,exact
The Beatles,The Beatles,20260919,9308,The_Beatles,2026-10-05T05:05:14.242906+00:00,b10bbbfc-cf9e-42e0-be17-e2c3e1d2600d,2026-09-19,9308,586,exact
The Beatles,The Beatles,20260920,10058,The_Beatles,2026-10-05T05:05:14.242906+00:00,b10bbbfc-cf9e-42e0-be17-e2c3e1d2600d,2026-09-20,10058,587,exact
The Beatles,The Beatles,20260921,9292,The_Beatles,2026-10-05T05:05:14.242906+00:00,b10bbbfc-cf9e-42e0-be17-e2c3e1d2600d,2026-09-21,9292,588,exact
The Beatles,The Beatles,20260922,8946,The_Beatles,2026-10-05T05:05:14.242906+00:00,b10bbbfc-cf9e-42e0-be17-e2c3e1d2600d,2026-09-22,8946,589,exact
The Beatles,The Beatles,20260923,8793,The_Beatles,2026-10-05T05:05:14.242906+00:00,b10bbbfc-cf9e-42e0-be17-e2c3e1d2600d,2026-09-23,8793,590,exact
The Beatles,The Beatles,20260924,9217,The_Beatles,2026-10-05T05:05:14.242906+00:00,b10bbbfc-cf9e-42e0-be17-e2c3e1d2600d,2026-09-24,9217,591,exact
The Beatles,The Beatles,20260925,9328,The_Beatles,2026-10-05T05:05:14.242906+00:00,b10bbbfc-cf9e-42e0-be17-e2c3e1d2600d,2026-09-25,9328,592,exact
The Beatles,The Beatles,20260926,9627,The_Beatles,2026-10-05T05:05:14.242906+00:00,b10bbbfc-cf9e-42e0-be17-e2c3e1d2600d,2026-09-26,9627,593,exact
The Beatles,The Beatles,20260927,9575,The_Beatles,2026-10-05T05:05:14.242906+00:00,b10bbbfc-cf9e-42e0-be17-e2c3e1d2600d,2026-09-27,9575,594,exact
The Beatles,The Beatles,20260928,9217,The_Beatles,2026-10-05T05:05:14.242906+00:00,b10bbbfc-cf9e-42e0-be17-e2c3e1d2600d,2026-09-28,9217,595,exact
The Beatles,The Beatles,20260929,19093,The_Beatles,2026-10-05T05:05:14.242906+00:00,b10bbbfc-cf9e-42e0-be17-e2c3e1d2600d,2026-09-29,19093,596,exact
The Beatles,The Beatles,20260930,9590,The_Beatles,2026-10-05T05:05:14.242906+00:00,b10bbbfc-cf9e-42e0-be17-e2c3e1d2600d,2026-09-30,9590,597,exact
The Beatles,The Beatles,20261001,10110,The_Beatles,2026-10-05T05:05:14.242906+00:00,b10bbbfc-cf9e-42e0-be17-e2c3e1d2600d,2026-10-01,10110,598,exact
The Beatles,The Beatles,20261002,10622,The_Beatles,2026-10-05T05:05:14.242906+00:00,b10bbbfc-cf9e-42e0-be17-e2c3e1d2600d,2026-10-02,10622,599,exact
The Beatles,The Beatles,20261003,11321,The_Beatles,2026-10-05T05:05:14.242906+00:00,b10bbbfc-cf9e-42e0-be17-e2c3e1d2600d,2026-10-03,11321,600,exact
The Beatles,The Beatles,20261004,10429,The_Beatles,2026-10-05T05:05:14.242906+00:00,b10bbbfc-cf9e-42e0-be17-e2c3e1d2600d,2026-10-04,10429,601,exact
Elvis Presley,Elvis Presley,20260905,14229,Elvis_Presley,2026-10-05T05:05:14.242906+00:00,01809552-4f87-45b0-afff-2c6f0730a3be,2026-09-05,14229,602,exact
Elvis Presley,Elvis Presley,20260906,12217,Elvis_Presley,2026-10-05T05:05:14.242906+00:00,01809552-4f87-45b0-afff-2c6f0730a3be,2026-09-06,12217,603,exact
Elvis Presley,Elvis Presley,20260907,10785,Elvis_Presley,2026-10-05T05:05:14.242906+00:00,01809552-4f87-45b0-afff-2c6f0730a3be,2026-09-07,10785,604,exact
Elvis Presley,Elvis Presley,20260908,10304,Elvis_Presley,2026-10-05T05:05:14.242906+00:00,01809552-4f87-45b0-afff-2c6f0730a3be,2026-09-08,10304,605,exact
Elvis Presley,Elvis Presley,20260909,10482,Elvis_Presley,2026-10-05T05:05:14.242906+00:00,01809552-4f87-45b0-afff-2c6f0730a3be,2026-09-09,10482,606,exact
Elvis Presley,Elvis Presley,20260910,10461,Elvis_Presley,2026-10-05T05:05:14.242906+00:00,01809552-4f87-45b0-afff-2c6f0730a3be,2026-09-10,10461,607,exact
Elvis Presley,Elvis Presley,20260911,10501,Elvis_Presley,2026-10-05T05:05:14.242906+00:00,01809552-4f87-45b0-afff-2c6f0730a3be,2026-09-11,10501,608,exact
Elvis Presley,Elvis Presley,20260912,10451,Elvis_Presley,2026-10-05T05:05:14.242906+00:00,01809552-4f87-45b0-afff-2c6f0730a3be,2026-09-12,10451,609,exact
Elvis Presley,Elvis Presley,20260913,10882,Elvis_Presley,2026-10-05T05:05:14.242906+00:00,01809552-4f87-45b0-afff-2c6f0730a3be,2026-09-13,10882,610,exact
Elvis Presley,Elvis Presley,20260914,9744,Elvis_Presley,2026-10-05T05:05:14.242906+00:00,01809552-4f87-45b0-afff-2c6f0730a3be,2026-09-14,9744,611,exact
Elvis Presley,Elvis Presley,20260915,11365,Elvis_Presley,2026-10-05T05:05:14.242906+00:00,01809552-4f87-45b0-afff-2c6f0730a3be,2026-09-15,11365,612,exact
Elvis Presley,Elvis Presley,20260916,9020,Elvis_Presley,2026-10-05T05:05:14.242906+00:00,01809552-4f87-45b0-afff-2c6f0730a3be,2026-09-16,9020,613,exact
Elvis Presley,Elvis Presley,20260917,9716,Elvis_Presley,2026-10-05T05:05:14.242906+00:00,01809552-4f87-45b0-afff-2c6f0730a3be,2026-09-17,9716,614,exact
Elvis Presley,Elvis Presley,20260918,9471,Elvis_Presley,2026-10-05T05:05:14.242906+00:00,01809552-4f87-45b0-afff-2c6f0730a3be,2026-09-18,9471,615,exact
Elvis Presley,Elvis Presley,20260919,10643,Elvis_Presley,2026-10-05T05:05:14.242906+00:00,01809552-4f87-45b0-afff-2c6f0730a3be,2026-09-19,10643,616,exact
Elvis Presley,Elvis Presley,20260920,10778,Elvis_Presley,2026-10-05T05:05:14.242906+00:00,01809552-4f87-45b0-afff-2c6f0730a3be,2026-09-20,10778,617,exact
Elvis Presley,Elvis Presley,20260921,10364,Elvis_Presley,2026-10-05T05:05:14.242906+00:00,01809552-4f87-45b0-afff-2c6f0730a3be,2026-09-21,10364,618,exact
Elvis Presley,Elvis Presley,20260922,10016,Elvis_Presley,2026-10-05T05:05:14.242906+00:00,01809552-4f87-45b0-afff-2c6f0730a3be,2026-09-22,10016,619,exact
Elvis Presley,Elvis Presley,20260923,10889,Elvis_Presley,2026-10-05T05:05:14.242906+00:00,01809552-4f87-45b0-afff-2c6f0730a3be,2026-09-23,10889,620,exact
Elvis Presley,Elvis Presley,20260924,9606,Elvis_Presley,2026-10-05T05:05:14.242906+00:00,01809552-4f87-45b0-afff-2c6f0730a3be,2026-09-24,9606,621,exact
Elvis Presley,Elvis Presley,20260925,9313,Elvis_Presley,2026-10-05T05:05:14.242906+00:00,01809552-4f87-45b0-afff-2c6f0730a3be,2026-09-25,9313,622,exact
Elvis Presley,Elvis Presley,20260926,10577,Elvis_Presley,2026-10-05T05:05:14.242906+00:00,01809552-4f87-45b0-afff-2c6f0730a3be,2026-09-26,10577,623,exact
Elvis Presley,Elvis Presley,20260927,11868,Elvis_Presley,2026-10-05T05:05:14.242906+00:00,01809552-4f87-45b0-afff-2c6f0730a3be,2026-09-27,11868,624,exact
Elvis Presley,Elvis Presley,20260928,9929,Elvis_Presley,2026-10-05T05:05:14.242906+00:00,01809552-4f87-45b0-afff-2c6f0730a3be,2026-09-28,9929,625,exact
Elvis Presley,Elvis Presley,20260929,9278,Elvis_Presley,2026-10-05T05:05:14.242906+00:00,01809552-4f87-45b0-afff-2c6f0730a3be,2026-09-29,9278,626,exact
Elvis Presley,Elvis Presley,20260930,10183,Elvis_Presley,2026-10-05T05:05:14.242906+00:00,01809552-4f87-45b0-afff-2c6f0730a3be,2026-09-30,10183,627,exact
Elvis Presley,Elvis Presley,20261001,8959,Elvis_Presley,2026-10-05T05:05:14.242906+00:00,01809552-4f87-45b0-afff-2c6f0730a3be,2026-10-01,8959,628,exact
Elvis Presley,Elvis Presley,20261002,9118,Elvis_Presley,2026-10-05T05:05:14.242906+00:00,01809552-4f87-45b0-afff-2c6f0730a3be,2026-10-02,9118,629,exact
Elvis Presley,Elvis Presley,20261003,13313,Elvis_Presley,2026-10-05T05:05:14.242906+00:00,01809552-4f87-45b0-afff-2c6f0730a3be,2026-10-03,13313,630,exact
Elvis Presley,Elvis Presley,20261004,11884,Elvis_Presley,2026-10-05T05:05:14.242906+00:00,01809552-4f87-45b0-afff-2c6f0730a3be,2026-10-04,11884,631,exact
Whitney Houston,Whitney Houston,20260905,8930,Whitney_Houston,2026-10-05T05:05:14.242906+00:00,0307edfc-437c-4b48-8700-80680e66a228,2026-09-05,8930,632,exact
Whitney Houston,Whitney Houston,20260906,9778,Whitney_Houston,2026-10-05T05:05:14.242906+00:00,0307edfc-437c-4b48-8700-80680e66a228,2026-09-06,9778,633,exact
Whitney Houston,Whitney Houston,20260907,8841,Whitney_Houston,2026-10-05T05:05:14.242906+00:00,0307edfc-437c-4b48-8700-80680e66a228,2026-09-07,8841,634,exact
Whitney Houston,Whitney Houston,20260908,7124,Whitney_Houston,2026-10-05T05:05:14.242906+00:00,0307edfc-437c-4b48-8700-80680e66a228,2026-09-08,7124,635,exact
Whitney Houston,Whitney Houston,20260909,6562,Whitney_Houston,2026-10-05T05:05:14.242906+00:00,0307edfc-437c-4b48-8700-80680e66a228,2026-09-09,6562,636,exact
Whitney Houston,Whitney Houston,20260910,6606,Whitney_Houston,2026-10-05T05:05:14.242906+00:00,0307edfc-437c-4b48-8700-80680e66a228,2026-09-10,6606,637,exact
Whitney Houston,Whitney Houston,20260911,6636,Whitney_Houston,2026-10-05T05:05:14.242906+00:00,0307edfc-437c-4b48-8700-80680e66a228,2026-09-11,6636,638,exact
Whitney Houston,Whitney Houston,20260912,9880,Whitney_Houston,2026-10-05T05:05:14.242906+00:00,0307edfc-437c-4b48-8700-80680e66a228,2026-09-12,9880,639,exact
Whitney Houston,Whitney Houston,20260913,8462,Whitney_Houston,2026-10-05T05:05:14.242906+00:00,0307edfc-437c-4b48-8700-80680e66a228,2026-09-13,8462,640,exact
Whitney Houston,Whitney Houston,20260914,6620,Whitney_Houston,2026-10-05T05:05:14.242906+00:00,0307edfc-437c-4b48-8700-80680e66a228,2026-09-14,6620,641,exact
Whitney Houston,Whitney Houston,20260915,5818,Whitney_Houston,2026-10-05T05:05:14.242906+00:00,0307edfc-437c-4b48-8700-80680e66a228,2026-09-15,5818,642,exact
Whitney Houston,Whitney Houston,20260916,5886,Whitney_Houston,2026-10-05T05:05:14.242906+00:00,0307edfc-437c-4b48-8700-80680e66a228,2026-09-16,5886,643,exact
Whitney Houston,Whitney Houston,20260917,6430,Whitney_Houston,2026-10-05T05:05:14.242906+00:00,0307edfc-437c-4b48-8700-80680e66a228,2026-09-17,6430,644,exact
Whitney Houston,Whitney Houston,20260918,6470,Whitney_Houston,2026-10-05T05:05:14.242906+00:00,0307edfc-437c-4b48-8700-80680e66a228,2026-09-18,6470,645,exact
Whitney Houston,Whitney Houston,20260919,7864,Whitney_Houston,2026-10-05T05:05:14.242906+00:00,0307edfc-437c-4b48-8700-80680e66a228,2026-09-19,7864,646,exact
Whitney Houston,Whitney Houston,20260920,8802,Whitney_Houston,2026-10-05T05:05:14.242906+00:00,0307edfc-437c-4b48-8700-80680e66a228,2026-09-20,8802,647,exact
Whitney Houston,Whitney Houston,20260921,5814,Whitney_Houston,2026-10-05T05:05:14.242906+00:00,0307edfc-437c-4b48-8700-80680e66a228,2026-09-21,5814,648,exact
Whitney Houston,Whitney Houston,20260922,5560,Whitney_Houston,2026-10-05T05:05:14.242906+00:00,0307edfc-437c-4b48-8700-80680e66a228,2026-09-22,5560,649,exact
Whitney Houston,Whitney Houston,20260923,5343,Whitney_Houston,2026-10-05T05:05:14.242906+00:00,0307edfc-437c-4b48-8700-80680e66a228,2026-09-23,5343,650,exact
Whitney Houston,Whitney Houston,20260924,5214,Whitney_Houston,2026-10-05T05:05:14.242906+00:00,0307edfc-437c-4b48-8700-80680e66a228,2026-09-24,5214,651,exact
Whitney Houston,Whitney Houston,20260925,5994,Whitney_Houston,2026-10-05T05:05:14.242906+00:00,0307edfc-437c-4b48-8700-80680e66a228,2026-09-25,5994,652,exact
Whitney Houston,Whitney Houston,20260926,6555,Whitney_Houston,2026-10-05T05:05:14.242906+00:00,0307edfc-437c-4b48-8700-80680e66a228,2026-09-26,6555,653,exact
Whitney Houston,Whitney Houston,20260927,7273,Whitney_Houston,2026-10-05T05:05:14.242906+00:00,0307edfc-437c-4b48-8700-80680e66a228,2026-09-27,7273,654,exact
Whitney Houston,Whitney Houston,20260928,6738,Whitney_Houston,2026-10-05T05:05:14.242906+00:00,0307edfc-437c-4b48-8700-80680e66a228,2026-09-28,6738,655,exact
Whitney Houston,Whitney Houston,20260929,4966,Whitney_Houston,2026-10-05T05:05:14.242906+00:00,0307edfc-437c-4b48-8700-80680e66a228,2026-09-29,4966,656,exact
Whitney Houston,Whitney Houston,20260930,5436,Whitney_Houston,2026-10-05T05:05:14.242906+00:00,0307edfc-437c-4b48-8700-80680e66a228,2026-09-30,5436,657,exact
Whitney Houston,Whitney Houston,20261001,5749,Whitney_Houston,2026-10-05T05:05:14.242906+00:00,0307edfc-437c-4b48-8700-80680e66a228,2026-10-01,5749,658,exact
Whitney Houston,Whitney Houston,20261002,6064,Whitney_Houston,2026-10-05T05:05:14.242906+00:00,0307edfc-437c-4b48-8700-80680e66a228,2026-10-02,6064,659,exact
Whitney Houston,Whitney Houston,20261003,13120,Whitney_Houston,2026-10-05T05:05:14.242906+00:00,0307edfc-437c-4b48-8700-80680e66a228,2026-10-03,13120,660,exact
Whitney Houston,Whitney Houston,20261004,29299,Whitney_Houston,2026-10-05T05:05:14.242906+00:00,0307edfc-437c-4b48-8700-80680e66a228,2026-10-04,29299,661,exact
Prince,Prince,20260905,406,Prince,2026-10-05T05:05:14.242906+00:00,070d193a-845c-479f-980e-bef15710653e,2026-09-05,406,662,exact
Prince,Prince,20260906,391,Prince,2026-10-05T05:05:14.242906+00:00,070d193a-845c-479f-980e-bef15710653e,2026-09-06,391,663,exact
Prince,Prince,20260907,390,Prince,2026-10-05T05:05:14.242906+00:00,070d193a-845c-479f-980e-bef15710653e,2026-09-07,390,664,exact
Prince,Prince,20260908,420,Prince,2026-10-05T05:05:14.242906+00:00,070d193a-845c-479f-980e-bef15710653e,2026-09-08,420,665,exact
Prince,Prince,20260909,385,Prince,2026-10-05T05:05:14.242906+00:00,070d193a-845c-479f-980e-bef15710653e,2026-09-09,385,666,exact
Prince,Prince,20260910,401,Prince,2026-10-05T05:05:14.242906+00:00,070d193a-845c-479f-980e-bef15710653e,2026-09-10,401,667,exact
Prince,Prince,20260911,371,Prince,2026-10-05T05:05:14.242906+00:00,070d193a-845c-479f-980e-bef15710653e,2026-09-11,371,668,exact
Prince,Prince,20260912,349,Prince,2026-10-05T05:05:14.242906+00:00,070d193a-845c-479f-980e-bef15710653e,2026-09-12,349,669,exact
Prince,Prince,20260913,359,Prince,2026-10-05T05:05:14.242906+00:00,070d193a-845c-479f-980e-bef15710653e,2026-09-13,359,670,exact
Prince,Prince,20260914,336,Prince,2026-10-05T05:05:14.242906+00:00,070d193a-845c-479f-980e-bef15710653e,2026-09-14,336,671,exact
Prince,Prince,20260915,342,Prince,2026-10-05T05:05:14.242906+00:00,070d193a-845c-479f-980e-bef15710653e,2026-09-15,342,672,exact
Prince,Prince,20260916,329,Prince,2026-10-05T05:05:14.242906+00:00,070d193a-845c-479f-980e-bef15710653e,2026-09-16,329,673,exact
Prince,Prince,20260917,372,Prince,2026-10-05T05:05:14.242906+00:00,070d193a-845c-479f-980e-bef15710653e,2026-09-17,372,674,exact
Prince,Prince,20260918,335,Prince,2026-10-05T05:05:14.242906+00:00,070d193a-845c-479f-980e-bef15710653e,2026-09-18,335,675,exact
Prince,Prince,20260919,381,Prince,2026-10-05T05:05:14.242906+00:00,070d193a-845c-479f-980e-bef15710653e,2026-09-19,381,676,exact
Prince,Prince,20260920,304,Prince,2026-10-05T05:05:14.242906+00:00,070d193a-845c-479f-980e-bef15710653e,2026-09-20,304,677,exact
Prince,Prince,20260921,331,Prince,2026-10-05T05:05:14.242906+00:00,070d193a-845c-479f-980e-bef15710653e,2026-09-21,331,678,exact
Prince,Prince,20260922,341,Prince,2026-10-05T05:05:14.242906+00:00,070d193a-845c-479f-980e-bef15710653e,2026-09-22,341,679,exact
Prince,Prince,20260923,327,Prince,2026-10-05T05:05:14.242906+00:00,070d193a-845c-479f-980e-bef15710653e,2026-09-23,327,680,exact
Prince,Prince,20260924,324,Prince,2026-10-05T05:05:14.242906+00:00,070d193a-845c-479f-980e-bef15710653e,2026-09-24,324,681,exact
Prince,Prince,20260925,328,Prince,2026-10-05T05:05:14.242906+00:00,070d193a-845c-479f-980e-bef15710653e,2026-09-25,328,682,exact
Prince,Prince,20260926,289,Prince,2026-10-05T05:05:14.242906+00:00,070d193a-845c-479f-980e-bef15710653e,2026-09-26,289,683,exact
Prince,Prince,20260927,326,Prince,2026-10-05T05:05:14.242906+00:00,070d193a-845c-479f-980e-bef15710653e,2026-09-27,326,684,exact
Prince,Prince,20260928,338,Prince,2026-10-05T05:05:14.242906+00:00,070d193a-845c-479f-980e-bef15710653e,2026-09-28,338,685,exact
Prince,Prince,20260929,325,Prince,2026-10-05T05:05:14.242906+00:00,070d193a-845c-479f-980e-bef15710653e,2026-09-29,325,686,exact
Prince,Prince,20260930,312,Prince,2026-10-05T05:05:14.242906+00:00,070d193a-845c-479f-980e-bef15710653e,2026-09-30,312,687,exact
Prince,Prince,20261001,252,Prince,2026-10-05T05:05:14.242906+00:00,070d193a-845c-479f-980e-bef15710653e,2026-10-01,252,688,exact
Prince,Prince,20261002,335,Prince,2026-10-05T05:05:14.242906+00:00,070d193a-845c-479f-980e-bef15710653e,2026-10-02,335,689,exact
Prince,Prince,20261003,330,Prince,2026-10-05T05:05:14.242906+00:00,070d193a-845c-479f-980e-bef15710653e,2026-10-03,330,690,exact
Prince,Prince,20261004,287,Prince,2026-10-05T05:05:14.242906+00:00,070d193a-845c-479f-980e-bef15710653e,2026-10-04,287,691,exact
David Bowie,David Bowie,20260905,9526,David_Bowie,2026-10-05T05:05:14.242906+00:00,5441c29d-3602-4898-b1a1-b77fa23b8e50,2026-09-05,9526,692,exact
David Bowie,David Bowie,20260906,12162,David_Bowie,2026-10-05T05:05:14.242906+00:00,5441c29d-3602-4898-b1a1-b77fa23b8e50,2026-09-06,12162,693,exact
David Bowie,David Bowie,20260907,9200,David_Bowie,2026-10-05T05:05:14.242906+00:00,5441c29d-3602-4898-b1a1-b77fa23b8e50,2026-09-07,9200,694,exact
David Bowie,David Bowie,20260908,8625,David_Bowie,2026-10-05T05:05:14.242906+00:00,5441c29d-3602-4898-b1a1-b77fa23b8e50,2026-09-08,8625,695,exact
David Bowie,David Bowie,20260909,8526,David_Bowie,2026-10-05T05:05:14.242906+00:00,5441c29d-3602-4898-b1a1-b77fa23b8e50,2026-09-09,8526,696,exact
David Bowie,David Bowie,20260910,8257,David_Bowie,2026-10-05T05:05:14.242906+00:00,5441c29d-3602-4898-b1a1-b77fa23b8e50,2026-09-10,8257,697,exact
David Bowie,David Bowie,20260911,8647,David_Bowie,2026-10-05T05:05:14.242906+00:00,5441c29d-3602-4898-b1a1-b77fa23b8e50,2026-09-11,8647,698,exact
David Bowie,David Bowie,20260912,10877,David_Bowie,2026-10-05T05:05:14.242906+00:00,5441c29d-3602-4898-b1a1-b77fa23b8e50,2026-09-12,10877,699,exact
David Bowie,David Bowie,20260913,9840,David_Bowie,2026-10-05T05:05:14.242906+00:00,5441c29d-3602-4898-b1a1-b77fa23b8e50,2026-09-13,9840,700,exact
David Bowie,David Bowie,20260914,9111,David_Bowie,2026-10-05T05:05:14.242906+00:00,5441c29d-3602-4898-b1a1-b77fa23b8e50,2026-09-14,9111,701,exact
David Bowie,David Bowie,20260915,7451,David_Bowie,2026-10-05T05:05:14.242906+00:00,5441c29d-3602-4898-b1a1-b77fa23b8e50,2026-09-15,7451,702,exact
David Bowie,David Bowie,20260916,8389,David_Bowie,2026-10-05T05:05:14.242906+00:00,5441c29d-3602-4898-b1a1-b77fa23b8e50,2026-09-16,8389,703,exact
David Bowie,David Bowie,20260917,8566,David_Bowie,2026-10-05T05:05:14.242906+00:00,5441c29d-3602-4898-b1a1-b77fa23b8e50,2026-09-17,8566,704,exact
David Bowie,David Bowie,20260918,10586,David_Bowie,2026-10-05T05:05:14.242906+00:00,5441c29d-3602-4898-b1a1-b77fa23b8e50,2026-09-18,10586,705,exact
David Bowie,David Bowie,20260919,11028,David_Bowie,2026-10-05T05:05:14.242906+00:00,5441c29d-3602-4898-b1a1-b77fa23b8e50,2026-09-19,11028,706,exact
David Bowie,David Bowie,20260920,10815,David_Bowie,2026-10-05T05:05:14.242906+00:00,5441c29d-3602-4898-b1a1-b77fa23b8e50,2026-09-20,10815,707,exact
David Bowie,David Bowie,20260921,9316,David_Bowie,2026-10-05T05:05:14.242906+00:00,5441c29d-3602-4898-b1a1-b77fa23b8e50,2026-09-21,9316,708,exact
David Bowie,David Bowie,20260922,8890,David_Bowie,2026-10-05T05:05:14.242906+00:00,5441c29d-3602-4898-b1a1-b77fa23b8e50,2026-09-22,8890,709,exact
David Bowie,David Bowie,20260923,8530,David_Bowie,2026-10-05T05:05:14.242906+00:00,5441c29d-3602-4898-b1a1-b77fa23b8e50,2026-09-23,8530,710,exact
David Bowie,David Bowie,20260924,8089,David_Bowie,2026-10-05T05:05:14.242906+00:00,5441c29d-3602-4898-b1a1-b77fa23b8e50,2026-09-24,8089,711,exact
David Bowie,David Bowie,20260925,9040,David_Bowie,2026-10-05T05:05:14.242906+00:00,5441c29d-3602-4898-b1a1-b77fa23b8e50,2026-09-25,9040,712,exact
David Bowie,David Bowie,20260926,9106,David_Bowie,2026-10-05T05:05:14.242906+00:00,5441c29d-3602-4898-b1a1-b77fa23b8e50,2026-09-26,9106,713,exact
David Bowie,David Bowie,20260927,9134,David_Bowie,2026-10-05T05:05:14.242906+00:00,5441c29d-3602-4898-b1a1-b77fa23b8e50,2026-09-27,9134,714,exact
David Bowie,David Bowie,20260928,8127,David_Bowie,2026-10-05T05:05:14.242906+00:00,5441c29d-3602-4898-b1a1-b77fa23b8e50,2026-09-28,8127,715,exact
David Bowie,David Bowie,20260929,8113,David_Bowie,2026-10-05T05:05:14.242906+00:00,5441c29d-3602-4898-b1a1-b77fa23b8e50,2026-09-29,8113,716,exact
David Bowie,David Bowie,20260930,9006,David_Bowie,2026-10-05T05:05:14.242906+00:00,5441c29d-3602-4898-b1a1-b77fa23b8e50,2026-09-30,9006,717,exact
David Bowie,David Bowie,20261001,8349,David_Bowie,2026-10-05T05:05:14.242906+00:00,5441c29d-3602-4898-b1a1-b77fa23b8e50,2026-10-01,8349,718,exact
David Bowie,David Bowie,20261002,8554,David_Bowie,2026-10-05T05:05:14.242906+00:00,5441c29d-3602-4898-b1a1-b77fa23b8e50,2026-10-02,8554,719,exact
David Bowie,David Bowie,20261003,9610,David_Bowie,2026-10-05T05:05:14.242906+00:00,5441c29d-3602-4898-b1a1-b77fa23b8e50,2026-10-03,9610,720,exact
David Bowie,David Bowie,20261004,8758,David_Bowie,2026-10-05T05:05:14.242906+00:00,5441c29d-3602-4898-b1a1-b77fa23b8e50,2026-10-04,8758,721,exact
Bob Dylan,Bob Dylan,20260905,7704,Bob_Dylan,2026-10-05T05:05:14.242906+00:00,72c536dc-7137-4477-a521-567eeb840fa8,2026-09-05,7704,722,exact
Bob Dylan,Bob Dylan,20260906,7799,Bob_Dylan,2026-10-05T05:05:14.242906+00:00,72c536dc-7137-4477-a521-567eeb840fa8,2026-09-06,7799,723,exact
Bob Dylan,Bob Dylan,20260907,7399,Bob_Dylan,2026-10-05T05:05:14.242906+00:00,72c536dc-7137-4477-a521-567eeb840fa8,2026-09-07,7399,724,exact
Bob Dylan,Bob Dylan,20260908,6567,Bob_Dylan,2026-10-05T05:05:14.242906+00:00,72c536dc-7137-4477-a521-567eeb840fa8,2026-09-08,6567,725,exact
Bob Dylan,Bob Dylan,20260909,6604,Bob_Dylan,2026-10-05T05:05:14.242906+00:00,72c536dc-7137-4477-a521-567eeb840fa8,2026-09-09,6604,726,exact
Bob Dylan,Bob Dylan,20260910,6543,Bob_Dylan,2026-10-05T05:05:14.242906+00:00,72c536dc-7137-4477-a521-567eeb840fa8,2026-09-10,6543,727,exact
Bob Dylan,Bob Dylan,20260911,6852,Bob_Dylan,2026-10-05T05:05:14.242906+00:00,72c536dc-7137-4477-a521-567eeb840fa8,2026-09-11,6852,728,exact
Bob Dylan,Bob Dylan,20260912,7574,Bob_Dylan,2026-10-05T05:05:14.242906+00:00,72c536dc-7137-4477-a521-567eeb840fa8,2026-09-12,7574,729,exact
Bob Dylan,Bob Dylan,20260913,7368,Bob_Dylan,2026-10-05T05:05:14.242906+00:00,72c536dc-7137-4477-a521-567eeb840fa8,2026-09-13,7368,730,exact
Bob Dylan,Bob Dylan,20260914,6757,Bob_Dylan,2026-10-05T05:05:14.242906+00:00,72c536dc-7137-4477-a521-567eeb840fa8,2026-09-14,6757,731,exact
Bob Dylan,Bob Dylan,20260915,7061,Bob_Dylan,2026-10-05T05:05:14.242906+00:00,72c536dc-7137-4477-a521-567eeb840fa8,2026-09-15,7061,732,exact
Bob Dylan,Bob Dylan,20260916,7245,Bob_Dylan,2026-10-05T05:05:14.242906+00:00,72c536dc-7137-4477-a521-567eeb840fa8,2026-09-16,7245,733,exact
Bob Dylan,Bob Dylan,20260917,6818,Bob_Dylan,2026-10-05T05:05:14.242906+00:00,72c536dc-7137-4477-a521-567eeb840fa8,2026-09-17,6818,734,exact
Bob Dylan,Bob Dylan,20260918,7113,Bob_Dylan,2026-10-05T05:05:14.242906+00:00,72c536dc-7137-4477-a521-567eeb840fa8,2026-09-18,7113,735,exact
Bob Dylan,Bob Dylan,20260919,7603,Bob_Dylan,2026-10-05T05:05:14.242906+00:00,72c536dc-7137-4477-a521-567eeb840fa8,2026-09-19,7603,736,exact
Bob Dylan,Bob Dylan,20260920,7540,Bob_Dylan,2026-10-05T05:05:14.242906+00:00,72c536dc-7137-4477-a521-567eeb840fa8,2026-09-20,7540,737,exact
Bob Dylan,Bob Dylan,20260921,6696,Bob_Dylan,2026-10-05T05:05:14.242906+00:00,72c536dc-7137-4477-a521-567eeb840fa8,2026-09-21,6696,738,exact
Bob Dylan,Bob Dylan,20260922,6843,Bob_Dylan,2026-10-05T05:05:14.242906+00:00,72c536dc-7137-4477-a521-567eeb840fa8,2026-09-22,6843,739,exact
Bob Dylan,Bob Dylan,20260923,6642,Bob_Dylan,2026-10-05T05:05:14.242906+00:00,72c536dc-7137-4477-a521-567eeb840fa8,2026-09-23,6642,740,exact
Bob Dylan,Bob Dylan,20260924,6319,Bob_Dylan,2026-10-05T05:05:14.242906+00:00,72c536dc-7137-4477-a521-567eeb840fa8,2026-09-24,6319,741,exact
Bob Dylan,Bob Dylan,20260925,7020,Bob_Dylan,2026-10-05T05:05:14.242906+00:00,72c536dc-7137-4477-a521-567eeb840fa8,2026-09-25,7020,742,exact
Bob Dylan,Bob Dylan,20260926,7860,Bob_Dylan,2026-10-05T05:05:14.242906+00:00,72c536dc-7137-4477-a521-567eeb840fa8,2026-09-26,7860,743,exact
Bob Dylan,Bob Dylan,20260927,7905,Bob_Dylan,2026-10-05T05:05:14.242906+00:00,72c536dc-7137-4477-a521-567eeb840fa8,2026-09-27,7905,744,exact
Bob Dylan,Bob Dylan,20260928,6923,Bob_Dylan,2026-10-05T05:05:14.242906+00:00,72c536dc-7137-4477-a521-567eeb840fa8,2026-09-28,6923,745,exact
Bob Dylan,Bob Dylan,20260929,6985,Bob_Dylan,2026-10-05T05:05:14.242906+00:00,72c536dc-7137-4477-a521-567eeb840fa8,2026-09-29,6985,746,exact
Bob Dylan,Bob Dylan,20260930,6697,Bob_Dylan,2026-10-05T05:05:14.242906+00:00,72c536dc-7137-4477-a521-567eeb840fa8,2026-09-30,6697,747,exact
Bob Dylan,Bob Dylan,20261001,7099,Bob_Dylan,2026-10-05T05:05:14.242906+00:00,72c536dc-7137-4477-a521-567eeb840fa8,2026-10-01,7099,748,exact
Bob Dylan,Bob Dylan,20261002,7063,Bob_Dylan,2026-10-05T05:05:14.242906+00:00,72c536dc-7137-4477-a521-567eeb840fa8,2026-10-02,7063,749,exact
Bob Dylan,Bob Dylan,20261003,7651,Bob_Dylan,2026-10-05T05:05:14.242906+00:00,72c536dc-7137-4477-a521-567eeb840fa8,2026-10-03,7651,750,exact
Bob Dylan,Bob Dylan,20261004,7944,Bob_Dylan,2026-10-05T05:05:14.242906+00:00,72c536dc-7137-4477-a521-567eeb840fa8,2026-10-04,7944,751,exact
Stevie Wonder,Stevie Wonder,20260905,5333,Stevie_Wonder,2026-10-05T05:05:14.242906+00:00,1ee18fb3-18a6-4c7f-8ba0-bc41cdd0462e,2026-09-05,5333,752,exact
Stevie Wonder,Stevie Wonder,20260906,5929,Stevie_Wonder,2026-10-05T05:05:14.242906+00:00,1ee18fb3-18a6-4c7f-8ba0-bc41cdd0462e,2026-09-06,5929,753,exact
Stevie Wonder,Stevie Wonder,20260907,5262,Stevie_Wonder,2026-10-05T05:05:14.242906+00:00,1ee18fb3-18a6-4c7f-8ba0-bc41cdd0462e,2026-09-07,5262,754,exact
Stevie Wonder,Stevie Wonder,20260908,13537,Stevie_Wonder,2026-10-05T05:05:14.242906+00:00,1ee18fb3-18a6-4c7f-8ba0-bc41cdd0462e,2026-09-08,13537,755,exact
Stevie Wonder,Stevie Wonder,20260909,12396,Stevie_Wonder,2026-10-05T05:05:14.242906+00:00,1ee18fb3-18a6-4c7f-8ba0-bc41cdd0462e,2026-09-09,12396,756,exact
Stevie Wonder,Stevie Wonder,20260910,10603,Stevie_Wonder,2026-10-05T05:05:14.242906+00:00,1ee18fb3-18a6-4c7f-8ba0-bc41cdd0462e,2026-09-10,10603,757,exact
Stevie Wonder,Stevie Wonder,20260911,9373,Stevie_Wonder,2026-10-05T05:05:14.242906+00:00,1ee18fb3-18a6-4c7f-8ba0-bc41cdd0462e,2026-09-11,9373,758,exact
Stevie Wonder,Stevie Wonder,20260912,7459,Stevie_Wonder,2026-10-05T05:05:14.242906+00:00,1ee18fb3-18a6-4c7f-8ba0-bc41cdd0462e,2026-09-12,7459,759,exact
Stevie Wonder,Stevie Wonder,20260913,6841,Stevie_Wonder,2026-10-05T05:05:14.242906+00:00,1ee18fb3-18a6-4c7f-8ba0-bc41cdd0462e,2026-09-13,6841,760,exact
Stevie Wonder,Stevie Wonder,20260914,5697,Stevie_Wonder,2026-10-05T05:05:14.242906+00:00,1ee18fb3-18a6-4c7f-8ba0-bc41cdd0462e,2026-09-14,5697,761,exact
Stevie Wonder,Stevie Wonder,20260915,5567,Stevie_Wonder,2026-10-05T05:05:14.242906+00:00,1ee18fb3-18a6-4c7f-8ba0-bc41cdd0462e,2026-09-15,5567,762,exact
Stevie Wonder,Stevie Wonder,20260916,5327,Stevie_Wonder,2026-10-05T05:05:14.242906+00:00,1ee18fb3-18a6-4c7f-8ba0-bc41cdd0462e,2026-09-16,5327,763,exact
Stevie Wonder,Stevie Wonder,20260917,5352,Stevie_Wonder,2026-10-05T05:05:14.242906+00:00,1ee18fb3-18a6-4c7f-8ba0-bc41cdd0462e,2026-09-17,5352,764,exact
Stevie Wonder,Stevie Wonder,20260918,5460,Stevie_Wonder,2026-10-05T05:05:14.242906+00:00,1ee18fb3-18a6-4c7f-8ba0-bc41cdd0462e,2026-09-18,5460,765,exact
Stevie Wonder,Stevie Wonder,20260919,5626,Stevie_Wonder,2026-10-05T05:05:14.242906+00:00,1ee18fb3-18a6-4c7f-8ba0-bc41cdd0462e,2026-09-19,5626,766,exact
Stevie Wonder,Stevie Wonder,20260920,5900,Stevie_Wonder,2026-10-05T05:05:14.242906+00:00,1ee18fb3-18a6-4c7f-8ba0-bc41cdd0462e,2026-09-20,5900,767,exact
Stevie Wonder,Stevie Wonder,20260921,5058,Stevie_Wonder,2026-10-05T05:05:14.242906+00:00,1ee18fb3-18a6-4c7f-8ba0-bc41cdd0462e,2026-09-21,5058,768,exact
Stevie Wonder,Stevie Wonder,20260922,10252,Stevie_Wonder,2026-10-05T05:05:14.242906+00:00,1ee18fb3-18a6-4c7f-8ba0-bc41cdd0462e,2026-09-22,10252,769,exact
Stevie Wonder,Stevie Wonder,20260923,6763,Stevie_Wonder,2026-10-05T05:05:14.242906+00:00,1ee18fb3-18a6-4c7f-8ba0-bc41cdd0462e,2026-09-23,6763,770,exact
Stevie Wonder,Stevie Wonder,20260924,5331,Stevie_Wonder,2026-10-05T05:05:14.242906+00:00,1ee18fb3-18a6-4c7f-8ba0-bc41cdd0462e,2026-09-24,5331,771,exact
Stevie Wonder,Stevie Wonder,20260925,5744,Stevie_Wonder,2026-10-05T05:05:14.242906+00:00,1ee18fb3-18a6-4c7f-8ba0-bc41cdd0462e,2026-09-25,5744,772,exact
Stevie Wonder,Stevie Wonder,20260926,5929,Stevie_Wonder,2026-10-05T05:05:14.242906+00:00,1ee18fb3-18a6-4c7f-8ba0-bc41cdd0462e,2026-09-26,5929,773,exact
Stevie Wonder,Stevie Wonder,20260927,5690,Stevie_Wonder,2026-10-05T05:05:14.242906+00:00,1ee18fb3-18a6-4c7f-8ba0-bc41cdd0462e,2026-09-27,5690,774,exact
Stevie Wonder,Stevie Wonder,20260928,8059,Stevie_Wonder,2026-10-05T05:05:14.242906+00:00,1ee18fb3-18a6-4c7f-8ba0-bc41cdd0462e,2026-09-28,8059,775,exact
Stevie Wonder,Stevie Wonder,20260929,9065,Stevie_Wonder,2026-10-05T05:05:14.242906+00:00,1ee18fb3-18a6-4c7f-8ba0-bc41cdd0462e,2026-09-29,9065,776,exact
Stevie Wonder,Stevie Wonder,20260930,6864,Stevie_Wonder,2026-10-05T05:05:14.242906+00:00,1ee18fb3-18a6-4c7f-8ba0-bc41cdd0462e,2026-09-30,6864,777,exact
Stevie Wonder,Stevie Wonder,20261001,5997,Stevie_Wonder,2026-10-05T05:05:14.242906+00:00,1ee18fb3-18a6-4c7f-8ba0-bc41cdd0462e,2026-10-01,5997,778,exact
Stevie Wonder,Stevie Wonder,20261002,6132,Stevie_Wonder,2026-10-05T05:05:14.242906+00:00,1ee18fb3-18a6-4c7f-8ba0-bc41cdd0462e,2026-10-02,6132,779,exact
Stevie Wonder,Stevie Wonder,20261003,6427,Stevie_Wonder,2026-10-05T05:05:14.242906+00:00,1ee18fb3-18a6-4c7f-8ba0-bc41cdd0462e,2026-10-03,6427,780,exact
Stevie Wonder,Stevie Wonder,20261004,6343,Stevie_Wonder,2026-10-05T05:05:14.242906+00:00,1ee18fb3-18a6-4c7f-8ba0-bc41cdd0462e,2026-10-04,6343,781,exact
Marvin Gaye,Marvin Gaye,20260905,4532,Marvin_Gaye,2026-10-05T05:05:14.242906+00:00,afdb7919-059d-43c1-b668-ba1d265e7e42,2026-09-05,4532,782,exact
Marvin Gaye,Marvin Gaye,20260906,4093,Marvin_Gaye,2026-10-05T05:05:14.242906+00:00,afdb7919-059d-43c1-b668-ba1d265e7e42,2026-09-06,4093,783,exact
Marvin Gaye,Marvin Gaye,20260907,4039,Marvin_Gaye,2026-10-05T05:05:14.242906+00:00,afdb7919-059d-43c1-b668-ba1d265e7e42,2026-09-07,4039,784,exact
Marvin Gaye,Marvin Gaye,20260908,3483,Marvin_Gaye,2026-10-05T05:05:14.242906+00:00,afdb7919-059d-43c1-b668-ba1d265e7e42,2026-09-08,3483,785,exact
Marvin Gaye,Marvin Gaye,20260909,3252,Marvin_Gaye,2026-10-05T05:05:14.242906+00:00,afdb7919-059d-43c1-b668-ba1d265e7e42,2026-09-09,3252,786,exact
Marvin Gaye,Marvin Gaye,20260910,2952,Marvin_Gaye,2026-10-05T05:05:14.242906+00:00,afdb7919-059d-43c1-b668-ba1d265e7e42,2026-09-10,2952,787,exact
Marvin Gaye,Marvin Gaye,20260911,3455,Marvin_Gaye,2026-10-05T05:05:14.242906+00:00,afdb7919-059d-43c1-b668-ba1d265e7e42,2026-09-11,3455,788,exact
Marvin Gaye,Marvin Gaye,20260912,3954,Marvin_Gaye,2026-10-05T05:05:14.242906+00:00,afdb7919-059d-43c1-b668-ba1d265e7e42,2026-09-12,3954,789,exact
Marvin Gaye,Marvin Gaye,20260913,3774,Marvin_Gaye,2026-10-05T05:05:14.242906+00:00,afdb7919-059d-43c1-b668-ba1d265e7e42,2026-09-13,3774,790,exact
Marvin Gaye,Marvin Gaye,20260914,3420,Marvin_Gaye,2026-10-05T05:05:14.242906+00:00,afdb7919-059d-43c1-b668-ba1d265e7e42,2026-09-14,3420,791,exact
Marvin Gaye,Marvin Gaye,20260915,3040,Marvin_Gaye,2026-10-05T05:05:14.242906+00:00,afdb7919-059d-43c1-b668-ba1d265e7e42,2026-09-15,3040,792,exact
Marvin Gaye,Marvin Gaye,20260916,3749,Marvin_Gaye,2026-10-05T05:05:14.242906+00:00,afdb7919-059d-43c1-b668-ba1d265e7e42,2026-09-16,3749,793,exact
Marvin Gaye,Marvin Gaye,20260917,3512,Marvin_Gaye,2026-10-05T05:05:14.242906+00:00,afdb7919-059d-43c1-b668-ba1d265e7e42,2026-09-17,3512,794,exact
Marvin Gaye,Marvin Gaye,20260918,3622,Marvin_Gaye,2026-10-05T05:05:14.242906+00:00,afdb7919-059d-43c1-b668-ba1d265e7e42,2026-09-18,3622,795,exact
Marvin Gaye,Marvin Gaye,20260919,4273,Marvin_Gaye,2026-10-05T05:05:14.242906+00:00,afdb7919-059d-43c1-b668-ba1d265e7e42,2026-09-19,4273,796,exact
Marvin Gaye,Marvin Gaye,20260920,4369,Marvin_Gaye,2026-10-05T05:05:14.242906+00:00,afdb7919-059d-43c1-b668-ba1d265e7e42,2026-09-20,4369,797,exact
Marvin Gaye,Marvin Gaye,20260921,3795,Marvin_Gaye,2026-10-05T05:05:14.242906+00:00,afdb7919-059d-43c1-b668-ba1d265e7e42,2026-09-21,3795,798,exact
Marvin Gaye,Marvin Gaye,20260922,3504,Marvin_Gaye,2026-10-05T05:05:14.242906+00:00,afdb7919-059d-43c1-b668-ba1d265e7e42,2026-09-22,3504,799,exact
Marvin Gaye,Marvin Gaye,20260923,3503,Marvin_Gaye,2026-10-05T05:05:14.242906+00:00,afdb7919-059d-43c1-b668-ba1d265e7e42,2026-09-23,3503,800,exact
Marvin Gaye,Marvin Gaye,20260924,4065,Marvin_Gaye,2026-10-05T05:05:14.242906+00:00,afdb7919-059d-43c1-b668-ba1d265e7e42,2026-09-24,4065,801,exact
Marvin Gaye,Marvin Gaye,20260925,3756,Marvin_Gaye,2026-10-05T05:05:14.242906+00:00,afdb7919-059d-43c1-b668-ba1d265e7e42,2026-09-25,3756,802,exact
Marvin Gaye,Marvin Gaye,20260926,4352,Marvin_Gaye,2026-10-05T05:05:14.242906+00:00,afdb7919-059d-43c1-b668-ba1d265e7e42,2026-09-26,4352,803,exact
Marvin Gaye,Marvin Gaye,20260927,4151,Marvin_Gaye,2026-10-05T05:05:14.242906+00:00,afdb7919-059d-43c1-b668-ba1d265e7e42,2026-09-27,4151,804,exact
Marvin Gaye,Marvin Gaye,20260928,3429,Marvin_Gaye,2026-10-05T05:05:14.242906+00:00,afdb7919-059d-43c1-b668-ba1d265e7e42,2026-09-28,3429,805,exact
Marvin Gaye,Marvin Gaye,20260929,3268,Marvin_Gaye,2026-10-05T05:05:14.242906+00:00,afdb7919-059d-43c1-b668-ba1d265e7e42,2026-09-29,3268,806,exact
Marvin Gaye,Marvin Gaye,20260930,3131,Marvin_Gaye,2026-10-05T05:05:14.242906+00:00,afdb7919-059d-43c1-b668-ba1d265e7e42,2026-09-30,3131,807,exact
Marvin Gaye,Marvin Gaye,20261001,3281,Marvin_Gaye,2026-10-05T05:05:14.242906+00:00,afdb7919-059d-43c1-b668-ba1d265e7e42,2026-10-01,3281,808,exact
Marvin Gaye,Marvin Gaye,20261002,3414,Marvin_Gaye,2026-10-05T05:05:14.242906+00:00,afdb7919-059d-43c1-b668-ba1d265e7e42,2026-10-02,3414,809,exact
Marvin Gaye,Marvin Gaye,20261003,3391,Marvin_Gaye,2026-10-05T05:05:14.242906+00:00,afdb7919-059d-43c1-b668-ba1d265e7e42,2026-10-03,3391,810,exact
Marvin Gaye,Marvin Gaye,20261004,3372,Marvin_Gaye,2026-10-05T05:05:14.242906+00:00,afdb7919-059d-43c1-b668-ba1d265e7e42,2026-10-04,3372,811,exact
Aretha Franklin,Aretha Franklin,20260905,4943,Aretha_Franklin,2026-10-05T05:05:14.242906+00:00,2f9ecbed-27be-40e6-abca-6de49d50299e,2026-09-05,4943,812,exact
Aretha Franklin,Aretha Franklin,20260906,4943,Aretha_Franklin,2026-10-05T05:05:14.242906+00:00,2f9ecbed-27be-40e6-abca-6de49d50299e,2026-09-06,4943,813,exact
Aretha Franklin,Aretha Franklin,20260907,4252,Aretha_Franklin,2026-10-05T05:05:14.242906+00:00,2f9ecbed-27be-40e6-abca-6de49d50299e,2026-09-07,4252,814,exact
Aretha Franklin,Aretha Franklin,20260908,3615,Aretha_Franklin,2026-10-05T05:05:14.242906+00:00,2f9ecbed-27be-40e6-abca-6de49d50299e,2026-09-08,3615,815,exact
Aretha Franklin,Aretha Franklin,20260909,3220,Aretha_Franklin,2026-10-05T05:05:14.242906+00:00,2f9ecbed-27be-40e6-abca-6de49d50299e,2026-09-09,3220,816,exact
Aretha Franklin,Aretha Franklin,20260910,3129,Aretha_Franklin,2026-10-05T05:05:14.242906+00:00,2f9ecbed-27be-40e6-abca-6de49d50299e,2026-09-10,3129,817,exact
Aretha Franklin,Aretha Franklin,20260911,3498,Aretha_Franklin,2026-10-05T05:05:14.242906+00:00,2f9ecbed-27be-40e6-abca-6de49d50299e,2026-09-11,3498,818,exact
Aretha Franklin,Aretha Franklin,20260912,4567,Aretha_Franklin,2026-10-05T05:05:14.242906+00:00,2f9ecbed-27be-40e6-abca-6de49d50299e,2026-09-12,4567,819,exact
Aretha Franklin,Aretha Franklin,20260913,4088,Aretha_Franklin,2026-10-05T05:05:14.242906+00:00,2f9ecbed-27be-40e6-abca-6de49d50299e,2026-09-13,4088,820,exact
Aretha Franklin,Aretha Franklin,20260914,3434,Aretha_Franklin,2026-10-05T05:05:14.242906+00:00,2f9ecbed-27be-40e6-abca-6de49d50299e,2026-09-14,3434,821,exact
Aretha Franklin,Aretha Franklin,20260915,3201,Aretha_Franklin,2026-10-05T05:05:14.242906+00:00,2f9ecbed-27be-40e6-abca-6de49d50299e,2026-09-15,3201,822,exact
Aretha Franklin,Aretha Franklin,20260916,4568,Aretha_Franklin,2026-10-05T05:05:14.242906+00:00,2f9ecbed-27be-40e6-abca-6de49d50299e,2026-09-16,4568,823,exact
Aretha Franklin,Aretha Franklin,20260917,4605,Aretha_Franklin,2026-10-05T05:05:14.242906+00:00,2f9ecbed-27be-40e6-abca-6de49d50299e,2026-09-17,4605,824,exact
Aretha Franklin,Aretha Franklin,20260918,6046,Aretha_Franklin,2026-10-05T05:05:14.242906+00:00,2f9ecbed-27be-40e6-abca-6de49d50299e,2026-09-18,6046,825,exact
Aretha Franklin,Aretha Franklin,20260919,6077,Aretha_Franklin,2026-10-05T05:05:14.242906+00:00,2f9ecbed-27be-40e6-abca-6de49d50299e,2026-09-19,6077,826,exact
Aretha Franklin,Aretha Franklin,20260920,5077,Aretha_Franklin,2026-10-05T05:05:14.242906+00:00,2f9ecbed-27be-40e6-abca-6de49d50299e,2026-09-20,5077,827,exact
Aretha Franklin,Aretha Franklin,20260921,6150,Aretha_Franklin,2026-10-05T05:05:14.242906+00:00,2f9ecbed-27be-40e6-abca-6de49d50299e,2026-09-21,6150,828,exact
Aretha Franklin,Aretha Franklin,20260922,5057,Aretha_Franklin,2026-10-05T05:05:14.242906+00:00,2f9ecbed-27be-40e6-abca-6de49d50299e,2026-09-22,5057,829,exact
Aretha Franklin,Aretha Franklin,20260923,4861,Aretha_Franklin,2026-10-05T05:05:14.242906+00:00,2f9ecbed-27be-40e6-abca-6de49d50299e,2026-09-23,4861,830,exact
Aretha Franklin,Aretha Franklin,20260924,4082,Aretha_Franklin,2026-10-05T05:05:14.242906+00:00,2f9ecbed-27be-40e6-abca-6de49d50299e,2026-09-24,4082,831,exact
Aretha Franklin,Aretha Franklin,20260925,3698,Aretha_Franklin,2026-10-05T05:05:14.242906+00:00,2f9ecbed-27be-40e6-abca-6de49d50299e,2026-09-25,3698,832,exact
Aretha Franklin,Aretha Franklin,20260926,4140,Aretha_Franklin,2026-10-05T05:05:14.242906+00:00,2f9ecbed-27be-40e6-abca-6de49d50299e,2026-09-26,4140,833,exact
Aretha Franklin,Aretha Franklin,20260927,4036,Aretha_Franklin,2026-10-05T05:05:14.242906+00:00,2f9ecbed-27be-40e6-abca-6de49d50299e,2026-09-27,4036,834,exact
Aretha Franklin,Aretha Franklin,20260928,3593,Aretha_Franklin,2026-10-05T05:05:14.242906+00:00,2f9ecbed-27be-40e6-abca-6de49d50299e,2026-09-28,3593,835,exact
Aretha Franklin,Aretha Franklin,20260929,3242,Aretha_Franklin,2026-10-05T05:05:14.242906+00:00,2f9ecbed-27be-40e6-abca-6de49d50299e,2026-09-29,3242,836,exact
Aretha Franklin,Aretha Franklin,20260930,3178,Aretha_Franklin,2026-10-05T05:05:14.242906+00:00,2f9ecbed-27be-40e6-abca-6de49d50299e,2026-09-30,3178,837,exact
Aretha Franklin,Aretha Franklin,20261001,3053,Aretha_Franklin,2026-10-05T05:05:14.242906+00:00,2f9ecbed-27be-40e6-abca-6de49d50299e,2026-10-01,3053,838,exact
Aretha Franklin,Aretha Franklin,20261002,3587,Aretha_Franklin,2026-10-05T05:05:14.242906+00:00,2f9ecbed-27be-40e6-abca-6de49d50299e,2026-10-02,3587,839,exact
Aretha Franklin,Aretha Franklin,20261003,13185,Aretha_Franklin,2026-10-05T05:05:14.242906+00:00,2f9ecbed-27be-40e6-abca-6de49d50299e,2026-10-03,13185,840,exact
Aretha Franklin,Aretha Franklin,20261004,5724,Aretha_Franklin,2026-10-05T05:05:14.242906+00:00,2f9ecbed-27be-40e6-abca-6de49d50299e,2026-10-04,5724,841,exact
Frank Sinatra,Frank Sinatra,20260905,7374,Frank_Sinatra,2026-10-05T05:05:14.242906+00:00,197450cd-0124-4164-b723-3c22dd16494d,2026-09-05,7374,842,exact
Frank Sinatra,Frank Sinatra,20260906,7728,Frank_Sinatra,2026-10-05T05:05:14.242906+00:00,197450cd-0124-4164-b723-3c22dd16494d,2026-09-06,7728,843,exact
Frank Sinatra,Frank Sinatra,20260907,7583,Frank_Sinatra,2026-10-05T05:05:14.242906+00:00,197450cd-0124-4164-b723-3c22dd16494d,2026-09-07,7583,844,exact
Frank Sinatra,Frank Sinatra,20260908,6986,Frank_Sinatra,2026-10-05T05:05:14.242906+00:00,197450cd-0124-4164-b723-3c22dd16494d,2026-09-08,6986,845,exact
Frank Sinatra,Frank Sinatra,20260909,6681,Frank_Sinatra,2026-10-05T05:05:14.242906+00:00,197450cd-0124-4164-b723-3c22dd16494d,2026-09-09,6681,846,exact
Frank Sinatra,Frank Sinatra,20260910,6436,Frank_Sinatra,2026-10-05T05:05:14.242906+00:00,197450cd-0124-4164-b723-3c22dd16494d,2026-09-10,6436,847,exact
Frank Sinatra,Frank Sinatra,20260911,6580,Frank_Sinatra,2026-10-05T05:05:14.242906+00:00,197450cd-0124-4164-b723-3c22dd16494d,2026-09-11,6580,848,exact
Frank Sinatra,Frank Sinatra,20260912,7528,Frank_Sinatra,2026-10-05T05:05:14.242906+00:00,197450cd-0124-4164-b723-3c22dd16494d,2026-09-12,7528,849,exact
Frank Sinatra,Frank Sinatra,20260913,7134,Frank_Sinatra,2026-10-05T05:05:14.242906+00:00,197450cd-0124-4164-b723-3c22dd16494d,2026-09-13,7134,850,exact
Frank Sinatra,Frank Sinatra,20260914,6223,Frank_Sinatra,2026-10-05T05:05:14.242906+00:00,197450cd-0124-4164-b723-3c22dd16494d,2026-09-14,6223,851,exact
Frank Sinatra,Frank Sinatra,20260915,6140,Frank_Sinatra,2026-10-05T05:05:14.242906+00:00,197450cd-0124-4164-b723-3c22dd16494d,2026-09-15,6140,852,exact
Frank Sinatra,Frank Sinatra,20260916,6177,Frank_Sinatra,2026-10-05T05:05:14.242906+00:00,197450cd-0124-4164-b723-3c22dd16494d,2026-09-16,6177,853,exact
Frank Sinatra,Frank Sinatra,20260917,6372,Frank_Sinatra,2026-10-05T05:05:14.242906+00:00,197450cd-0124-4164-b723-3c22dd16494d,2026-09-17,6372,854,exact
Frank Sinatra,Frank Sinatra,20260918,7122,Frank_Sinatra,2026-10-05T05:05:14.242906+00:00,197450cd-0124-4164-b723-3c22dd16494d,2026-09-18,7122,855,exact
Frank Sinatra,Frank Sinatra,20260919,7899,Frank_Sinatra,2026-10-05T05:05:14.242906+00:00,197450cd-0124-4164-b723-3c22dd16494d,2026-09-19,7899,856,exact
Frank Sinatra,Frank Sinatra,20260920,7580,Frank_Sinatra,2026-10-05T05:05:14.242906+00:00,197450cd-0124-4164-b723-3c22dd16494d,2026-09-20,7580,857,exact
Frank Sinatra,Frank Sinatra,20260921,6962,Frank_Sinatra,2026-10-05T05:05:14.242906+00:00,197450cd-0124-4164-b723-3c22dd16494d,2026-09-21,6962,858,exact
Frank Sinatra,Frank Sinatra,20260922,6935,Frank_Sinatra,2026-10-05T05:05:14.242906+00:00,197450cd-0124-4164-b723-3c22dd16494d,2026-09-22,6935,859,exact
Frank Sinatra,Frank Sinatra,20260923,6864,Frank_Sinatra,2026-10-05T05:05:14.242906+00:00,197450cd-0124-4164-b723-3c22dd16494d,2026-09-23,6864,860,exact
Frank Sinatra,Frank Sinatra,20260924,6861,Frank_Sinatra,2026-10-05T05:05:14.242906+00:00,197450cd-0124-4164-b723-3c22dd16494d,2026-09-24,6861,861,exact
Frank Sinatra,Frank Sinatra,20260925,6833,Frank_Sinatra,2026-10-05T05:05:14.242906+00:00,197450cd-0124-4164-b723-3c22dd16494d,2026-09-25,6833,862,exact
Frank Sinatra,Frank Sinatra,20260926,7971,Frank_Sinatra,2026-10-05T05:05:14.242906+00:00,197450cd-0124-4164-b723-3c22dd16494d,2026-09-26,7971,863,exact
Frank Sinatra,Frank Sinatra,20260927,7721,Frank_Sinatra,2026-10-05T05:05:14.242906+00:00,197450cd-0124-4164-b723-3c22dd16494d,2026-09-27,7721,864,exact
Frank Sinatra,Frank Sinatra,20260928,6621,Frank_Sinatra,2026-10-05T05:05:14.242906+00:00,197450cd-0124-4164-b723-3c22dd16494d,2026-09-28,6621,865,exact
Frank Sinatra,Frank Sinatra,20260929,6621,Frank_Sinatra,2026-10-05T05:05:14.242906+00:00,197450cd-0124-4164-b723-3c22dd16494d,2026-09-29,6621,866,exact
Frank Sinatra,Frank Sinatra,20260930,7584,Frank_Sinatra,2026-10-05T05:05:14.242906+00:00,197450cd-0124-4164-b723-3c22dd16494d,2026-09-30,7584,867,exact
Frank Sinatra,Frank Sinatra,20261001,7451,Frank_Sinatra,2026-10-05T05:05:14.242906+00:00,197450cd-0124-4164-b723-3c22dd16494d,2026-10-01,7451,868,exact
Frank Sinatra,Frank Sinatra,20261002,7720,Frank_Sinatra,2026-10-05T05:05:14.242906+00:00,197450cd-0124-4164-b723-3c22dd16494d,2026-10-02,7720,869,exact
Frank Sinatra,Frank Sinatra,20261003,9457,Frank_Sinatra,2026-10-05T05:05:14.242906+00:00,197450cd-0124-4164-b723-3c22dd16494d,2026-10-03,9457,870,exact
Frank Sinatra,Frank Sinatra,20261004,11001,Frank_Sinatra,2026-10-05T05:05:14.242906+00:00,197450cd-0124-4164-b723-3c22dd16494d,2026-10-04,11001,871,exact
Eminem,Eminem,20260905,7570,Eminem,2026-10-05T05:05:14.242906+00:00,b95ce3ff-3d05-4e87-9e01-c97b66af13d4,2026-09-05,7570,872,exact
Eminem,Eminem,20260906,7371,Eminem,2026-10-05T05:05:14.242906+00:00,b95ce3ff-3d05-4e87-9e01-c97b66af13d4,2026-09-06,7371,873,exact
Eminem,Eminem,20260907,7277,Eminem,2026-10-05T05:05:14.242906+00:00,b95ce3ff-3d05-4e87-9e01-c97b66af13d4,2026-09-07,7277,874,exact
Eminem,Eminem,20260908,7051,Eminem,2026-10-05T05:05:14.242906+00:00,b95ce3ff-3d05-4e87-9e01-c97b66af13d4,2026-09-08,7051,875,exact
Eminem,Eminem,20260909,7922,Eminem,2026-10-05T05:05:14.242906+00:00,b95ce3ff-3d05-4e87-9e01-c97b66af13d4,2026-09-09,7922,876,exact
Eminem,Eminem,20260910,7311,Eminem,2026-10-05T05:05:14.242906+00:00,b95ce3ff-3d05-4e87-9e01-c97b66af13d4,2026-09-10,7311,877,exact
Eminem,Eminem,20260911,7634,Eminem,2026-10-05T05:05:14.242906+00:00,b95ce3ff-3d05-4e87-9e01-c97b66af13d4,2026-09-11,7634,878,exact
Eminem,Eminem,20260912,7233,Eminem,2026-10-05T05:05:14.242906+00:00,b95ce3ff-3d05-4e87-9e01-c97b66af13d4,2026-09-12,7233,879,exact
Eminem,Eminem,20260913,7328,Eminem,2026-10-05T05:05:14.242906+00:00,b95ce3ff-3d05-4e87-9e01-c97b66af13d4,2026-09-13,7328,880,exact
Eminem,Eminem,20260914,6729,Eminem,2026-10-05T05:05:14.242906+00:00,b95ce3ff-3d05-4e87-9e01-c97b66af13d4,2026-09-14,6729,881,exact
Eminem,Eminem,20260915,7422,Eminem,2026-10-05T05:05:14.242906+00:00,b95ce3ff-3d05-4e87-9e01-c97b66af13d4,2026-09-15,7422,882,exact
Eminem,Eminem,20260916,7219,Eminem,2026-10-05T05:05:14.242906+00:00,b95ce3ff-3d05-4e87-9e01-c97b66af13d4,2026-09-16,7219,883,exact
Eminem,Eminem,20260917,7029,Eminem,2026-10-05T05:05:14.242906+00:00,b95ce3ff-3d05-4e87-9e01-c97b66af13d4,2026-09-17,7029,884,exact
Eminem,Eminem,20260918,7767,Eminem,2026-10-05T05:05:14.242906+00:00,b95ce3ff-3d05-4e87-9e01-c97b66af13d4,2026-09-18,7767,885,exact
Eminem,Eminem,20260919,7673,Eminem,2026-10-05T05:05:14.242906+00:00,b95ce3ff-3d05-4e87-9e01-c97b66af13d4,2026-09-19,7673,886,exact
Eminem,Eminem,20260920,8930,Eminem,2026-10-05T05:05:14.242906+00:00,b95ce3ff-3d05-4e87-9e01-c97b66af13d4,2026-09-20,8930,887,exact
Eminem,Eminem,20260921,8356,Eminem,2026-10-05T05:05:14.242906+00:00,b95ce3ff-3d05-4e87-9e01-c97b66af13d4,2026-09-21,8356,888,exact
Eminem,Eminem,20260922,7106,Eminem,2026-10-05T05:05:14.242906+00:00,b95ce3ff-3d05-4e87-9e01-c97b66af13d4,2026-09-22,7106,889,exact
Eminem,Eminem,20260923,7118,Eminem,2026-10-05T05:05:14.242906+00:00,b95ce3ff-3d05-4e87-9e01-c97b66af13d4,2026-09-23,7118,890,exact
Eminem,Eminem,20260924,6796,Eminem,2026-10-05T05:05:14.242906+00:00,b95ce3ff-3d05-4e87-9e01-c97b66af13d4,2026-09-24,6796,891,exact
Eminem,Eminem,20260925,7048,Eminem,2026-10-05T05:05:14.242906+00:00,b95ce3ff-3d05-4e87-9e01-c97b66af13d4,2026-09-25,7048,892,exact
Eminem,Eminem,20260926,7038,Eminem,2026-10-05T05:05:14.242906+00:00,b95ce3ff-3d05-4e87-9e01-c97b66af13d4,2026-09-26,7038,893,exact
Eminem,Eminem,20260927,6971,Eminem,2026-10-05T05:05:14.242906+00:00,b95ce3ff-3d05-4e87-9e01-c97b66af13d4,2026-09-27,6971,894,exact
Eminem,Eminem,20260928,6605,Eminem,2026-10-05T05:05:14.242906+00:00,b95ce3ff-3d05-4e87-9e01-c97b66af13d4,2026-09-28,6605,895,exact
Eminem,Eminem,20260929,6413,Eminem,2026-10-05T05:05:14.242906+00:00,b95ce3ff-3d05-4e87-9e01-c97b66af13d4,2026-09-29,6413,896,exact
Eminem,Eminem,20260930,6174,Eminem,2026-10-05T05:05:14.242906+00:00,b95ce3ff-3d05-4e87-9e01-c97b66af13d4,2026-09-30,6174,897,exact
Eminem,Eminem,20261001,6463,Eminem,2026-10-05T05:05:14.242906+00:00,b95ce3ff-3d05-4e87-9e01-c97b66af13d4,2026-10-01,6463,898,exact
Eminem,Eminem,20261002,8187,Eminem,2026-10-05T05:05:14.242906+00:00,b95ce3ff-3d05-4e87-9e01-c97b66af13d4,2026-10-02,8187,899,exact
Eminem,Eminem,20261003,8477,Eminem,2026-10-05T05:05:14.242906+00:00,b95ce3ff-3d05-4e87-9e01-c97b66af13d4,2026-10-03,8477,900,exact
Eminem,Eminem,20261004,7526,Eminem,2026-10-05T05:05:14.242906+00:00,b95ce3ff-3d05-4e87-9e01-c97b66af13d4,2026-10-04,7526,901,exact
JAŸ-Z,JAŸ-Z,20260905,2,JAŸ-Z,2026-10-05T05:05:14.242906+00:00,f82bcf78-5b69-4622-a5ef-73800768d9ac,2026-09-05,2,902,exact
JAŸ-Z,JAŸ-Z,20260906,0,JAŸ-Z,2026-10-05T05:05:14.242906+00:00,f82bcf78-5b69-4622-a5ef-73800768d9ac,2026-09-06,0,903,exact
JAŸ-Z,JAŸ-Z,20260907,1,JAŸ-Z,2026-10-05T05:05:14.242906+00:00,f82bcf78-5b69-4622-a5ef-73800768d9ac,2026-09-07,1,904,exact
JAŸ-Z,JAŸ-Z,20260909,4,JAŸ-Z,2026-10-05T05:05:14.242906+00:00,f82bcf78-5b69-4622-a5ef-73800768d9ac,2026-09-09,4,905,exact
JAŸ-Z,JAŸ-Z,20260911,0,JAŸ-Z,2026-10-05T05:05:14.242906+00:00,f82bcf78-5b69-4622-a5ef-73800768d9ac,2026-09-11,0,906,exact
JAŸ-Z,JAŸ-Z,20260912,1,JAŸ-Z,2026-10-05T05:05:14.242906+00:00,f82bcf78-5b69-4622-a5ef-73800768d9ac,2026-09-12,1,907,exact
JAŸ-Z,JAŸ-Z,20260913,15,JAŸ-Z,2026-10-05T05:05:14.242906+00:00,f82bcf78-5b69-4622-a5ef-73800768d9ac,2026-09-13,15,908,exact
JAŸ-Z,JAŸ-Z,20260915,1,JAŸ-Z,2026-10-05T05:05:14.242906+00:00,f82bcf78-5b69-4622-a5ef-73800768d9ac,2026-09-15,1,909,exact
JAŸ-Z,JAŸ-Z,20260916,0,JAŸ-Z,2026-10-05T05:05:14.242906+00:00,f82bcf78-5b69-4622-a5ef-73800768d9ac,2026-09-16,0,910,exact
JAŸ-Z,JAŸ-Z,20260919,1,JAŸ-Z,2026-10-05T05:05:14.242906+00:00,f82bcf78-5b69-4622-a5ef-73800768d9ac,2026-09-19,1,911,exact
JAŸ-Z,JAŸ-Z,20260920,2,JAŸ-Z,2026-10-05T05:05:14.242906+00:00,f82bcf78-5b69-4622-a5ef-73800768d9ac,2026-09-20,2,912,exact
JAŸ-Z,JAŸ-Z,20260921,0,JAŸ-Z,2026-10-05T05:05:14.242906+00:00,f82bcf78-5b69-4622-a5ef-73800768d9ac,2026-09-21,0,913,exact
JAŸ-Z,JAŸ-Z,20260922,1,JAŸ-Z,2026-10-05T05:05:14.242906+00:00,f82bcf78-5b69-4622-a5ef-73800768d9ac,2026-09-22,1,914,exact
JAŸ-Z,JAŸ-Z,20260923,0,JAŸ-Z,2026-10-05T05:05:14.242906+00:00,f82bcf78-5b69-4622-a5ef-73800768d9ac,2026-09-23,0,915,exact
JAŸ-Z,JAŸ-Z,20260924,2,JAŸ-Z,2026-10-05T05:05:14.242906+00:00,f82bcf78-5b69-4622-a5ef-73800768d9ac,2026-09-24,2,916,exact
JAŸ-Z,JAŸ-Z,20260925,0,JAŸ-Z,2026-10-05T05:05:14.242906+00:00,f82bcf78-5b69-4622-a5ef-73800768d9ac,2026-09-25,0,917,exact
JAŸ-Z,JAŸ-Z,20260926,2,JAŸ-Z,2026-10-05T05:05:14.242906+00:00,f82bcf78-5b69-4622-a5ef-73800768d9ac,2026-09-26,2,918,exact
JAŸ-Z,JAŸ-Z,20260927,0,JAŸ-Z,2026-10-05T05:05:14.242906+00:00,f82bcf78-5b69-4622-a5ef-73800768d9ac,2026-09-27,0,919,exact
JAŸ-Z,JAŸ-Z,20260928,1,JAŸ-Z,2026-10-05T05:05:14.242906+00:00,f82bcf78-5b69-4622-a5ef-73800768d9ac,2026-09-28,1,920,exact
JAŸ-Z,JAŸ-Z,20260929,1,JAŸ-Z,2026-10-05T05:05:14.242906+00:00,f82bcf78-5b69-4622-a5ef-73800768d9ac,2026-09-29,1,921,exact
JAŸ-Z,JAŸ-Z,20260930,1,JAŸ-Z,2026-10-05T05:05:14.242906+00:00,f82bcf78-5b69-4622-a5ef-73800768d9ac,2026-09-30,1,922,exact
JAŸ-Z,JAŸ-Z,20261002,2,JAŸ-Z,2026-10-05T05:05:14.242906+00:00,f82bcf78-5b69-4622-a5ef-73800768d9ac,2026-10-02,2,923,exact
JAŸ-Z,JAŸ-Z,20261003,1,JAŸ-Z,2026-10-05T05:05:14.242906+00:00,f82bcf78-5b69-4622-a5ef-73800768d9ac,2026-10-03,1,924,exact
Nicki Minaj,Nicki Minaj,20260905,3482,Nicki_Minaj,2026-10-05T05:05:14.242906+00:00,1036b808-f58c-4a3e-b461-a2c4492ecf1b,2026-09-05,3482,925,exact
Nicki Minaj,Nicki Minaj,20260906,3654,Nicki_Minaj,2026-10-05T05:05:14.242906+00:00,1036b808-f58c-4a3e-b461-a2c4492ecf1b,2026-09-06,3654,926,exact
Nicki Minaj,Nicki Minaj,20260907,3732,Nicki_Minaj,2026-10-05T05:05:14.242906+00:00,1036b808-f58c-4a3e-b461-a2c4492ecf1b,2026-09-07,3732,927,exact
Nicki Minaj,Nicki Minaj,20260908,3278,Nicki_Minaj,2026-10-05T05:05:14.242906+00:00,1036b808-f58c-4a3e-b461-a2c4492ecf1b,2026-09-08,3278,928,exact
Nicki Minaj,Nicki Minaj,20260909,3146,Nicki_Minaj,2026-10-05T05:05:14.242906+00:00,1036b808-f58c-4a3e-b461-a2c4492ecf1b,2026-09-09,3146,929,exact
Nicki Minaj,Nicki Minaj,20260910,3480,Nicki_Minaj,2026-10-05T05:05:14.242906+00:00,1036b808-f58c-4a3e-b461-a2c4492ecf1b,2026-09-10,3480,930,exact
Nicki Minaj,Nicki Minaj,20260911,3586,Nicki_Minaj,2026-10-05T05:05:14.242906+00:00,1036b808-f58c-4a3e-b461-a2c4492ecf1b,2026-09-11,3586,931,exact
Nicki Minaj,Nicki Minaj,20260912,3623,Nicki_Minaj,2026-10-05T05:05:14.242906+00:00,1036b808-f58c-4a3e-b461-a2c4492ecf1b,2026-09-12,3623,932,exact
Nicki Minaj,Nicki Minaj,20260913,3947,Nicki_Minaj,2026-10-05T05:05:14.242906+00:00,1036b808-f58c-4a3e-b461-a2c4492ecf1b,2026-09-13,3947,933,exact
Nicki Minaj,Nicki Minaj,20260914,3594,Nicki_Minaj,2026-10-05T05:05:14.242906+00:00,1036b808-f58c-4a3e-b461-a2c4492ecf1b,2026-09-14,3594,934,exact
Nicki Minaj,Nicki Minaj,20260915,3240,Nicki_Minaj,2026-10-05T05:05:14.242906+00:00,1036b808-f58c-4a3e-b461-a2c4492ecf1b,2026-09-15,3240,935,exact
Nicki Minaj,Nicki Minaj,20260916,3293,Nicki_Minaj,2026-10-05T05:05:14.242906+00:00,1036b808-f58c-4a3e-b461-a2c4492ecf1b,2026-09-16,3293,936,exact
Nicki Minaj,Nicki Minaj,20260917,3465,Nicki_Minaj,2026-10-05T05:05:14.242906+00:00,1036b808-f58c-4a3e-b461-a2c4492ecf1b,2026-09-17,3465,937,exact
Nicki Minaj,Nicki Minaj,20260918,6513,Nicki_Minaj,2026-10-05T05:05:14.242906+00:00,1036b808-f58c-4a3e-b461-a2c4492ecf1b,2026-09-18,6513,938,exact
Nicki Minaj,Nicki Minaj,20260919,9290,Nicki_Minaj,2026-10-05T05:05:14.242906+00:00,1036b808-f58c-4a3e-b461-a2c4492ecf1b,2026-09-19,9290,939,exact
Nicki Minaj,Nicki Minaj,20260920,5191,Nicki_Minaj,2026-10-05T05:05:14.242906+00:00,1036b808-f58c-4a3e-b461-a2c4492ecf1b,2026-09-20,5191,940,exact
Nicki Minaj,Nicki Minaj,20260921,4411,Nicki_Minaj,2026-10-05T05:05:14.242906+00:00,1036b808-f58c-4a3e-b461-a2c4492ecf1b,2026-09-21,4411,941,exact
Nicki Minaj,Nicki Minaj,20260922,3874,Nicki_Minaj,2026-10-05T05:05:14.242906+00:00,1036b808-f58c-4a3e-b461-a2c4492ecf1b,2026-09-22,3874,942,exact
Nicki Minaj,Nicki Minaj,20260923,3515,Nicki_Minaj,2026-10-05T05:05:14.242906+00:00,1036b808-f58c-4a3e-b461-a2c4492ecf1b,2026-09-23,3515,943,exact
Nicki Minaj,Nicki Minaj,20260924,3421,Nicki_Minaj,2026-10-05T05:05:14.242906+00:00,1036b808-f58c-4a3e-b461-a2c4492ecf1b,2026-09-24,3421,944,exact
Nicki Minaj,Nicki Minaj,20260925,3676,Nicki_Minaj,2026-10-05T05:05:14.242906+00:00,1036b808-f58c-4a3e-b461-a2c4492ecf1b,2026-09-25,3676,945,exact
Nicki Minaj,Nicki Minaj,20260926,5384,Nicki_Minaj,2026-10-05T05:05:14.242906+00:00,1036b808-f58c-4a3e-b461-a2c4492ecf1b,2026-09-26,5384,946,exact
Nicki Minaj,Nicki Minaj,20260927,21144,Nicki_Minaj,2026-10-05T05:05:14.242906+00:00,1036b808-f58c-4a3e-b461-a2c4492ecf1b,2026-09-27,21144,947,exact
Nicki Minaj,Nicki Minaj,20260928,13995,Nicki_Minaj,2026-10-05T05:05:14.242906+00:00,1036b808-f58c-4a3e-b461-a2c4492ecf1b,2026-09-28,13995,948,exact
Nicki Minaj,Nicki Minaj,20260929,26132,Nicki_Minaj,2026-10-05T05:05:14.242906+00:00,1036b808-f58c-4a3e-b461-a2c4492ecf1b,2026-09-29,26132,949,exact
Nicki Minaj,Nicki Minaj,20260930,12363,Nicki_Minaj,2026-10-05T05:05:14.242906+00:00,1036b808-f58c-4a3e-b461-a2c4492ecf1b,2026-09-30,12363,950,exact
Nicki Minaj,Nicki Minaj,20261001,8087,Nicki_Minaj,2026-10-05T05:05:14.242906+00:00,1036b808-f58c-4a3e-b461-a2c4492ecf1b,2026-10-01,8087,951,exact
Nicki Minaj,Nicki Minaj,20261002,5490,Nicki_Minaj,2026-10-05T05:05:14.242906+00:00,1036b808-f58c-4a3e-b461-a2c4492ecf1b,2026-10-02,5490,952,exact
Nicki Minaj,Nicki Minaj,20261003,5311,Nicki_Minaj,2026-10-05T05:05:14.242906+00:00,1036b808-f58c-4a3e-b461-a2c4492ecf1b,2026-10-03,5311,953,exact
Nicki Minaj,Nicki Minaj,20261004,4551,Nicki_Minaj,2026-10-05T05:05:14.242906+00:00,1036b808-f58c-4a3e-b461-a2c4492ecf1b,2026-10-04,4551,954,exact
Cardi B,Cardi B,20260905,4245,Cardi_B,2026-10-05T05:05:14.242906+00:00,2f3c4d70-0462-40da-bba3-0aec5772c556,2026-09-05,4245,955,exact
Cardi B,Cardi B,20260906,4782,Cardi_B,2026-10-05T05:05:14.242906+00:00,2f3c4d70-0462-40da-bba3-0aec5772c556,2026-09-06,4782,956,exact
Cardi B,Cardi B,20260907,5406,Cardi_B,2026-10-05T05:05:14.242906+00:00,2f3c4d70-0462-40da-bba3-0aec5772c556,2026-09-07,5406,957,exact
Cardi B,Cardi B,20260908,6040,Cardi_B,2026-10-05T05:05:14.242906+00:00,2f3c4d70-0462-40da-bba3-0aec5772c556,2026-09-08,6040,958,exact
Cardi B,Cardi B,20260909,4675,Cardi_B,2026-10-05T05:05:14.242906+00:00,2f3c4d70-0462-40da-bba3-0aec5772c556,2026-09-09,4675,959,exact
Cardi B,Cardi B,20260910,4390,Cardi_B,2026-10-05T05:05:14.242906+00:00,2f3c4d70-0462-40da-bba3-0aec5772c556,2026-09-10,4390,960,exact
Cardi B,Cardi B,20260911,3710,Cardi_B,2026-10-05T05:05:14.242906+00:00,2f3c4d70-0462-40da-bba3-0aec5772c556,2026-09-11,3710,961,exact
Cardi B,Cardi B,20260912,3686,Cardi_B,2026-10-05T05:05:14.242906+00:00,2f3c4d70-0462-40da-bba3-0aec5772c556,2026-09-12,3686,962,exact
Cardi B,Cardi B,20260913,4416,Cardi_B,2026-10-05T05:05:14.242906+00:00,2f3c4d70-0462-40da-bba3-0aec5772c556,2026-09-13,4416,963,exact
Cardi B,Cardi B,20260914,3648,Cardi_B,2026-10-05T05:05:14.242906+00:00,2f3c4d70-0462-40da-bba3-0aec5772c556,2026-09-14,3648,964,exact
Cardi B,Cardi B,20260915,3403,Cardi_B,2026-10-05T05:05:14.242906+00:00,2f3c4d70-0462-40da-bba3-0aec5772c556,2026-09-15,3403,965,exact
Cardi B,Cardi B,20260916,3499,Cardi_B,2026-10-05T05:05:14.242906+00:00,2f3c4d70-0462-40da-bba3-0aec5772c556,2026-09-16,3499,966,exact
Cardi B,Cardi B,20260917,3376,Cardi_B,2026-10-05T05:05:14.242906+00:00,2f3c4d70-0462-40da-bba3-0aec5772c556,2026-09-17,3376,967,exact
Cardi B,Cardi B,20260918,3510,Cardi_B,2026-10-05T05:05:14.242906+00:00,2f3c4d70-0462-40da-bba3-0aec5772c556,2026-09-18,3510,968,exact
Cardi B,Cardi B,20260919,7067,Cardi_B,2026-10-05T05:05:14.242906+00:00,2f3c4d70-0462-40da-bba3-0aec5772c556,2026-09-19,7067,969,exact
Cardi B,Cardi B,20260920,5756,Cardi_B,2026-10-05T05:05:14.242906+00:00,2f3c4d70-0462-40da-bba3-0aec5772c556,2026-09-20,5756,970,exact
Cardi B,Cardi B,20260921,5163,Cardi_B,2026-10-05T05:05:14.242906+00:00,2f3c4d70-0462-40da-bba3-0aec5772c556,2026-09-21,5163,971,exact
Cardi B,Cardi B,20260922,4286,Cardi_B,2026-10-05T05:05:14.242906+00:00,2f3c4d70-0462-40da-bba3-0aec5772c556,2026-09-22,4286,972,exact
Cardi B,Cardi B,20260923,4170,Cardi_B,2026-10-05T05:05:14.242906+00:00,2f3c4d70-0462-40da-bba3-0aec5772c556,2026-09-23,4170,973,exact
Cardi B,Cardi B,20260924,4745,Cardi_B,2026-10-05T05:05:14.242906+00:00,2f3c4d70-0462-40da-bba3-0aec5772c556,2026-09-24,4745,974,exact
Cardi B,Cardi B,20260925,4936,Cardi_B,2026-10-05T05:05:14.242906+00:00,2f3c4d70-0462-40da-bba3-0aec5772c556,2026-09-25,4936,975,exact
Cardi B,Cardi B,20260926,4681,Cardi_B,2026-10-05T05:05:14.242906+00:00,2f3c4d70-0462-40da-bba3-0aec5772c556,2026-09-26,4681,976,exact
Cardi B,Cardi B,20260927,4421,Cardi_B,2026-10-05T05:05:14.242906+00:00,2f3c4d70-0462-40da-bba3-0aec5772c556,2026-09-27,4421,977,exact
Cardi B,Cardi B,20260928,4407,Cardi_B,2026-10-05T05:05:14.242906+00:00,2f3c4d70-0462-40da-bba3-0aec5772c556,2026-09-28,4407,978,exact
Cardi B,Cardi B,20260929,4159,Cardi_B,2026-10-05T05:05:14.242906+00:00,2f3c4d70-0462-40da-bba3-0aec5772c556,2026-09-29,4159,979,exact
Cardi B,Cardi B,20260930,3610,Cardi_B,2026-10-05T05:05:14.242906+00:00,2f3c4d70-0462-40da-bba3-0aec5772c556,2026-09-30,3610,980,exact
Cardi B,Cardi B,20261001,3338,Cardi_B,2026-10-05T05:05:14.242906+00:00,2f3c4d70-0462-40da-bba3-0aec5772c556,2026-10-01,3338,981,exact
Cardi B,Cardi B,20261002,3369,Cardi_B,2026-10-05T05:05:14.242906+00:00,2f3c4d70-0462-40da-bba3-0aec5772c556,2026-10-02,3369,982,exact
Cardi B,Cardi B,20261003,3404,Cardi_B,2026-10-05T05:05:14.242906+00:00,2f3c4d70-0462-40da-bba3-0aec5772c556,2026-10-03,3404,983,exact
Cardi B,Cardi B,20261004,3829,Cardi_B,2026-10-05T05:05:14.242906+00:00,2f3c4d70-0462-40da-bba3-0aec5772c556,2026-10-04,3829,984,exact
Bad Bunny,Bad Bunny,20260905,2918,Bad_Bunny,2026-10-05T05:05:14.242906+00:00,89aa5ecb-59ad-46f5-b3eb-2d424e941f19,2026-09-05,2918,985,exact
Bad Bunny,Bad Bunny,20260906,5000,Bad_Bunny,2026-10-05T05:05:14.242906+00:00,89aa5ecb-59ad-46f5-b3eb-2d424e941f19,2026-09-06,5000,986,exact
Bad Bunny,Bad Bunny,20260907,4021,Bad_Bunny,2026-10-05T05:05:14.242906+00:00,89aa5ecb-59ad-46f5-b3eb-2d424e941f19,2026-09-07,4021,987,exact
Bad Bunny,Bad Bunny,20260908,3452,Bad_Bunny,2026-10-05T05:05:14.242906+00:00,89aa5ecb-59ad-46f5-b3eb-2d424e941f19,2026-09-08,3452,988,exact
Bad Bunny,Bad Bunny,20260909,3054,Bad_Bunny,2026-10-05T05:05:14.242906+00:00,89aa5ecb-59ad-46f5-b3eb-2d424e941f19,2026-09-09,3054,989,exact
Bad Bunny,Bad Bunny,20260910,3331,Bad_Bunny,2026-10-05T05:05:14.242906+00:00,89aa5ecb-59ad-46f5-b3eb-2d424e941f19,2026-09-10,3331,990,exact
Bad Bunny,Bad Bunny,20260911,3667,Bad_Bunny,2026-10-05T05:05:14.242906+00:00,89aa5ecb-59ad-46f5-b3eb-2d424e941f19,2026-09-11,3667,991,exact
Bad Bunny,Bad Bunny,20260912,2886,Bad_Bunny,2026-10-05T05:05:14.242906+00:00,89aa5ecb-59ad-46f5-b3eb-2d424e941f19,2026-09-12,2886,992,exact
Bad Bunny,Bad Bunny,20260913,3022,Bad_Bunny,2026-10-05T05:05:14.242906+00:00,89aa5ecb-59ad-46f5-b3eb-2d424e941f19,2026-09-13,3022,993,exact
Bad Bunny,Bad Bunny,20260914,4227,Bad_Bunny,2026-10-05T05:05:14.242906+00:00,89aa5ecb-59ad-46f5-b3eb-2d424e941f19,2026-09-14,4227,994,exact
Bad Bunny,Bad Bunny,20260915,3850,Bad_Bunny,2026-10-05T05:05:14.242906+00:00,89aa5ecb-59ad-46f5-b3eb-2d424e941f19,2026-09-15,3850,995,exact
Bad Bunny,Bad Bunny,20260916,3644,Bad_Bunny,2026-10-05T05:05:14.242906+00:00,89aa5ecb-59ad-46f5-b3eb-2d424e941f19,2026-09-16,3644,996,exact
Bad Bunny,Bad Bunny,20260917,3809,Bad_Bunny,2026-10-05T05:05:14.242906+00:00,89aa5ecb-59ad-46f5-b3eb-2d424e941f19,2026-09-17,3809,997,exact
Bad Bunny,Bad Bunny,20260918,3917,Bad_Bunny,2026-10-05T05:05:14.242906+00:00,89aa5ecb-59ad-46f5-b3eb-2d424e941f19,2026-09-18,3917,998,exact
Bad Bunny,Bad Bunny,20260919,3054,Bad_Bunny,2026-10-05T05:05:14.242906+00:00,89aa5ecb-59ad-46f5-b3eb-2d424e941f19,2026-09-19,3054,999,exact
Bad Bunny,Bad Bunny,20260920,3110,Bad_Bunny,2026-10-05T05:05:14.242906+00:00,89aa5ecb-59ad-46f5-b3eb-2d424e941f19,2026-09-20,3110,1000,exact
Bad Bunny,Bad Bunny,20260921,3613,Bad_Bunny,2026-10-05T05:05:14.242906+00:00,89aa5ecb-59ad-46f5-b3eb-2d424e941f19,2026-09-21,3613,1001,exact
Bad Bunny,Bad Bunny,20260922,3759,Bad_Bunny,2026-10-05T05:05:14.242906+00:00,89aa5ecb-59ad-46f5-b3eb-2d424e941f19,2026-09-22,3759,1002,exact
Bad Bunny,Bad Bunny,20260923,4352,Bad_Bunny,2026-10-05T05:05:14.242906+00:00,89aa5ecb-59ad-46f5-b3eb-2d424e941f19,2026-09-23,4352,1003,exact
Bad Bunny,Bad Bunny,20260924,4352,Bad_Bunny,2026-10-05T05:05:14.242906+00:00,89aa5ecb-59ad-46f5-b3eb-2d424e941f19,2026-09-24,4352,1004,exact
Bad Bunny,Bad Bunny,20260925,4277,Bad_Bunny,2026-10-05T05:05:14.242906+00:00,89aa5ecb-59ad-46f5-b3eb-2d424e941f19,2026-09-25,4277,1005,exact
Bad Bunny,Bad Bunny,20260926,3735,Bad_Bunny,2026-10-05T05:05:14.242906+00:00,89aa5ecb-59ad-46f5-b3eb-2d424e941f19,2026-09-26,3735,1006,exact
Bad Bunny,Bad Bunny,20260927,4248,Bad_Bunny,2026-10-05T05:05:14.242906+00:00,89aa5ecb-59ad-46f5-b3eb-2d424e941f19,2026-09-27,4248,1007,exact
Bad Bunny,Bad Bunny,20260928,4276,Bad_Bunny,2026-10-05T05:05:14.242906+00:00,89aa5ecb-59ad-46f5-b3eb-2d424e941f19,2026-09-28,4276,1008,exact
Bad Bunny,Bad Bunny,20260929,5464,Bad_Bunny,2026-10-05T05:05:14.242906+00:00,89aa5ecb-59ad-46f5-b3eb-2d424e941f19,2026-09-29,5464,1009,exact
Bad Bunny,Bad Bunny,20260930,4312,Bad_Bunny,2026-10-05T05:05:14.242906+00:00,89aa5ecb-59ad-46f5-b3eb-2d424e941f19,2026-09-30,4312,1010,exact
Bad Bunny,Bad Bunny,20261001,3965,Bad_Bunny,2026-10-05T05:05:14.242906+00:00,89aa5ecb-59ad-46f5-b3eb-2d424e941f19,2026-10-01,3965,1011,exact
Bad Bunny,Bad Bunny,20261002,3699,Bad_Bunny,2026-10-05T05:05:14.242906+00:00,89aa5ecb-59ad-46f5-b3eb-2d424e941f19,2026-10-02,3699,1012,exact
Bad Bunny,Bad Bunny,20261003,3093,Bad_Bunny,2026-10-05T05:05:14.242906+00:00,89aa5ecb-59ad-46f5-b3eb-2d424e941f19,2026-10-03,3093,1013,exact
Bad Bunny,Bad Bunny,20261004,3171,Bad_Bunny,2026-10-05T05:05:14.242906+00:00,89aa5ecb-59ad-46f5-b3eb-2d424e941f19,2026-10-04,3171,1014,exact
J Balvin,J Balvin,20260905,491,J_Balvin,2026-10-05T05:05:14.242906+00:00,5bdeb32d-56a5-4b6d-a768-264101fa0a0a,2026-09-05,491,1015,exact
J Balvin,J Balvin,20260906,513,J_Balvin,2026-10-05T05:05:14.242906+00:00,5bdeb32d-56a5-4b6d-a768-264101fa0a0a,2026-09-06,513,1016,exact
J Balvin,J Balvin,20260907,458,J_Balvin,2026-10-05T05:05:14.242906+00:00,5bdeb32d-56a5-4b6d-a768-264101fa0a0a,2026-09-07,458,1017,exact
J Balvin,J Balvin,20260908,372,J_Balvin,2026-10-05T05:05:14.242906+00:00,5bdeb32d-56a5-4b6d-a768-264101fa0a0a,2026-09-08,372,1018,exact
J Balvin,J Balvin,20260909,423,J_Balvin,2026-10-05T05:05:14.242906+00:00,5bdeb32d-56a5-4b6d-a768-264101fa0a0a,2026-09-09,423,1019,exact
J Balvin,J Balvin,20260910,428,J_Balvin,2026-10-05T05:05:14.242906+00:00,5bdeb32d-56a5-4b6d-a768-264101fa0a0a,2026-09-10,428,1020,exact
J Balvin,J Balvin,20260911,481,J_Balvin,2026-10-05T05:05:14.242906+00:00,5bdeb32d-56a5-4b6d-a768-264101fa0a0a,2026-09-11,481,1021,exact
J Balvin,J Balvin,20260912,645,J_Balvin,2026-10-05T05:05:14.242906+00:00,5bdeb32d-56a5-4b6d-a768-264101fa0a0a,2026-09-12,645,1022,exact
J Balvin,J Balvin,20260913,699,J_Balvin,2026-10-05T05:05:14.242906+00:00,5bdeb32d-56a5-4b6d-a768-264101fa0a0a,2026-09-13,699,1023,exact
J Balvin,J Balvin,20260914,556,J_Balvin,2026-10-05T05:05:14.242906+00:00,5bdeb32d-56a5-4b6d-a768-264101fa0a0a,2026-09-14,556,1024,exact
J Balvin,J Balvin,20260915,549,J_Balvin,2026-10-05T05:05:14.242906+00:00,5bdeb32d-56a5-4b6d-a768-264101fa0a0a,2026-09-15,549,1025,exact
J Balvin,J Balvin,20260916,1009,J_Balvin,2026-10-05T05:05:14.242906+00:00,5bdeb32d-56a5-4b6d-a768-264101fa0a0a,2026-09-16,1009,1026,exact
J Balvin,J Balvin,20260917,1774,J_Balvin,2026-10-05T05:05:14.242906+00:00,5bdeb32d-56a5-4b6d-a768-264101fa0a0a,2026-09-17,1774,1027,exact
J Balvin,J Balvin,20260918,1369,J_Balvin,2026-10-05T05:05:14.242906+00:00,5bdeb32d-56a5-4b6d-a768-264101fa0a0a,2026-09-18,1369,1028,exact
J Balvin,J Balvin,20260919,1208,J_Balvin,2026-10-05T05:05:14.242906+00:00,5bdeb32d-56a5-4b6d-a768-264101fa0a0a,2026-09-19,1208,1029,exact
J Balvin,J Balvin,20260920,1454,J_Balvin,2026-10-05T05:05:14.242906+00:00,5bdeb32d-56a5-4b6d-a768-264101fa0a0a,2026-09-20,1454,1030,exact
J Balvin,J Balvin,20260921,953,J_Balvin,2026-10-05T05:05:14.242906+00:00,5bdeb32d-56a5-4b6d-a768-264101fa0a0a,2026-09-21,953,1031,exact
J Balvin,J Balvin,20260922,640,J_Balvin,2026-10-05T05:05:14.242906+00:00,5bdeb32d-56a5-4b6d-a768-264101fa0a0a,2026-09-22,640,1032,exact
J Balvin,J Balvin,20260923,806,J_Balvin,2026-10-05T05:05:14.242906+00:00,5bdeb32d-56a5-4b6d-a768-264101fa0a0a,2026-09-23,806,1033,exact
J Balvin,J Balvin,20260924,589,J_Balvin,2026-10-05T05:05:14.242906+00:00,5bdeb32d-56a5-4b6d-a768-264101fa0a0a,2026-09-24,589,1034,exact
J Balvin,J Balvin,20260925,655,J_Balvin,2026-10-05T05:05:14.242906+00:00,5bdeb32d-56a5-4b6d-a768-264101fa0a0a,2026-09-25,655,1035,exact
J Balvin,J Balvin,20260926,551,J_Balvin,2026-10-05T05:05:14.242906+00:00,5bdeb32d-56a5-4b6d-a768-264101fa0a0a,2026-09-26,551,1036,exact
J Balvin,J Balvin,20260927,560,J_Balvin,2026-10-05T05:05:14.242906+00:00,5bdeb32d-56a5-4b6d-a768-264101fa0a0a,2026-09-27,560,1037,exact
J Balvin,J Balvin,20260928,632,J_Balvin,2026-10-05T05:05:14.242906+00:00,5bdeb32d-56a5-4b6d-a768-264101fa0a0a,2026-09-28,632,1038,exact
J Balvin,J Balvin,20260929,605,J_Balvin,2026-10-05T05:05:14.242906+00:00,5bdeb32d-56a5-4b6d-a768-264101fa0a0a,2026-09-29,605,1039,exact
J Balvin,J Balvin,20260930,551,J_Balvin,2026-10-05T05:05:14.242906+00:00,5bdeb32d-56a5-4b6d-a768-264101fa0a0a,2026-09-30,551,1040,exact
J Balvin,J Balvin,20261001,498,J_Balvin,2026-10-05T05:05:14.242906+00:00,5bdeb32d-56a5-4b6d-a768-264101fa0a0a,2026-10-01,498,1041,exact
J Balvin,J Balvin,20261002,793,J_Balvin,2026-10-05T05:05:14.242906+00:00,5bdeb32d-56a5-4b6d-a768-264101fa0a0a,2026-10-02,793,1042,exact
J Balvin,J Balvin,20261003,569,J_Balvin,2026-10-05T05:05:14.242906+00:00,5bdeb32d-56a5-4b6d-a768-264101fa0a0a,2026-10-03,569,1043,exact
J Balvin,J Balvin,20261004,501,J_Balvin,2026-10-05T05:05:14.242906+00:00,5bdeb32d-56a5-4b6d-a768-264101fa0a0a,2026-10-04,501,1044,exact
Shakira,Shakira,20260905,7018,Shakira,2026-10-05T05:05:14.242906+00:00,bf24ca37-25f4-4e34-9aec-460b94364cfc,2026-09-05,7018,1045,exact
Shakira,Shakira,20260906,7040,Shakira,2026-10-05T05:05:14.242906+00:00,bf24ca37-25f4-4e34-9aec-460b94364cfc,2026-09-06,7040,1046,exact
Shakira,Shakira,20260907,6607,Shakira,2026-10-05T05:05:14.242906+00:00,bf24ca37-25f4-4e34-9aec-460b94364cfc,2026-09-07,6607,1047,exact
Shakira,Shakira,20260908,6246,Shakira,2026-10-05T05:05:14.242906+00:00,bf24ca37-25f4-4e34-9aec-460b94364cfc,2026-09-08,6246,1048,exact
Shakira,Shakira,20260909,6058,Shakira,2026-10-05T05:05:14.242906+00:00,bf24ca37-25f4-4e34-9aec-460b94364cfc,2026-09-09,6058,1049,exact
Shakira,Shakira,20260910,5970,Shakira,2026-10-05T05:05:14.242906+00:00,bf24ca37-25f4-4e34-9aec-460b94364cfc,2026-09-10,5970,1050,exact
Shakira,Shakira,20260911,6520,Shakira,2026-10-05T05:05:14.242906+00:00,bf24ca37-25f4-4e34-9aec-460b94364cfc,2026-09-11,6520,1051,exact
Shakira,Shakira,20260912,7155,Shakira,2026-10-05T05:05:14.242906+00:00,bf24ca37-25f4-4e34-9aec-460b94364cfc,2026-09-12,7155,1052,exact
Shakira,Shakira,20260913,6888,Shakira,2026-10-05T05:05:14.242906+00:00,bf24ca37-25f4-4e34-9aec-460b94364cfc,2026-09-13,6888,1053,exact
Shakira,Shakira,20260914,7261,Shakira,2026-10-05T05:05:14.242906+00:00,bf24ca37-25f4-4e34-9aec-460b94364cfc,2026-09-14,7261,1054,exact
Shakira,Shakira,20260915,6435,Shakira,2026-10-05T05:05:14.242906+00:00,bf24ca37-25f4-4e34-9aec-460b94364cfc,2026-09-15,6435,1055,exact
Shakira,Shakira,20260916,6818,Shakira,2026-10-05T05:05:14.242906+00:00,bf24ca37-25f4-4e34-9aec-460b94364cfc,2026-09-16,6818,1056,exact
Shakira,Shakira,20260917,6995,Shakira,2026-10-05T05:05:14.242906+00:00,bf24ca37-25f4-4e34-9aec-460b94364cfc,2026-09-17,6995,1057,exact
Shakira,Shakira,20260918,8565,Shakira,2026-10-05T05:05:14.242906+00:00,bf24ca37-25f4-4e34-9aec-460b94364cfc,2026-09-18,8565,1058,exact
Shakira,Shakira,20260919,8301,Shakira,2026-10-05T05:05:14.242906+00:00,bf24ca37-25f4-4e34-9aec-460b94364cfc,2026-09-19,8301,1059,exact
Shakira,Shakira,20260920,8099,Shakira,2026-10-05T05:05:14.242906+00:00,bf24ca37-25f4-4e34-9aec-460b94364cfc,2026-09-20,8099,1060,exact
Shakira,Shakira,20260921,7711,Shakira,2026-10-05T05:05:14.242906+00:00,bf24ca37-25f4-4e34-9aec-460b94364cfc,2026-09-21,7711,1061,exact
Shakira,Shakira,20260922,7262,Shakira,2026-10-05T05:05:14.242906+00:00,bf24ca37-25f4-4e34-9aec-460b94364cfc,2026-09-22,7262,1062,exact
Shakira,Shakira,20260923,7293,Shakira,2026-10-05T05:05:14.242906+00:00,bf24ca37-25f4-4e34-9aec-460b94364cfc,2026-09-23,7293,1063,exact
Shakira,Shakira,20260924,6801,Shakira,2026-10-05T05:05:14.242906+00:00,bf24ca37-25f4-4e34-9aec-460b94364cfc,2026-09-24,6801,1064,exact
Shakira,Shakira,20260925,6688,Shakira,2026-10-05T05:05:14.242906+00:00,bf24ca37-25f4-4e34-9aec-460b94364cfc,2026-09-25,6688,1065,exact
Shakira,Shakira,20260926,7219,Shakira,2026-10-05T05:05:14.242906+00:00,bf24ca37-25f4-4e34-9aec-460b94364cfc,2026-09-26,7219,1066,exact
Shakira,Shakira,20260927,8073,Shakira,2026-10-05T05:05:14.242906+00:00,bf24ca37-25f4-4e34-9aec-460b94364cfc,2026-09-27,8073,1067,exact
Shakira,Shakira,20260928,7753,Shakira,2026-10-05T05:05:14.242906+00:00,bf24ca37-25f4-4e34-9aec-460b94364cfc,2026-09-28,7753,1068,exact
Shakira,Shakira,20260929,7554,Shakira,2026-10-05T05:05:14.242906+00:00,bf24ca37-25f4-4e34-9aec-460b94364cfc,2026-09-29,7554,1069,exact
Shakira,Shakira,20260930,7734,Shakira,2026-10-05T05:05:14.242906+00:00,bf24ca37-25f4-4e34-9aec-460b94364cfc,2026-09-30,7734,1070,exact
Shakira,Shakira,20261001,7318,Shakira,2026-10-05T05:05:14.242906+00:00,bf24ca37-25f4-4e34-9aec-460b94364cfc,2026-10-01,7318,1071,exact
Shakira,Shakira,20261002,7040,Shakira,2026-10-05T05:05:14.242906+00:00,bf24ca37-25f4-4e34-9aec-460b94364cfc,2026-10-02,7040,1072,exact
Shakira,Shakira,20261003,11406,Shakira,2026-10-05T05:05:14.242906+00:00,bf24ca37-25f4-4e34-9aec-460b94364cfc,2026-10-03,11406,1073,exact
Shakira,Shakira,20261004,13774,Shakira,2026-10-05T05:05:14.242906+00:00,bf24ca37-25f4-4e34-9aec-460b94364cfc,2026-10-04,13774,1074,exact
Daddy Yankee,Daddy Yankee,20260905,733,Daddy_Yankee,2026-10-05T05:05:14.242906+00:00,2f522f5c-111c-4ce8-8bd0-d82e97c227ad,2026-09-05,733,1075,exact
Daddy Yankee,Daddy Yankee,20260906,791,Daddy_Yankee,2026-10-05T05:05:14.242906+00:00,2f522f5c-111c-4ce8-8bd0-d82e97c227ad,2026-09-06,791,1076,exact
Daddy Yankee,Daddy Yankee,20260907,762,Daddy_Yankee,2026-10-05T05:05:14.242906+00:00,2f522f5c-111c-4ce8-8bd0-d82e97c227ad,2026-09-07,762,1077,exact
Daddy Yankee,Daddy Yankee,20260908,768,Daddy_Yankee,2026-10-05T05:05:14.242906+00:00,2f522f5c-111c-4ce8-8bd0-d82e97c227ad,2026-09-08,768,1078,exact
Daddy Yankee,Daddy Yankee,20260909,715,Daddy_Yankee,2026-10-05T05:05:14.242906+00:00,2f522f5c-111c-4ce8-8bd0-d82e97c227ad,2026-09-09,715,1079,exact
Daddy Yankee,Daddy Yankee,20260910,728,Daddy_Yankee,2026-10-05T05:05:14.242906+00:00,2f522f5c-111c-4ce8-8bd0-d82e97c227ad,2026-09-10,728,1080,exact
Daddy Yankee,Daddy Yankee,20260911,775,Daddy_Yankee,2026-10-05T05:05:14.242906+00:00,2f522f5c-111c-4ce8-8bd0-d82e97c227ad,2026-09-11,775,1081,exact
Daddy Yankee,Daddy Yankee,20260912,792,Daddy_Yankee,2026-10-05T05:05:14.242906+00:00,2f522f5c-111c-4ce8-8bd0-d82e97c227ad,2026-09-12,792,1082,exact
Daddy Yankee,Daddy Yankee,20260913,819,Daddy_Yankee,2026-10-05T05:05:14.242906+00:00,2f522f5c-111c-4ce8-8bd0-d82e97c227ad,2026-09-13,819,1083,exact
Daddy Yankee,Daddy Yankee,20260914,717,Daddy_Yankee,2026-10-05T05:05:14.242906+00:00,2f522f5c-111c-4ce8-8bd0-d82e97c227ad,2026-09-14,717,1084,exact
Daddy Yankee,Daddy Yankee,20260915,695,Daddy_Yankee,2026-10-05T05:05:14.242906+00:00,2f522f5c-111c-4ce8-8bd0-d82e97c227ad,2026-09-15,695,1085,exact
Daddy Yankee,Daddy Yankee,20260916,798,Daddy_Yankee,2026-10-05T05:05:14.242906+00:00,2f522f5c-111c-4ce8-8bd0-d82e97c227ad,2026-09-16,798,1086,exact
Daddy Yankee,Daddy Yankee,20260917,793,Daddy_Yankee,2026-10-05T05:05:14.242906+00:00,2f522f5c-111c-4ce8-8bd0-d82e97c227ad,2026-09-17,793,1087,exact
Daddy Yankee,Daddy Yankee,20260918,900,Daddy_Yankee,2026-10-05T05:05:14.242906+00:00,2f522f5c-111c-4ce8-8bd0-d82e97c227ad,2026-09-18,900,1088,exact
Daddy Yankee,Daddy Yankee,20260919,795,Daddy_Yankee,2026-10-05T05:05:14.242906+00:00,2f522f5c-111c-4ce8-8bd0-d82e97c227ad,2026-09-19,795,1089,exact
Daddy Yankee,Daddy Yankee,20260920,729,Daddy_Yankee,2026-10-05T05:05:14.242906+00:00,2f522f5c-111c-4ce8-8bd0-d82e97c227ad,2026-09-20,729,1090,exact
Daddy Yankee,Daddy Yankee,20260921,816,Daddy_Yankee,2026-10-05T05:05:14.242906+00:00,2f522f5c-111c-4ce8-8bd0-d82e97c227ad,2026-09-21,816,1091,exact
Daddy Yankee,Daddy Yankee,20260922,844,Daddy_Yankee,2026-10-05T05:05:14.242906+00:00,2f522f5c-111c-4ce8-8bd0-d82e97c227ad,2026-09-22,844,1092,exact
Daddy Yankee,Daddy Yankee,20260923,925,Daddy_Yankee,2026-10-05T05:05:14.242906+00:00,2f522f5c-111c-4ce8-8bd0-d82e97c227ad,2026-09-23,925,1093,exact
Daddy Yankee,Daddy Yankee,20260924,837,Daddy_Yankee,2026-10-05T05:05:14.242906+00:00,2f522f5c-111c-4ce8-8bd0-d82e97c227ad,2026-09-24,837,1094,exact
Daddy Yankee,Daddy Yankee,20260925,857,Daddy_Yankee,2026-10-05T05:05:14.242906+00:00,2f522f5c-111c-4ce8-8bd0-d82e97c227ad,2026-09-25,857,1095,exact
Daddy Yankee,Daddy Yankee,20260926,818,Daddy_Yankee,2026-10-05T05:05:14.242906+00:00,2f522f5c-111c-4ce8-8bd0-d82e97c227ad,2026-09-26,818,1096,exact
Daddy Yankee,Daddy Yankee,20260927,740,Daddy_Yankee,2026-10-05T05:05:14.242906+00:00,2f522f5c-111c-4ce8-8bd0-d82e97c227ad,2026-09-27,740,1097,exact
Daddy Yankee,Daddy Yankee,20260928,828,Daddy_Yankee,2026-10-05T05:05:14.242906+00:00,2f522f5c-111c-4ce8-8bd0-d82e97c227ad,2026-09-28,828,1098,exact
Daddy Yankee,Daddy Yankee,20260929,918,Daddy_Yankee,2026-10-05T05:05:14.242906+00:00,2f522f5c-111c-4ce8-8bd0-d82e97c227ad,2026-09-29,918,1099,exact
Daddy Yankee,Daddy Yankee,20260930,862,Daddy_Yankee,2026-10-05T05:05:14.242906+00:00,2f522f5c-111c-4ce8-8bd0-d82e97c227ad,2026-09-30,862,1100,exact
Daddy Yankee,Daddy Yankee,20261001,761,Daddy_Yankee,2026-10-05T05:05:14.242906+00:00,2f522f5c-111c-4ce8-8bd0-d82e97c227ad,2026-10-01,761,1101,exact
Daddy Yankee,Daddy Yankee,20261002,763,Daddy_Yankee,2026-10-05T05:05:14.242906+00:00,2f522f5c-111c-4ce8-8bd0-d82e97c227ad,2026-10-02,763,1102,exact
Daddy Yankee,Daddy Yankee,20261003,785,Daddy_Yankee,2026-10-05T05:05:14.242906+00:00,2f522f5c-111c-4ce8-8bd0-d82e97c227ad,2026-10-03,785,1103,exact
Daddy Yankee,Daddy Yankee,20261004,766,Daddy_Yankee,2026-10-05T05:05:14.242906+00:00,2f522f5c-111c-4ce8-8bd0-d82e97c227ad,2026-10-04,766,1104,exact
BTS,BTS,20260905,6762,BTS,2026-10-05T05:05:14.242906+00:00,0d79fe8e-ba27-4859-bb8c-2f255f346853,2026-09-05,6762,1105,exact
BTS,BTS,20260906,7398,BTS,2026-10-05T05:05:14.242906+00:00,0d79fe8e-ba27-4859-bb8c-2f255f346853,2026-09-06,7398,1106,exact
BTS,BTS,20260907,8734,BTS,2026-10-05T05:05:14.242906+00:00,0d79fe8e-ba27-4859-bb8c-2f255f346853,2026-09-07,8734,1107,exact
BTS,BTS,20260908,7481,BTS,2026-10-05T05:05:14.242906+00:00,0d79fe8e-ba27-4859-bb8c-2f255f346853,2026-09-08,7481,1108,exact
BTS,BTS,20260909,6284,BTS,2026-10-05T05:05:14.242906+00:00,0d79fe8e-ba27-4859-bb8c-2f255f346853,2026-09-09,6284,1109,exact
BTS,BTS,20260910,5929,BTS,2026-10-05T05:05:14.242906+00:00,0d79fe8e-ba27-4859-bb8c-2f255f346853,2026-09-10,5929,1110,exact
BTS,BTS,20260911,5981,BTS,2026-10-05T05:05:14.242906+00:00,0d79fe8e-ba27-4859-bb8c-2f255f346853,2026-09-11,5981,1111,exact
BTS,BTS,20260912,6109,BTS,2026-10-05T05:05:14.242906+00:00,0d79fe8e-ba27-4859-bb8c-2f255f346853,2026-09-12,6109,1112,exact
BTS,BTS,20260913,5861,BTS,2026-10-05T05:05:14.242906+00:00,0d79fe8e-ba27-4859-bb8c-2f255f346853,2026-09-13,5861,1113,exact
BTS,BTS,20260914,5166,BTS,2026-10-05T05:05:14.242906+00:00,0d79fe8e-ba27-4859-bb8c-2f255f346853,2026-09-14,5166,1114,exact
BTS,BTS,20260915,4971,BTS,2026-10-05T05:05:14.242906+00:00,0d79fe8e-ba27-4859-bb8c-2f255f346853,2026-09-15,4971,1115,exact
BTS,BTS,20260916,4923,BTS,2026-10-05T05:05:14.242906+00:00,0d79fe8e-ba27-4859-bb8c-2f255f346853,2026-09-16,4923,1116,exact
BTS,BTS,20260917,4925,BTS,2026-10-05T05:05:14.242906+00:00,0d79fe8e-ba27-4859-bb8c-2f255f346853,2026-09-17,4925,1117,exact
BTS,BTS,20260918,4977,BTS,2026-10-05T05:05:14.242906+00:00,0d79fe8e-ba27-4859-bb8c-2f255f346853,2026-09-18,4977,1118,exact
BTS,BTS,20260919,6026,BTS,2026-10-05T05:05:14.242906+00:00,0d79fe8e-ba27-4859-bb8c-2f255f346853,2026-09-19,6026,1119,exact
BTS,BTS,20260920,5578,BTS,2026-10-05T05:05:14.242906+00:00,0d79fe8e-ba27-4859-bb8c-2f255f346853,2026-09-20,5578,1120,exact
BTS,BTS,20260921,4917,BTS,2026-10-05T05:05:14.242906+00:00,0d79fe8e-ba27-4859-bb8c-2f255f346853,2026-09-21,4917,1121,exact
BTS,BTS,20260922,5054,BTS,2026-10-05T05:05:14.242906+00:00,0d79fe8e-ba27-4859-bb8c-2f255f346853,2026-09-22,5054,1122,exact
BTS,BTS,20260923,4939,BTS,2026-10-05T05:05:14.242906+00:00,0d79fe8e-ba27-4859-bb8c-2f255f346853,2026-09-23,4939,1123,exact
BTS,BTS,20260924,4987,BTS,2026-10-05T05:05:14.242906+00:00,0d79fe8e-ba27-4859-bb8c-2f255f346853,2026-09-24,4987,1124,exact
BTS,BTS,20260925,4736,BTS,2026-10-05T05:05:14.242906+00:00,0d79fe8e-ba27-4859-bb8c-2f255f346853,2026-09-25,4736,1125,exact
BTS,BTS,20260926,4806,BTS,2026-10-05T05:05:14.242906+00:00,0d79fe8e-ba27-4859-bb8c-2f255f346853,2026-09-26,4806,1126,exact
BTS,BTS,20260927,5152,BTS,2026-10-05T05:05:14.242906+00:00,0d79fe8e-ba27-4859-bb8c-2f255f346853,2026-09-27,5152,1127,exact
BTS,BTS,20260928,7451,BTS,2026-10-05T05:05:14.242906+00:00,0d79fe8e-ba27-4859-bb8c-2f255f346853,2026-09-28,7451,1128,exact
BTS,BTS,20260929,8913,BTS,2026-10-05T05:05:14.242906+00:00,0d79fe8e-ba27-4859-bb8c-2f255f346853,2026-09-29,8913,1129,exact
BTS,BTS,20260930,5671,BTS,2026-10-05T05:05:14.242906+00:00,0d79fe8e-ba27-4859-bb8c-2f255f346853,2026-09-30,5671,1130,exact
BTS,BTS,20261001,5173,BTS,2026-10-05T05:05:14.242906+00:00,0d79fe8e-ba27-4859-bb8c-2f255f346853,2026-10-01,5173,1131,exact
BTS,BTS,20261002,5026,BTS,2026-10-05T05:05:14.242906+00:00,0d79fe8e-ba27-4859-bb8c-2f255f346853,2026-10-02,5026,1132,exact
BTS,BTS,20261003,5334,BTS,2026-10-05T05:05:14.242906+00:00,0d79fe8e-ba27-4859-bb8c-2f255f346853,2026-10-03,5334,1133,exact
BTS,BTS,20261004,5367,BTS,2026-10-05T05:05:14.242906+00:00,0d79fe8e-ba27-4859-bb8c-2f255f346853,2026-10-04,5367,1134,exact
BLACKPINK,BLACKPINK,20260905,10,BLACKPINK,2026-10-05T05:05:14.242906+00:00,48646387-1664-4c9a-9139-9bfd091b823c,2026-09-05,10,1135,exact
BLACKPINK,BLACKPINK,20260906,18,BLACKPINK,2026-10-05T05:05:14.242906+00:00,48646387-1664-4c9a-9139-9bfd091b823c,2026-09-06,18,1136,exact
BLACKPINK,BLACKPINK,20260907,13,BLACKPINK,2026-10-05T05:05:14.242906+00:00,48646387-1664-4c9a-9139-9bfd091b823c,2026-09-07,13,1137,exact
BLACKPINK,BLACKPINK,20260908,11,BLACKPINK,2026-10-05T05:05:14.242906+00:00,48646387-1664-4c9a-9139-9bfd091b823c,2026-09-08,11,1138,exact
BLACKPINK,BLACKPINK,20260909,8,BLACKPINK,2026-10-05T05:05:14.242906+00:00,48646387-1664-4c9a-9139-9bfd091b823c,2026-09-09,8,1139,exact
BLACKPINK,BLACKPINK,20260910,12,BLACKPINK,2026-10-05T05:05:14.242906+00:00,48646387-1664-4c9a-9139-9bfd091b823c,2026-09-10,12,1140,exact
BLACKPINK,BLACKPINK,20260911,6,BLACKPINK,2026-10-05T05:05:14.242906+00:00,48646387-1664-4c9a-9139-9bfd091b823c,2026-09-11,6,1141,exact
BLACKPINK,BLACKPINK,20260912,3,BLACKPINK,2026-10-05T05:05:14.242906+00:00,48646387-1664-4c9a-9139-9bfd091b823c,2026-09-12,3,1142,exact
BLACKPINK,BLACKPINK,20260913,7,BLACKPINK,2026-10-05T05:05:14.242906+00:00,48646387-1664-4c9a-9139-9bfd091b823c,2026-09-13,7,1143,exact
BLACKPINK,BLACKPINK,20260914,17,BLACKPINK,2026-10-05T05:05:14.242906+00:00,48646387-1664-4c9a-9139-9bfd091b823c,2026-09-14,17,1144,exact
BLACKPINK,BLACKPINK,20260915,26,BLACKPINK,2026-10-05T05:05:14.242906+00:00,48646387-1664-4c9a-9139-9bfd091b823c,2026-09-15,26,1145,exact
BLACKPINK,BLACKPINK,20260916,8,BLACKPINK,2026-10-05T05:05:14.242906+00:00,48646387-1664-4c9a-9139-9bfd091b823c,2026-09-16,8,1146,exact
BLACKPINK,BLACKPINK,20260917,3,BLACKPINK,2026-10-05T05:05:14.242906+00:00,48646387-1664-4c9a-9139-9bfd091b823c,2026-09-17,3,1147,exact
BLACKPINK,BLACKPINK,20260918,9,BLACKPINK,2026-10-05T05:05:14.242906+00:00,48646387-1664-4c9a-9139-9bfd091b823c,2026-09-18,9,1148,exact
BLACKPINK,BLACKPINK,20260919,13,BLACKPINK,2026-10-05T05:05:14.242906+00:00,48646387-1664-4c9a-9139-9bfd091b823c,2026-09-19,13,1149,exact
BLACKPINK,BLACKPINK,20260920,13,BLACKPINK,2026-10-05T05:05:14.242906+00:00,48646387-1664-4c9a-9139-9bfd091b823c,2026-09-20,13,1150,exact
BLACKPINK,BLACKPINK,20260921,8,BLACKPINK,2026-10-05T05:05:14.242906+00:00,48646387-1664-4c9a-9139-9bfd091b823c,2026-09-21,8,1151,exact
BLACKPINK,BLACKPINK,20260922,6,BLACKPINK,2026-10-05T05:05:14.242906+00:00,48646387-1664-4c9a-9139-9bfd091b823c,2026-09-22,6,1152,exact
BLACKPINK,BLACKPINK,20260923,11,BLACKPINK,2026-10-05T05:05:14.242906+00:00,48646387-1664-4c9a-9139-9bfd091b823c,2026-09-23,11,1153,exact
BLACKPINK,BLACKPINK,20260924,4,BLACKPINK,2026-10-05T05:05:14.242906+00:00,48646387-1664-4c9a-9139-9bfd091b823c,2026-09-24,4,1154,exact
BLACKPINK,BLACKPINK,20260925,10,BLACKPINK,2026-10-05T05:05:14.242906+00:00,48646387-1664-4c9a-9139-9bfd091b823c,2026-09-25,10,1155,exact
BLACKPINK,BLACKPINK,20260926,11,BLACKPINK,2026-10-05T05:05:14.242906+00:00,48646387-1664-4c9a-9139-9bfd091b823c,2026-09-26,11,1156,exact
BLACKPINK,BLACKPINK,20260927,4,BLACKPINK,2026-10-05T05:05:14.242906+00:00,48646387-1664-4c9a-9139-9bfd091b823c,2026-09-27,4,1157,exact
BLACKPINK,BLACKPINK,20260928,36,BLACKPINK,2026-10-05T05:05:14.242906+00:00,48646387-1664-4c9a-9139-9bfd091b823c,2026-09-28,36,1158,exact
BLACKPINK,BLACKPINK,20260929,11,BLACKPINK,2026-10-05T05:05:14.242906+00:00,48646387-1664-4c9a-9139-9bfd091b823c,2026-09-29,11,1159,exact
BLACKPINK,BLACKPINK,20260930,14,BLACKPINK,2026-10-05T05:05:14.242906+00:00,48646387-1664-4c9a-9139-9bfd091b823c,2026-09-30,14,1160,exact
BLACKPINK,BLACKPINK,20261001,4,BLACKPINK,2026-10-05T05:05:14.242906+00:00,48646387-1664-4c9a-9139-9bfd091b823c,2026-10-01,4,1161,exact
BLACKPINK,BLACKPINK,20261002,11,BLACKPINK,2026-10-05T05:05:14.242906+00:00,48646387-1664-4c9a-9139-9bfd091b823c,2026-10-02,11,1162,exact
BLACKPINK,BLACKPINK,20261003,8,BLACKPINK,2026-10-05T05:05:14.242906+00:00,48646387-1664-4c9a-9139-9bfd091b823c,2026-10-03,8,1163,exact
BLACKPINK,BLACKPINK,20261004,13,BLACKPINK,2026-10-05T05:05:14.242906+00:00,48646387-1664-4c9a-9139-9bfd091b823c,2026-10-04,13,1164,exact
A. R. Rahman,A. R. Rahman,20260905,1974,A._R._Rahman,2026-10-05T05:05:14.242906+00:00,e0bba708-bdd3-478d-84ea-c706413bedab,2026-09-05,1974,1165,exact
A. R. Rahman,A. R. Rahman,20260906,1999,A._R._Rahman,2026-10-05T05:05:14.242906+00:00,e0bba708-bdd3-478d-84ea-c706413bedab,2026-09-06,1999,1166,exact
A. R. Rahman,A. R. Rahman,20260907,1668,A._R._Rahman,2026-10-05T05:05:14.242906+00:00,e0bba708-bdd3-478d-84ea-c706413bedab,2026-09-07,1668,1167,exact
A. R. Rahman,A. R. Rahman,20260908,1793,A._R._Rahman,2026-10-05T05:05:14.242906+00:00,e0bba708-bdd3-478d-84ea-c706413bedab,2026-09-08,1793,1168,exact
A. R. Rahman,A. R. Rahman,20260909,2684,A._R._Rahman,2026-10-05T05:05:14.242906+00:00,e0bba708-bdd3-478d-84ea-c706413bedab,2026-09-09,2684,1169,exact
A. R. Rahman,A. R. Rahman,20260910,2842,A._R._Rahman,2026-10-05T05:05:14.242906+00:00,e0bba708-bdd3-478d-84ea-c706413bedab,2026-09-10,2842,1170,exact
A. R. Rahman,A. R. Rahman,20260911,2629,A._R._Rahman,2026-10-05T05:05:14.242906+00:00,e0bba708-bdd3-478d-84ea-c706413bedab,2026-09-11,2629,1171,exact
A. R. Rahman,A. R. Rahman,20260912,2544,A._R._Rahman,2026-10-05T05:05:14.242906+00:00,e0bba708-bdd3-478d-84ea-c706413bedab,2026-09-12,2544,1172,exact
A. R. Rahman,A. R. Rahman,20260913,2547,A._R._Rahman,2026-10-05T05:05:14.242906+00:00,e0bba708-bdd3-478d-84ea-c706413bedab,2026-09-13,2547,1173,exact
A. R. Rahman,A. R. Rahman,20260914,2476,A._R._Rahman,2026-10-05T05:05:14.242906+00:00,e0bba708-bdd3-478d-84ea-c706413bedab,2026-09-14,2476,1174,exact
A. R. Rahman,A. R. Rahman,20260915,2149,A._R._Rahman,2026-10-05T05:05:14.242906+00:00,e0bba708-bdd3-478d-84ea-c706413bedab,2026-09-15,2149,1175,exact
A. R. Rahman,A. R. Rahman,20260916,2053,A._R._Rahman,2026-10-05T05:05:14.242906+00:00,e0bba708-bdd3-478d-84ea-c706413bedab,2026-09-16,2053,1176,exact
A. R. Rahman,A. R. Rahman,20260917,1981,A._R._Rahman,2026-10-05T05:05:14.242906+00:00,e0bba708-bdd3-478d-84ea-c706413bedab,2026-09-17,1981,1177,exact
A. R. Rahman,A. R. Rahman,20260918,1944,A._R._Rahman,2026-10-05T05:05:14.242906+00:00,e0bba708-bdd3-478d-84ea-c706413bedab,2026-09-18,1944,1178,exact
A. R. Rahman,A. R. Rahman,20260919,2176,A._R._Rahman,2026-10-05T05:05:14.242906+00:00,e0bba708-bdd3-478d-84ea-c706413bedab,2026-09-19,2176,1179,exact
A. R. Rahman,A. R. Rahman,20260920,2358,A._R._Rahman,2026-10-05T05:05:14.242906+00:00,e0bba708-bdd3-478d-84ea-c706413bedab,2026-09-20,2358,1180,exact
A. R. Rahman,A. R. Rahman,20260921,2040,A._R._Rahman,2026-10-05T05:05:14.242906+00:00,e0bba708-bdd3-478d-84ea-c706413bedab,2026-09-21,2040,1181,exact
A. R. Rahman,A. R. Rahman,20260922,2028,A._R._Rahman,2026-10-05T05:05:14.242906+00:00,e0bba708-bdd3-478d-84ea-c706413bedab,2026-09-22,2028,1182,exact
A. R. Rahman,A. R. Rahman,20260923,2052,A._R._Rahman,2026-10-05T05:05:14.242906+00:00,e0bba708-bdd3-478d-84ea-c706413bedab,2026-09-23,2052,1183,exact
A. R. Rahman,A. R. Rahman,20260924,2072,A._R._Rahman,2026-10-05T05:05:14.242906+00:00,e0bba708-bdd3-478d-84ea-c706413bedab,2026-09-24,2072,1184,exact
A. R. Rahman,A. R. Rahman,20260925,1947,A._R._Rahman,2026-10-05T05:05:14.242906+00:00,e0bba708-bdd3-478d-84ea-c706413bedab,2026-09-25,1947,1185,exact
A. R. Rahman,A. R. Rahman,20260926,2285,A._R._Rahman,2026-10-05T05:05:14.242906+00:00,e0bba708-bdd3-478d-84ea-c706413bedab,2026-09-26,2285,1186,exact
A. R. Rahman,A. R. Rahman,20260927,2007,A._R._Rahman,2026-10-05T05:05:14.242906+00:00,e0bba708-bdd3-478d-84ea-c706413bedab,2026-09-27,2007,1187,exact
A. R. Rahman,A. R. Rahman,20260928,1984,A._R._Rahman,2026-10-05T05:05:14.242906+00:00,e0bba708-bdd3-478d-84ea-c706413bedab,2026-09-28,1984,1188,exact
A. R. Rahman,A. R. Rahman,20260929,1793,A._R._Rahman,2026-10-05T05:05:14.242906+00:00,e0bba708-bdd3-478d-84ea-c706413bedab,2026-09-29,1793,1189,exact
A. R. Rahman,A. R. Rahman,20260930,1611,A._R._Rahman,2026-10-05T05:05:14.242906+00:00,e0bba708-bdd3-478d-84ea-c706413bedab,2026-09-30,1611,1190,exact
A. R. Rahman,A. R. Rahman,20261001,1624,A._R._Rahman,2026-10-05T05:05:14.242906+00:00,e0bba708-bdd3-478d-84ea-c706413bedab,2026-10-01,1624,1191,exact
A. R. Rahman,A. R. Rahman,20261002,1834,A._R._Rahman,2026-10-05T05:05:14.242906+00:00,e0bba708-bdd3-478d-84ea-c706413bedab,2026-10-02,1834,1192,exact
A. R. Rahman,A. R. Rahman,20261003,2386,A._R._Rahman,2026-10-05T05:05:14.242906+00:00,e0bba708-bdd3-478d-84ea-c706413bedab,2026-10-03,2386,1193,exact
A. R. Rahman,A. R. Rahman,20261004,2398,A._R._Rahman,2026-10-05T05:05:14.242906+00:00,e0bba708-bdd3-478d-84ea-c706413bedab,2026-10-04,2398,1194,exact
Arijit Singh,Arijit Singh,20260905,1241,Arijit_Singh,2026-10-05T05:05:14.242906+00:00,ed3f4831-e3e0-4dc0-9381-f5649e9df221,2026-09-05,1241,1195,exact
Arijit Singh,Arijit Singh,20260906,1694,Arijit_Singh,2026-10-05T05:05:14.242906+00:00,ed3f4831-e3e0-4dc0-9381-f5649e9df221,2026-09-06,1694,1196,exact
Arijit Singh,Arijit Singh,20260907,2185,Arijit_Singh,2026-10-05T05:05:14.242906+00:00,ed3f4831-e3e0-4dc0-9381-f5649e9df221,2026-09-07,2185,1197,exact
Arijit Singh,Arijit Singh,20260908,4216,Arijit_Singh,2026-10-05T05:05:14.242906+00:00,ed3f4831-e3e0-4dc0-9381-f5649e9df221,2026-09-08,4216,1198,exact
Arijit Singh,Arijit Singh,20260909,5893,Arijit_Singh,2026-10-05T05:05:14.242906+00:00,ed3f4831-e3e0-4dc0-9381-f5649e9df221,2026-09-09,5893,1199,exact
Arijit Singh,Arijit Singh,20260910,3457,Arijit_Singh,2026-10-05T05:05:14.242906+00:00,ed3f4831-e3e0-4dc0-9381-f5649e9df221,2026-09-10,3457,1200,exact
Arijit Singh,Arijit Singh,20260911,3967,Arijit_Singh,2026-10-05T05:05:14.242906+00:00,ed3f4831-e3e0-4dc0-9381-f5649e9df221,2026-09-11,3967,1201,exact
Arijit Singh,Arijit Singh,20260912,4715,Arijit_Singh,2026-10-05T05:05:14.242906+00:00,ed3f4831-e3e0-4dc0-9381-f5649e9df221,2026-09-12,4715,1202,exact
Arijit Singh,Arijit Singh,20260913,4218,Arijit_Singh,2026-10-05T05:05:14.242906+00:00,ed3f4831-e3e0-4dc0-9381-f5649e9df221,2026-09-13,4218,1203,exact
Arijit Singh,Arijit Singh,20260914,3405,Arijit_Singh,2026-10-05T05:05:14.242906+00:00,ed3f4831-e3e0-4dc0-9381-f5649e9df221,2026-09-14,3405,1204,exact
Arijit Singh,Arijit Singh,20260915,2881,Arijit_Singh,2026-10-05T05:05:14.242906+00:00,ed3f4831-e3e0-4dc0-9381-f5649e9df221,2026-09-15,2881,1205,exact
Arijit Singh,Arijit Singh,20260916,2557,Arijit_Singh,2026-10-05T05:05:14.242906+00:00,ed3f4831-e3e0-4dc0-9381-f5649e9df221,2026-09-16,2557,1206,exact
Arijit Singh,Arijit Singh,20260917,2398,Arijit_Singh,2026-10-05T05:05:14.242906+00:00,ed3f4831-e3e0-4dc0-9381-f5649e9df221,2026-09-17,2398,1207,exact
Arijit Singh,Arijit Singh,20260918,2015,Arijit_Singh,2026-10-05T05:05:14.242906+00:00,ed3f4831-e3e0-4dc0-9381-f5649e9df221,2026-09-18,2015,1208,exact
Arijit Singh,Arijit Singh,20260919,1967,Arijit_Singh,2026-10-05T05:05:14.242906+00:00,ed3f4831-e3e0-4dc0-9381-f5649e9df221,2026-09-19,1967,1209,exact
Arijit Singh,Arijit Singh,20260920,2001,Arijit_Singh,2026-10-05T05:05:14.242906+00:00,ed3f4831-e3e0-4dc0-9381-f5649e9df221,2026-09-20,2001,1210,exact
Arijit Singh,Arijit Singh,20260921,1971,Arijit_Singh,2026-10-05T05:05:14.242906+00:00,ed3f4831-e3e0-4dc0-9381-f5649e9df221,2026-09-21,1971,1211,exact
Arijit Singh,Arijit Singh,20260922,2207,Arijit_Singh,2026-10-05T05:05:14.242906+00:00,ed3f4831-e3e0-4dc0-9381-f5649e9df221,2026-09-22,2207,1212,exact
Arijit Singh,Arijit Singh,20260923,2180,Arijit_Singh,2026-10-05T05:05:14.242906+00:00,ed3f4831-e3e0-4dc0-9381-f5649e9df221,2026-09-23,2180,1213,exact
Arijit Singh,Arijit Singh,20260924,2112,Arijit_Singh,2026-10-05T05:05:14.242906+00:00,ed3f4831-e3e0-4dc0-9381-f5649e9df221,2026-09-24,2112,1214,exact
Arijit Singh,Arijit Singh,20260925,2373,Arijit_Singh,2026-10-05T05:05:14.242906+00:00,ed3f4831-e3e0-4dc0-9381-f5649e9df221,2026-09-25,2373,1215,exact
Arijit Singh,Arijit Singh,20260926,3298,Arijit_Singh,2026-10-05T05:05:14.242906+00:00,ed3f4831-e3e0-4dc0-9381-f5649e9df221,2026-09-26,3298,1216,exact
Arijit Singh,Arijit Singh,20260927,3288,Arijit_Singh,2026-10-05T05:05:14.242906+00:00,ed3f4831-e3e0-4dc0-9381-f5649e9df221,2026-09-27,3288,1217,exact
Arijit Singh,Arijit Singh,20260928,2283,Arijit_Singh,2026-10-05T05:05:14.242906+00:00,ed3f4831-e3e0-4dc0-9381-f5649e9df221,2026-09-28,2283,1218,exact
Arijit Singh,Arijit Singh,20260929,3140,Arijit_Singh,2026-10-05T05:05:14.242906+00:00,ed3f4831-e3e0-4dc0-9381-f5649e9df221,2026-09-29,3140,1219,exact
Arijit Singh,Arijit Singh,20260930,2020,Arijit_Singh,2026-10-05T05:05:14.242906+00:00,ed3f4831-e3e0-4dc0-9381-f5649e9df221,2026-09-30,2020,1220,exact
Arijit Singh,Arijit Singh,20261001,1404,Arijit_Singh,2026-10-05T05:05:14.242906+00:00,ed3f4831-e3e0-4dc0-9381-f5649e9df221,2026-10-01,1404,1221,exact
Arijit Singh,Arijit Singh,20261002,1377,Arijit_Singh,2026-10-05T05:05:14.242906+00:00,ed3f4831-e3e0-4dc0-9381-f5649e9df221,2026-10-02,1377,1222,exact
Arijit Singh,Arijit Singh,20261003,1248,Arijit_Singh,2026-10-05T05:05:14.242906+00:00,ed3f4831-e3e0-4dc0-9381-f5649e9df221,2026-10-03,1248,1223,exact
Arijit Singh,Arijit Singh,20261004,1304,Arijit_Singh,2026-10-05T05:05:14.242906+00:00,ed3f4831-e3e0-4dc0-9381-f5649e9df221,2026-10-04,1304,1224,exact
Diljit Dosanjh,Diljit Dosanjh,20260905,1590,Diljit_Dosanjh,2026-10-05T05:05:14.242906+00:00,f931c961-b647-4861-be8c-f47d84a4de51,2026-09-05,1590,1225,exact
Diljit Dosanjh,Diljit Dosanjh,20260906,1622,Diljit_Dosanjh,2026-10-05T05:05:14.242906+00:00,f931c961-b647-4861-be8c-f47d84a4de51,2026-09-06,1622,1226,exact
Diljit Dosanjh,Diljit Dosanjh,20260907,1796,Diljit_Dosanjh,2026-10-05T05:05:14.242906+00:00,f931c961-b647-4861-be8c-f47d84a4de51,2026-09-07,1796,1227,exact
Diljit Dosanjh,Diljit Dosanjh,20260908,1635,Diljit_Dosanjh,2026-10-05T05:05:14.242906+00:00,f931c961-b647-4861-be8c-f47d84a4de51,2026-09-08,1635,1228,exact
Diljit Dosanjh,Diljit Dosanjh,20260909,1426,Diljit_Dosanjh,2026-10-05T05:05:14.242906+00:00,f931c961-b647-4861-be8c-f47d84a4de51,2026-09-09,1426,1229,exact
Diljit Dosanjh,Diljit Dosanjh,20260910,1449,Diljit_Dosanjh,2026-10-05T05:05:14.242906+00:00,f931c961-b647-4861-be8c-f47d84a4de51,2026-09-10,1449,1230,exact
Diljit Dosanjh,Diljit Dosanjh,20260911,1729,Diljit_Dosanjh,2026-10-05T05:05:14.242906+00:00,f931c961-b647-4861-be8c-f47d84a4de51,2026-09-11,1729,1231,exact
Diljit Dosanjh,Diljit Dosanjh,20260912,6308,Diljit_Dosanjh,2026-10-05T05:05:14.242906+00:00,f931c961-b647-4861-be8c-f47d84a4de51,2026-09-12,6308,1232,exact
Diljit Dosanjh,Diljit Dosanjh,20260913,12854,Diljit_Dosanjh,2026-10-05T05:05:14.242906+00:00,f931c961-b647-4861-be8c-f47d84a4de51,2026-09-13,12854,1233,exact
Diljit Dosanjh,Diljit Dosanjh,20260914,6240,Diljit_Dosanjh,2026-10-05T05:05:14.242906+00:00,f931c961-b647-4861-be8c-f47d84a4de51,2026-09-14,6240,1234,exact
Diljit Dosanjh,Diljit Dosanjh,20260915,4736,Diljit_Dosanjh,2026-10-05T05:05:14.242906+00:00,f931c961-b647-4861-be8c-f47d84a4de51,2026-09-15,4736,1235,exact
Diljit Dosanjh,Diljit Dosanjh,20260916,3339,Diljit_Dosanjh,2026-10-05T05:05:14.242906+00:00,f931c961-b647-4861-be8c-f47d84a4de51,2026-09-16,3339,1236,exact
Diljit Dosanjh,Diljit Dosanjh,20260917,2687,Diljit_Dosanjh,2026-10-05T05:05:14.242906+00:00,f931c961-b647-4861-be8c-f47d84a4de51,2026-09-17,2687,1237,exact
Diljit Dosanjh,Diljit Dosanjh,20260918,2783,Diljit_Dosanjh,2026-10-05T05:05:14.242906+00:00,f931c961-b647-4861-be8c-f47d84a4de51,2026-09-18,2783,1238,exact
Diljit Dosanjh,Diljit Dosanjh,20260919,4215,Diljit_Dosanjh,2026-10-05T05:05:14.242906+00:00,f931c961-b647-4861-be8c-f47d84a4de51,2026-09-19,4215,1239,exact
Diljit Dosanjh,Diljit Dosanjh,20260920,3824,Diljit_Dosanjh,2026-10-05T05:05:14.242906+00:00,f931c961-b647-4861-be8c-f47d84a4de51,2026-09-20,3824,1240,exact
Diljit Dosanjh,Diljit Dosanjh,20260921,3051,Diljit_Dosanjh,2026-10-05T05:05:14.242906+00:00,f931c961-b647-4861-be8c-f47d84a4de51,2026-09-21,3051,1241,exact
Diljit Dosanjh,Diljit Dosanjh,20260922,2164,Diljit_Dosanjh,2026-10-05T05:05:14.242906+00:00,f931c961-b647-4861-be8c-f47d84a4de51,2026-09-22,2164,1242,exact
Diljit Dosanjh,Diljit Dosanjh,20260923,1734,Diljit_Dosanjh,2026-10-05T05:05:14.242906+00:00,f931c961-b647-4861-be8c-f47d84a4de51,2026-09-23,1734,1243,exact
Diljit Dosanjh,Diljit Dosanjh,20260924,1797,Diljit_Dosanjh,2026-10-05T05:05:14.242906+00:00,f931c961-b647-4861-be8c-f47d84a4de51,2026-09-24,1797,1244,exact
Diljit Dosanjh,Diljit Dosanjh,20260925,1692,Diljit_Dosanjh,2026-10-05T05:05:14.242906+00:00,f931c961-b647-4861-be8c-f47d84a4de51,2026-09-25,1692,1245,exact
Diljit Dosanjh,Diljit Dosanjh,20260926,1806,Diljit_Dosanjh,2026-10-05T05:05:14.242906+00:00,f931c961-b647-4861-be8c-f47d84a4de51,2026-09-26,1806,1246,exact
Diljit Dosanjh,Diljit Dosanjh,20260927,1739,Diljit_Dosanjh,2026-10-05T05:05:14.242906+00:00,f931c961-b647-4861-be8c-f47d84a4de51,2026-09-27,1739,1247,exact
Diljit Dosanjh,Diljit Dosanjh,20260928,1590,Diljit_Dosanjh,2026-10-05T05:05:14.242906+00:00,f931c961-b647-4861-be8c-f47d84a4de51,2026-09-28,1590,1248,exact
Diljit Dosanjh,Diljit Dosanjh,20260929,1485,Diljit_Dosanjh,2026-10-05T05:05:14.242906+00:00,f931c961-b647-4861-be8c-f47d84a4de51,2026-09-29,1485,1249,exact
Diljit Dosanjh,Diljit Dosanjh,20260930,1807,Diljit_Dosanjh,2026-10-05T05:05:14.242906+00:00,f931c961-b647-4861-be8c-f47d84a4de51,2026-09-30,1807,1250,exact
Diljit Dosanjh,Diljit Dosanjh,20261001,1431,Diljit_Dosanjh,2026-10-05T05:05:14.242906+00:00,f931c961-b647-4861-be8c-f47d84a4de51,2026-10-01,1431,1251,exact
Diljit Dosanjh,Diljit Dosanjh,20261002,1370,Diljit_Dosanjh,2026-10-05T05:05:14.242906+00:00,f931c961-b647-4861-be8c-f47d84a4de51,2026-10-02,1370,1252,exact
Diljit Dosanjh,Diljit Dosanjh,20261003,1316,Diljit_Dosanjh,2026-10-05T05:05:14.242906+00:00,f931c961-b647-4861-be8c-f47d84a4de51,2026-10-03,1316,1253,exact
Diljit Dosanjh,Diljit Dosanjh,20261004,1639,Diljit_Dosanjh,2026-10-05T05:05:14.242906+00:00,f931c961-b647-4861-be8c-f47d84a4de51,2026-10-04,1639,1254,exact
Lata Mangeshkar,Lata Mangeshkar,20260905,1104,Lata_Mangeshkar,2026-10-05T05:05:14.242906+00:00,aeb71bd8-447d-4415-8ea1-2b7d664f67e1,2026-09-05,1104,1255,exact
Lata Mangeshkar,Lata Mangeshkar,20260906,1175,Lata_Mangeshkar,2026-10-05T05:05:14.242906+00:00,aeb71bd8-447d-4415-8ea1-2b7d664f67e1,2026-09-06,1175,1256,exact
Lata Mangeshkar,Lata Mangeshkar,20260907,1158,Lata_Mangeshkar,2026-10-05T05:05:14.242906+00:00,aeb71bd8-447d-4415-8ea1-2b7d664f67e1,2026-09-07,1158,1257,exact
Lata Mangeshkar,Lata Mangeshkar,20260908,1591,Lata_Mangeshkar,2026-10-05T05:05:14.242906+00:00,aeb71bd8-447d-4415-8ea1-2b7d664f67e1,2026-09-08,1591,1258,exact
Lata Mangeshkar,Lata Mangeshkar,20260909,1512,Lata_Mangeshkar,2026-10-05T05:05:14.242906+00:00,aeb71bd8-447d-4415-8ea1-2b7d664f67e1,2026-09-09,1512,1259,exact
Lata Mangeshkar,Lata Mangeshkar,20260910,1198,Lata_Mangeshkar,2026-10-05T05:05:14.242906+00:00,aeb71bd8-447d-4415-8ea1-2b7d664f67e1,2026-09-10,1198,1260,exact
Lata Mangeshkar,Lata Mangeshkar,20260911,1081,Lata_Mangeshkar,2026-10-05T05:05:14.242906+00:00,aeb71bd8-447d-4415-8ea1-2b7d664f67e1,2026-09-11,1081,1261,exact
Lata Mangeshkar,Lata Mangeshkar,20260912,1321,Lata_Mangeshkar,2026-10-05T05:05:14.242906+00:00,aeb71bd8-447d-4415-8ea1-2b7d664f67e1,2026-09-12,1321,1262,exact
Lata Mangeshkar,Lata Mangeshkar,20260913,1186,Lata_Mangeshkar,2026-10-05T05:05:14.242906+00:00,aeb71bd8-447d-4415-8ea1-2b7d664f67e1,2026-09-13,1186,1263,exact
Lata Mangeshkar,Lata Mangeshkar,20260914,1033,Lata_Mangeshkar,2026-10-05T05:05:14.242906+00:00,aeb71bd8-447d-4415-8ea1-2b7d664f67e1,2026-09-14,1033,1264,exact
Lata Mangeshkar,Lata Mangeshkar,20260915,1066,Lata_Mangeshkar,2026-10-05T05:05:14.242906+00:00,aeb71bd8-447d-4415-8ea1-2b7d664f67e1,2026-09-15,1066,1265,exact
Lata Mangeshkar,Lata Mangeshkar,20260916,1267,Lata_Mangeshkar,2026-10-05T05:05:14.242906+00:00,aeb71bd8-447d-4415-8ea1-2b7d664f67e1,2026-09-16,1267,1266,exact
Lata Mangeshkar,Lata Mangeshkar,20260917,1507,Lata_Mangeshkar,2026-10-05T05:05:14.242906+00:00,aeb71bd8-447d-4415-8ea1-2b7d664f67e1,2026-09-17,1507,1267,exact
Lata Mangeshkar,Lata Mangeshkar,20260918,1376,Lata_Mangeshkar,2026-10-05T05:05:14.242906+00:00,aeb71bd8-447d-4415-8ea1-2b7d664f67e1,2026-09-18,1376,1268,exact
Lata Mangeshkar,Lata Mangeshkar,20260919,1406,Lata_Mangeshkar,2026-10-05T05:05:14.242906+00:00,aeb71bd8-447d-4415-8ea1-2b7d664f67e1,2026-09-19,1406,1269,exact
Lata Mangeshkar,Lata Mangeshkar,20260920,1335,Lata_Mangeshkar,2026-10-05T05:05:14.242906+00:00,aeb71bd8-447d-4415-8ea1-2b7d664f67e1,2026-09-20,1335,1270,exact
Lata Mangeshkar,Lata Mangeshkar,20260921,1125,Lata_Mangeshkar,2026-10-05T05:05:14.242906+00:00,aeb71bd8-447d-4415-8ea1-2b7d664f67e1,2026-09-21,1125,1271,exact
Lata Mangeshkar,Lata Mangeshkar,20260922,1208,Lata_Mangeshkar,2026-10-05T05:05:14.242906+00:00,aeb71bd8-447d-4415-8ea1-2b7d664f67e1,2026-09-22,1208,1272,exact
Lata Mangeshkar,Lata Mangeshkar,20260923,1300,Lata_Mangeshkar,2026-10-05T05:05:14.242906+00:00,aeb71bd8-447d-4415-8ea1-2b7d664f67e1,2026-09-23,1300,1273,exact
Lata Mangeshkar,Lata Mangeshkar,20260924,1189,Lata_Mangeshkar,2026-10-05T05:05:14.242906+00:00,aeb71bd8-447d-4415-8ea1-2b7d664f67e1,2026-09-24,1189,1274,exact
Lata Mangeshkar,Lata Mangeshkar,20260925,1214,Lata_Mangeshkar,2026-10-05T05:05:14.242906+00:00,aeb71bd8-447d-4415-8ea1-2b7d664f67e1,2026-09-25,1214,1275,exact
Lata Mangeshkar,Lata Mangeshkar,20260926,1464,Lata_Mangeshkar,2026-10-05T05:05:14.242906+00:00,aeb71bd8-447d-4415-8ea1-2b7d664f67e1,2026-09-26,1464,1276,exact
Lata Mangeshkar,Lata Mangeshkar,20260927,1997,Lata_Mangeshkar,2026-10-05T05:05:14.242906+00:00,aeb71bd8-447d-4415-8ea1-2b7d664f67e1,2026-09-27,1997,1277,exact
Lata Mangeshkar,Lata Mangeshkar,20260928,4380,Lata_Mangeshkar,2026-10-05T05:05:14.242906+00:00,aeb71bd8-447d-4415-8ea1-2b7d664f67e1,2026-09-28,4380,1278,exact
Lata Mangeshkar,Lata Mangeshkar,20260929,2114,Lata_Mangeshkar,2026-10-05T05:05:14.242906+00:00,aeb71bd8-447d-4415-8ea1-2b7d664f67e1,2026-09-29,2114,1279,exact
Lata Mangeshkar,Lata Mangeshkar,20260930,1433,Lata_Mangeshkar,2026-10-05T05:05:14.242906+00:00,aeb71bd8-447d-4415-8ea1-2b7d664f67e1,2026-09-30,1433,1280,exact
Lata Mangeshkar,Lata Mangeshkar,20261001,1270,Lata_Mangeshkar,2026-10-05T05:05:14.242906+00:00,aeb71bd8-447d-4415-8ea1-2b7d664f67e1,2026-10-01,1270,1281,exact
Lata Mangeshkar,Lata Mangeshkar,20261002,1145,Lata_Mangeshkar,2026-10-05T05:05:14.242906+00:00,aeb71bd8-447d-4415-8ea1-2b7d664f67e1,2026-10-02,1145,1282,exact
Lata Mangeshkar,Lata Mangeshkar,20261003,1077,Lata_Mangeshkar,2026-10-05T05:05:14.242906+00:00,aeb71bd8-447d-4415-8ea1-2b7d664f67e1,2026-10-03,1077,1283,exact
Lata Mangeshkar,Lata Mangeshkar,20261004,1175,Lata_Mangeshkar,2026-10-05T05:05:14.242906+00:00,aeb71bd8-447d-4415-8ea1-2b7d664f67e1,2026-10-04,1175,1284,exact
Kishore Kumar,Kishore Kumar,20260905,2219,Kishore_Kumar,2026-10-05T05:05:14.242906+00:00,793b8f58-80ab-49b3-b5ae-d94034dab10c,2026-09-05,2219,1285,exact
Kishore Kumar,Kishore Kumar,20260906,2435,Kishore_Kumar,2026-10-05T05:05:14.242906+00:00,793b8f58-80ab-49b3-b5ae-d94034dab10c,2026-09-06,2435,1286,exact
Kishore Kumar,Kishore Kumar,20260907,1901,Kishore_Kumar,2026-10-05T05:05:14.242906+00:00,793b8f58-80ab-49b3-b5ae-d94034dab10c,2026-09-07,1901,1287,exact
Kishore Kumar,Kishore Kumar,20260908,2022,Kishore_Kumar,2026-10-05T05:05:14.242906+00:00,793b8f58-80ab-49b3-b5ae-d94034dab10c,2026-09-08,2022,1288,exact
Kishore Kumar,Kishore Kumar,20260909,2629,Kishore_Kumar,2026-10-05T05:05:14.242906+00:00,793b8f58-80ab-49b3-b5ae-d94034dab10c,2026-09-09,2629,1289,exact
Kishore Kumar,Kishore Kumar,20260910,2150,Kishore_Kumar,2026-10-05T05:05:14.242906+00:00,793b8f58-80ab-49b3-b5ae-d94034dab10c,2026-09-10,2150,1290,exact
Kishore Kumar,Kishore Kumar,20260911,2087,Kishore_Kumar,2026-10-05T05:05:14.242906+00:00,793b8f58-80ab-49b3-b5ae-d94034dab10c,2026-09-11,2087,1291,exact
Kishore Kumar,Kishore Kumar,20260912,2353,Kishore_Kumar,2026-10-05T05:05:14.242906+00:00,793b8f58-80ab-49b3-b5ae-d94034dab10c,2026-09-12,2353,1292,exact
Kishore Kumar,Kishore Kumar,20260913,2717,Kishore_Kumar,2026-10-05T05:05:14.242906+00:00,793b8f58-80ab-49b3-b5ae-d94034dab10c,2026-09-13,2717,1293,exact
Kishore Kumar,Kishore Kumar,20260914,2235,Kishore_Kumar,2026-10-05T05:05:14.242906+00:00,793b8f58-80ab-49b3-b5ae-d94034dab10c,2026-09-14,2235,1294,exact
Kishore Kumar,Kishore Kumar,20260915,2171,Kishore_Kumar,2026-10-05T05:05:14.242906+00:00,793b8f58-80ab-49b3-b5ae-d94034dab10c,2026-09-15,2171,1295,exact
Kishore Kumar,Kishore Kumar,20260916,1882,Kishore_Kumar,2026-10-05T05:05:14.242906+00:00,793b8f58-80ab-49b3-b5ae-d94034dab10c,2026-09-16,1882,1296,exact
Kishore Kumar,Kishore Kumar,20260917,2040,Kishore_Kumar,2026-10-05T05:05:14.242906+00:00,793b8f58-80ab-49b3-b5ae-d94034dab10c,2026-09-17,2040,1297,exact
Kishore Kumar,Kishore Kumar,20260918,1954,Kishore_Kumar,2026-10-05T05:05:14.242906+00:00,793b8f58-80ab-49b3-b5ae-d94034dab10c,2026-09-18,1954,1298,exact
Kishore Kumar,Kishore Kumar,20260919,2025,Kishore_Kumar,2026-10-05T05:05:14.242906+00:00,793b8f58-80ab-49b3-b5ae-d94034dab10c,2026-09-19,2025,1299,exact
Kishore Kumar,Kishore Kumar,20260920,2255,Kishore_Kumar,2026-10-05T05:05:14.242906+00:00,793b8f58-80ab-49b3-b5ae-d94034dab10c,2026-09-20,2255,1300,exact
Kishore Kumar,Kishore Kumar,20260921,1841,Kishore_Kumar,2026-10-05T05:05:14.242906+00:00,793b8f58-80ab-49b3-b5ae-d94034dab10c,2026-09-21,1841,1301,exact
Kishore Kumar,Kishore Kumar,20260922,2035,Kishore_Kumar,2026-10-05T05:05:14.242906+00:00,793b8f58-80ab-49b3-b5ae-d94034dab10c,2026-09-22,2035,1302,exact
Kishore Kumar,Kishore Kumar,20260923,2982,Kishore_Kumar,2026-10-05T05:05:14.242906+00:00,793b8f58-80ab-49b3-b5ae-d94034dab10c,2026-09-23,2982,1303,exact
Kishore Kumar,Kishore Kumar,20260924,2553,Kishore_Kumar,2026-10-05T05:05:14.242906+00:00,793b8f58-80ab-49b3-b5ae-d94034dab10c,2026-09-24,2553,1304,exact
Kishore Kumar,Kishore Kumar,20260925,2089,Kishore_Kumar,2026-10-05T05:05:14.242906+00:00,793b8f58-80ab-49b3-b5ae-d94034dab10c,2026-09-25,2089,1305,exact
Kishore Kumar,Kishore Kumar,20260926,2242,Kishore_Kumar,2026-10-05T05:05:14.242906+00:00,793b8f58-80ab-49b3-b5ae-d94034dab10c,2026-09-26,2242,1306,exact
Kishore Kumar,Kishore Kumar,20260927,2188,Kishore_Kumar,2026-10-05T05:05:14.242906+00:00,793b8f58-80ab-49b3-b5ae-d94034dab10c,2026-09-27,2188,1307,exact
Kishore Kumar,Kishore Kumar,20260928,2607,Kishore_Kumar,2026-10-05T05:05:14.242906+00:00,793b8f58-80ab-49b3-b5ae-d94034dab10c,2026-09-28,2607,1308,exact
Kishore Kumar,Kishore Kumar,20260929,2486,Kishore_Kumar,2026-10-05T05:05:14.242906+00:00,793b8f58-80ab-49b3-b5ae-d94034dab10c,2026-09-29,2486,1309,exact
Kishore Kumar,Kishore Kumar,20260930,2180,Kishore_Kumar,2026-10-05T05:05:14.242906+00:00,793b8f58-80ab-49b3-b5ae-d94034dab10c,2026-09-30,2180,1310,exact
Kishore Kumar,Kishore Kumar,20261001,2004,Kishore_Kumar,2026-10-05T05:05:14.242906+00:00,793b8f58-80ab-49b3-b5ae-d94034dab10c,2026-10-01,2004,1311,exact
Kishore Kumar,Kishore Kumar,20261002,2113,Kishore_Kumar,2026-10-05T05:05:14.242906+00:00,793b8f58-80ab-49b3-b5ae-d94034dab10c,2026-10-02,2113,1312,exact
Kishore Kumar,Kishore Kumar,20261003,2050,Kishore_Kumar,2026-10-05T05:05:14.242906+00:00,793b8f58-80ab-49b3-b5ae-d94034dab10c,2026-10-03,2050,1313,exact
Kishore Kumar,Kishore Kumar,20261004,2369,Kishore_Kumar,2026-10-05T05:05:14.242906+00:00,793b8f58-80ab-49b3-b5ae-d94034dab10c,2026-10-04,2369,1314,exact
Burna Boy,Burna Boy,20260905,1015,Burna_Boy,2026-10-05T05:05:14.242906+00:00,78a19169-ac75-4868-b504-7e2e073118e0,2026-09-05,1015,1315,exact
Burna Boy,Burna Boy,20260906,1045,Burna_Boy,2026-10-05T05:05:14.242906+00:00,78a19169-ac75-4868-b504-7e2e073118e0,2026-09-06,1045,1316,exact
Burna Boy,Burna Boy,20260907,952,Burna_Boy,2026-10-05T05:05:14.242906+00:00,78a19169-ac75-4868-b504-7e2e073118e0,2026-09-07,952,1317,exact
Burna Boy,Burna Boy,20260908,878,Burna_Boy,2026-10-05T05:05:14.242906+00:00,78a19169-ac75-4868-b504-7e2e073118e0,2026-09-08,878,1318,exact
Burna Boy,Burna Boy,20260909,877,Burna_Boy,2026-10-05T05:05:14.242906+00:00,78a19169-ac75-4868-b504-7e2e073118e0,2026-09-09,877,1319,exact
Burna Boy,Burna Boy,20260910,804,Burna_Boy,2026-10-05T05:05:14.242906+00:00,78a19169-ac75-4868-b504-7e2e073118e0,2026-09-10,804,1320,exact
Burna Boy,Burna Boy,20260911,845,Burna_Boy,2026-10-05T05:05:14.242906+00:00,78a19169-ac75-4868-b504-7e2e073118e0,2026-09-11,845,1321,exact
Burna Boy,Burna Boy,20260912,904,Burna_Boy,2026-10-05T05:05:14.242906+00:00,78a19169-ac75-4868-b504-7e2e073118e0,2026-09-12,904,1322,exact
Burna Boy,Burna Boy,20260913,906,Burna_Boy,2026-10-05T05:05:14.242906+00:00,78a19169-ac75-4868-b504-7e2e073118e0,2026-09-13,906,1323,exact
Burna Boy,Burna Boy,20260914,737,Burna_Boy,2026-10-05T05:05:14.242906+00:00,78a19169-ac75-4868-b504-7e2e073118e0,2026-09-14,737,1324,exact
Burna Boy,Burna Boy,20260915,792,Burna_Boy,2026-10-05T05:05:14.242906+00:00,78a19169-ac75-4868-b504-7e2e073118e0,2026-09-15,792,1325,exact
Burna Boy,Burna Boy,20260916,822,Burna_Boy,2026-10-05T05:05:14.242906+00:00,78a19169-ac75-4868-b504-7e2e073118e0,2026-09-16,822,1326,exact
Burna Boy,Burna Boy,20260917,1059,Burna_Boy,2026-10-05T05:05:14.242906+00:00,78a19169-ac75-4868-b504-7e2e073118e0,2026-09-17,1059,1327,exact
Burna Boy,Burna Boy,20260918,1027,Burna_Boy,2026-10-05T05:05:14.242906+00:00,78a19169-ac75-4868-b504-7e2e073118e0,2026-09-18,1027,1328,exact
Burna Boy,Burna Boy,20260919,908,Burna_Boy,2026-10-05T05:05:14.242906+00:00,78a19169-ac75-4868-b504-7e2e073118e0,2026-09-19,908,1329,exact
Burna Boy,Burna Boy,20260920,932,Burna_Boy,2026-10-05T05:05:14.242906+00:00,78a19169-ac75-4868-b504-7e2e073118e0,2026-09-20,932,1330,exact
Burna Boy,Burna Boy,20260921,1398,Burna_Boy,2026-10-05T05:05:14.242906+00:00,78a19169-ac75-4868-b504-7e2e073118e0,2026-09-21,1398,1331,exact
Burna Boy,Burna Boy,20260922,1509,Burna_Boy,2026-10-05T05:05:14.242906+00:00,78a19169-ac75-4868-b504-7e2e073118e0,2026-09-22,1509,1332,exact
Burna Boy,Burna Boy,20260923,1115,Burna_Boy,2026-10-05T05:05:14.242906+00:00,78a19169-ac75-4868-b504-7e2e073118e0,2026-09-23,1115,1333,exact
Burna Boy,Burna Boy,20260924,991,Burna_Boy,2026-10-05T05:05:14.242906+00:00,78a19169-ac75-4868-b504-7e2e073118e0,2026-09-24,991,1334,exact
Burna Boy,Burna Boy,20260925,1101,Burna_Boy,2026-10-05T05:05:14.242906+00:00,78a19169-ac75-4868-b504-7e2e073118e0,2026-09-25,1101,1335,exact
Burna Boy,Burna Boy,20260926,1100,Burna_Boy,2026-10-05T05:05:14.242906+00:00,78a19169-ac75-4868-b504-7e2e073118e0,2026-09-26,1100,1336,exact
Burna Boy,Burna Boy,20260927,964,Burna_Boy,2026-10-05T05:05:14.242906+00:00,78a19169-ac75-4868-b504-7e2e073118e0,2026-09-27,964,1337,exact
Burna Boy,Burna Boy,20260928,978,Burna_Boy,2026-10-05T05:05:14.242906+00:00,78a19169-ac75-4868-b504-7e2e073118e0,2026-09-28,978,1338,exact
Burna Boy,Burna Boy,20260929,786,Burna_Boy,2026-10-05T05:05:14.242906+00:00,78a19169-ac75-4868-b504-7e2e073118e0,2026-09-29,786,1339,exact
Burna Boy,Burna Boy,20260930,730,Burna_Boy,2026-10-05T05:05:14.242906+00:00,78a19169-ac75-4868-b504-7e2e073118e0,2026-09-30,730,1340,exact
Burna Boy,Burna Boy,20261001,769,Burna_Boy,2026-10-05T05:05:14.242906+00:00,78a19169-ac75-4868-b504-7e2e073118e0,2026-10-01,769,1341,exact
Burna Boy,Burna Boy,20261002,686,Burna_Boy,2026-10-05T05:05:14.242906+00:00,78a19169-ac75-4868-b504-7e2e073118e0,2026-10-02,686,1342,exact
Burna Boy,Burna Boy,20261003,848,Burna_Boy,2026-10-05T05:05:14.242906+00:00,78a19169-ac75-4868-b504-7e2e073118e0,2026-10-03,848,1343,exact
Burna Boy,Burna Boy,20261004,765,Burna_Boy,2026-10-05T05:05:14.242906+00:00,78a19169-ac75-4868-b504-7e2e073118e0,2026-10-04,765,1344,exact
Fela Kuti,Fela Kuti,20260905,1084,Fela_Kuti,2026-10-05T05:05:14.242906+00:00,6514cffa-fbe0-4965-ad88-e998ead8a82a,2026-09-05,1084,1345,exact
Fela Kuti,Fela Kuti,20260906,1104,Fela_Kuti,2026-10-05T05:05:14.242906+00:00,6514cffa-fbe0-4965-ad88-e998ead8a82a,2026-09-06,1104,1346,exact
Fela Kuti,Fela Kuti,20260907,894,Fela_Kuti,2026-10-05T05:05:14.242906+00:00,6514cffa-fbe0-4965-ad88-e998ead8a82a,2026-09-07,894,1347,exact
Fela Kuti,Fela Kuti,20260908,833,Fela_Kuti,2026-10-05T05:05:14.242906+00:00,6514cffa-fbe0-4965-ad88-e998ead8a82a,2026-09-08,833,1348,exact
Fela Kuti,Fela Kuti,20260909,869,Fela_Kuti,2026-10-05T05:05:14.242906+00:00,6514cffa-fbe0-4965-ad88-e998ead8a82a,2026-09-09,869,1349,exact
Fela Kuti,Fela Kuti,20260910,868,Fela_Kuti,2026-10-05T05:05:14.242906+00:00,6514cffa-fbe0-4965-ad88-e998ead8a82a,2026-09-10,868,1350,exact
Fela Kuti,Fela Kuti,20260911,866,Fela_Kuti,2026-10-05T05:05:14.242906+00:00,6514cffa-fbe0-4965-ad88-e998ead8a82a,2026-09-11,866,1351,exact
Fela Kuti,Fela Kuti,20260912,822,Fela_Kuti,2026-10-05T05:05:14.242906+00:00,6514cffa-fbe0-4965-ad88-e998ead8a82a,2026-09-12,822,1352,exact
Fela Kuti,Fela Kuti,20260913,861,Fela_Kuti,2026-10-05T05:05:14.242906+00:00,6514cffa-fbe0-4965-ad88-e998ead8a82a,2026-09-13,861,1353,exact
Fela Kuti,Fela Kuti,20260914,838,Fela_Kuti,2026-10-05T05:05:14.242906+00:00,6514cffa-fbe0-4965-ad88-e998ead8a82a,2026-09-14,838,1354,exact
Fela Kuti,Fela Kuti,20260915,876,Fela_Kuti,2026-10-05T05:05:14.242906+00:00,6514cffa-fbe0-4965-ad88-e998ead8a82a,2026-09-15,876,1355,exact
Fela Kuti,Fela Kuti,20260916,779,Fela_Kuti,2026-10-05T05:05:14.242906+00:00,6514cffa-fbe0-4965-ad88-e998ead8a82a,2026-09-16,779,1356,exact
Fela Kuti,Fela Kuti,20260917,817,Fela_Kuti,2026-10-05T05:05:14.242906+00:00,6514cffa-fbe0-4965-ad88-e998ead8a82a,2026-09-17,817,1357,exact
Fela Kuti,Fela Kuti,20260918,906,Fela_Kuti,2026-10-05T05:05:14.242906+00:00,6514cffa-fbe0-4965-ad88-e998ead8a82a,2026-09-18,906,1358,exact
Fela Kuti,Fela Kuti,20260919,951,Fela_Kuti,2026-10-05T05:05:14.242906+00:00,6514cffa-fbe0-4965-ad88-e998ead8a82a,2026-09-19,951,1359,exact
Fela Kuti,Fela Kuti,20260920,897,Fela_Kuti,2026-10-05T05:05:14.242906+00:00,6514cffa-fbe0-4965-ad88-e998ead8a82a,2026-09-20,897,1360,exact
Fela Kuti,Fela Kuti,20260921,834,Fela_Kuti,2026-10-05T05:05:14.242906+00:00,6514cffa-fbe0-4965-ad88-e998ead8a82a,2026-09-21,834,1361,exact
Fela Kuti,Fela Kuti,20260922,899,Fela_Kuti,2026-10-05T05:05:14.242906+00:00,6514cffa-fbe0-4965-ad88-e998ead8a82a,2026-09-22,899,1362,exact
Fela Kuti,Fela Kuti,20260923,868,Fela_Kuti,2026-10-05T05:05:14.242906+00:00,6514cffa-fbe0-4965-ad88-e998ead8a82a,2026-09-23,868,1363,exact
Fela Kuti,Fela Kuti,20260924,876,Fela_Kuti,2026-10-05T05:05:14.242906+00:00,6514cffa-fbe0-4965-ad88-e998ead8a82a,2026-09-24,876,1364,exact
Fela Kuti,Fela Kuti,20260925,981,Fela_Kuti,2026-10-05T05:05:14.242906+00:00,6514cffa-fbe0-4965-ad88-e998ead8a82a,2026-09-25,981,1365,exact
Fela Kuti,Fela Kuti,20260926,959,Fela_Kuti,2026-10-05T05:05:14.242906+00:00,6514cffa-fbe0-4965-ad88-e998ead8a82a,2026-09-26,959,1366,exact
Fela Kuti,Fela Kuti,20260927,876,Fela_Kuti,2026-10-05T05:05:14.242906+00:00,6514cffa-fbe0-4965-ad88-e998ead8a82a,2026-09-27,876,1367,exact
Fela Kuti,Fela Kuti,20260928,838,Fela_Kuti,2026-10-05T05:05:14.242906+00:00,6514cffa-fbe0-4965-ad88-e998ead8a82a,2026-09-28,838,1368,exact
Fela Kuti,Fela Kuti,20260929,1063,Fela_Kuti,2026-10-05T05:05:14.242906+00:00,6514cffa-fbe0-4965-ad88-e998ead8a82a,2026-09-29,1063,1369,exact
Fela Kuti,Fela Kuti,20260930,1047,Fela_Kuti,2026-10-05T05:05:14.242906+00:00,6514cffa-fbe0-4965-ad88-e998ead8a82a,2026-09-30,1047,1370,exact
Fela Kuti,Fela Kuti,20261001,949,Fela_Kuti,2026-10-05T05:05:14.242906+00:00,6514cffa-fbe0-4965-ad88-e998ead8a82a,2026-10-01,949,1371,exact
Fela Kuti,Fela Kuti,20261002,990,Fela_Kuti,2026-10-05T05:05:14.242906+00:00,6514cffa-fbe0-4965-ad88-e998ead8a82a,2026-10-02,990,1372,exact
Fela Kuti,Fela Kuti,20261003,965,Fela_Kuti,2026-10-05T05:05:14.242906+00:00,6514cffa-fbe0-4965-ad88-e998ead8a82a,2026-10-03,965,1373,exact
Fela Kuti,Fela Kuti,20261004,813,Fela_Kuti,2026-10-05T05:05:14.242906+00:00,6514cffa-fbe0-4965-ad88-e998ead8a82a,2026-10-04,813,1374,exact
Wizkid,Wizkid,20260905,450,Wizkid,2026-10-05T05:05:14.242906+00:00,efc5d365-a448-4e2f-9b5f-4a7c84be725c,2026-09-05,450,1375,exact
Wizkid,Wizkid,20260906,537,Wizkid,2026-10-05T05:05:14.242906+00:00,efc5d365-a448-4e2f-9b5f-4a7c84be725c,2026-09-06,537,1376,exact
Wizkid,Wizkid,20260907,691,Wizkid,2026-10-05T05:05:14.242906+00:00,efc5d365-a448-4e2f-9b5f-4a7c84be725c,2026-09-07,691,1377,exact
Wizkid,Wizkid,20260908,569,Wizkid,2026-10-05T05:05:14.242906+00:00,efc5d365-a448-4e2f-9b5f-4a7c84be725c,2026-09-08,569,1378,exact
Wizkid,Wizkid,20260909,1394,Wizkid,2026-10-05T05:05:14.242906+00:00,efc5d365-a448-4e2f-9b5f-4a7c84be725c,2026-09-09,1394,1379,exact
Wizkid,Wizkid,20260910,492,Wizkid,2026-10-05T05:05:14.242906+00:00,efc5d365-a448-4e2f-9b5f-4a7c84be725c,2026-09-10,492,1380,exact
Wizkid,Wizkid,20260911,516,Wizkid,2026-10-05T05:05:14.242906+00:00,efc5d365-a448-4e2f-9b5f-4a7c84be725c,2026-09-11,516,1381,exact
Wizkid,Wizkid,20260912,546,Wizkid,2026-10-05T05:05:14.242906+00:00,efc5d365-a448-4e2f-9b5f-4a7c84be725c,2026-09-12,546,1382,exact
Wizkid,Wizkid,20260913,514,Wizkid,2026-10-05T05:05:14.242906+00:00,efc5d365-a448-4e2f-9b5f-4a7c84be725c,2026-09-13,514,1383,exact
Wizkid,Wizkid,20260914,481,Wizkid,2026-10-05T05:05:14.242906+00:00,efc5d365-a448-4e2f-9b5f-4a7c84be725c,2026-09-14,481,1384,exact
Wizkid,Wizkid,20260915,474,Wizkid,2026-10-05T05:05:14.242906+00:00,efc5d365-a448-4e2f-9b5f-4a7c84be725c,2026-09-15,474,1385,exact
Wizkid,Wizkid,20260916,418,Wizkid,2026-10-05T05:05:14.242906+00:00,efc5d365-a448-4e2f-9b5f-4a7c84be725c,2026-09-16,418,1386,exact
Wizkid,Wizkid,20260917,497,Wizkid,2026-10-05T05:05:14.242906+00:00,efc5d365-a448-4e2f-9b5f-4a7c84be725c,2026-09-17,497,1387,exact
Wizkid,Wizkid,20260918,495,Wizkid,2026-10-05T05:05:14.242906+00:00,efc5d365-a448-4e2f-9b5f-4a7c84be725c,2026-09-18,495,1388,exact
Wizkid,Wizkid,20260919,479,Wizkid,2026-10-05T05:05:14.242906+00:00,efc5d365-a448-4e2f-9b5f-4a7c84be725c,2026-09-19,479,1389,exact
Wizkid,Wizkid,20260920,442,Wizkid,2026-10-05T05:05:14.242906+00:00,efc5d365-a448-4e2f-9b5f-4a7c84be725c,2026-09-20,442,1390,exact
Wizkid,Wizkid,20260921,452,Wizkid,2026-10-05T05:05:14.242906+00:00,efc5d365-a448-4e2f-9b5f-4a7c84be725c,2026-09-21,452,1391,exact
Wizkid,Wizkid,20260922,502,Wizkid,2026-10-05T05:05:14.242906+00:00,efc5d365-a448-4e2f-9b5f-4a7c84be725c,2026-09-22,502,1392,exact
Wizkid,Wizkid,20260923,488,Wizkid,2026-10-05T05:05:14.242906+00:00,efc5d365-a448-4e2f-9b5f-4a7c84be725c,2026-09-23,488,1393,exact
Wizkid,Wizkid,20260924,435,Wizkid,2026-10-05T05:05:14.242906+00:00,efc5d365-a448-4e2f-9b5f-4a7c84be725c,2026-09-24,435,1394,exact
Wizkid,Wizkid,20260925,395,Wizkid,2026-10-05T05:05:14.242906+00:00,efc5d365-a448-4e2f-9b5f-4a7c84be725c,2026-09-25,395,1395,exact
Wizkid,Wizkid,20260926,508,Wizkid,2026-10-05T05:05:14.242906+00:00,efc5d365-a448-4e2f-9b5f-4a7c84be725c,2026-09-26,508,1396,exact
Wizkid,Wizkid,20260927,451,Wizkid,2026-10-05T05:05:14.242906+00:00,efc5d365-a448-4e2f-9b5f-4a7c84be725c,2026-09-27,451,1397,exact
Wizkid,Wizkid,20260928,414,Wizkid,2026-10-05T05:05:14.242906+00:00,efc5d365-a448-4e2f-9b5f-4a7c84be725c,2026-09-28,414,1398,exact
Wizkid,Wizkid,20260929,348,Wizkid,2026-10-05T05:05:14.242906+00:00,efc5d365-a448-4e2f-9b5f-4a7c84be725c,2026-09-29,348,1399,exact
Wizkid,Wizkid,20260930,406,Wizkid,2026-10-05T05:05:14.242906+00:00,efc5d365-a448-4e2f-9b5f-4a7c84be725c,2026-09-30,406,1400,exact
Wizkid,Wizkid,20261001,405,Wizkid,2026-10-05T05:05:14.242906+00:00,efc5d365-a448-4e2f-9b5f-4a7c84be725c,2026-10-01,405,1401,exact
Wizkid,Wizkid,20261002,410,Wizkid,2026-10-05T05:05:14.242906+00:00,efc5d365-a448-4e2f-9b5f-4a7c84be725c,2026-10-02,410,1402,exact
Wizkid,Wizkid,20261003,400,Wizkid,2026-10-05T05:05:14.242906+00:00,efc5d365-a448-4e2f-9b5f-4a7c84be725c,2026-10-03,400,1403,exact
Wizkid,Wizkid,20261004,413,Wizkid,2026-10-05T05:05:14.242906+00:00,efc5d365-a448-4e2f-9b5f-4a7c84be725c,2026-10-04,413,1404,exact
Stromae,Stromae,20260905,1302,Stromae,2026-10-05T05:05:14.242906+00:00,ab2528d9-719f-4261-8098-21849222a0f2,2026-09-05,1302,1405,exact
Stromae,Stromae,20260906,1264,Stromae,2026-10-05T05:05:14.242906+00:00,ab2528d9-719f-4261-8098-21849222a0f2,2026-09-06,1264,1406,exact
Stromae,Stromae,20260907,1116,Stromae,2026-10-05T05:05:14.242906+00:00,ab2528d9-719f-4261-8098-21849222a0f2,2026-09-07,1116,1407,exact
Stromae,Stromae,20260908,1122,Stromae,2026-10-05T05:05:14.242906+00:00,ab2528d9-719f-4261-8098-21849222a0f2,2026-09-08,1122,1408,exact
Stromae,Stromae,20260909,1085,Stromae,2026-10-05T05:05:14.242906+00:00,ab2528d9-719f-4261-8098-21849222a0f2,2026-09-09,1085,1409,exact
Stromae,Stromae,20260910,1118,Stromae,2026-10-05T05:05:14.242906+00:00,ab2528d9-719f-4261-8098-21849222a0f2,2026-09-10,1118,1410,exact
Stromae,Stromae,20260911,1210,Stromae,2026-10-05T05:05:14.242906+00:00,ab2528d9-719f-4261-8098-21849222a0f2,2026-09-11,1210,1411,exact
Stromae,Stromae,20260912,1327,Stromae,2026-10-05T05:05:14.242906+00:00,ab2528d9-719f-4261-8098-21849222a0f2,2026-09-12,1327,1412,exact
Stromae,Stromae,20260913,1186,Stromae,2026-10-05T05:05:14.242906+00:00,ab2528d9-719f-4261-8098-21849222a0f2,2026-09-13,1186,1413,exact
Stromae,Stromae,20260914,1115,Stromae,2026-10-05T05:05:14.242906+00:00,ab2528d9-719f-4261-8098-21849222a0f2,2026-09-14,1115,1414,exact
Stromae,Stromae,20260915,1040,Stromae,2026-10-05T05:05:14.242906+00:00,ab2528d9-719f-4261-8098-21849222a0f2,2026-09-15,1040,1415,exact
Stromae,Stromae,20260916,1122,Stromae,2026-10-05T05:05:14.242906+00:00,ab2528d9-719f-4261-8098-21849222a0f2,2026-09-16,1122,1416,exact
Stromae,Stromae,20260917,1061,Stromae,2026-10-05T05:05:14.242906+00:00,ab2528d9-719f-4261-8098-21849222a0f2,2026-09-17,1061,1417,exact
Stromae,Stromae,20260918,1283,Stromae,2026-10-05T05:05:14.242906+00:00,ab2528d9-719f-4261-8098-21849222a0f2,2026-09-18,1283,1418,exact
Stromae,Stromae,20260919,1274,Stromae,2026-10-05T05:05:14.242906+00:00,ab2528d9-719f-4261-8098-21849222a0f2,2026-09-19,1274,1419,exact
Stromae,Stromae,20260920,1282,Stromae,2026-10-05T05:05:14.242906+00:00,ab2528d9-719f-4261-8098-21849222a0f2,2026-09-20,1282,1420,exact
Stromae,Stromae,20260921,1133,Stromae,2026-10-05T05:05:14.242906+00:00,ab2528d9-719f-4261-8098-21849222a0f2,2026-09-21,1133,1421,exact
Stromae,Stromae,20260922,1205,Stromae,2026-10-05T05:05:14.242906+00:00,ab2528d9-719f-4261-8098-21849222a0f2,2026-09-22,1205,1422,exact
Stromae,Stromae,20260923,1419,Stromae,2026-10-05T05:05:14.242906+00:00,ab2528d9-719f-4261-8098-21849222a0f2,2026-09-23,1419,1423,exact
Stromae,Stromae,20260924,1233,Stromae,2026-10-05T05:05:14.242906+00:00,ab2528d9-719f-4261-8098-21849222a0f2,2026-09-24,1233,1424,exact
Stromae,Stromae,20260925,1226,Stromae,2026-10-05T05:05:14.242906+00:00,ab2528d9-719f-4261-8098-21849222a0f2,2026-09-25,1226,1425,exact
Stromae,Stromae,20260926,1445,Stromae,2026-10-05T05:05:14.242906+00:00,ab2528d9-719f-4261-8098-21849222a0f2,2026-09-26,1445,1426,exact
Stromae,Stromae,20260927,1329,Stromae,2026-10-05T05:05:14.242906+00:00,ab2528d9-719f-4261-8098-21849222a0f2,2026-09-27,1329,1427,exact
Stromae,Stromae,20260928,1312,Stromae,2026-10-05T05:05:14.242906+00:00,ab2528d9-719f-4261-8098-21849222a0f2,2026-09-28,1312,1428,exact
Stromae,Stromae,20260929,1183,Stromae,2026-10-05T05:05:14.242906+00:00,ab2528d9-719f-4261-8098-21849222a0f2,2026-09-29,1183,1429,exact
Stromae,Stromae,20260930,1196,Stromae,2026-10-05T05:05:14.242906+00:00,ab2528d9-719f-4261-8098-21849222a0f2,2026-09-30,1196,1430,exact
Stromae,Stromae,20261001,1115,Stromae,2026-10-05T05:05:14.242906+00:00,ab2528d9-719f-4261-8098-21849222a0f2,2026-10-01,1115,1431,exact
Stromae,Stromae,20261002,1203,Stromae,2026-10-05T05:05:14.242906+00:00,ab2528d9-719f-4261-8098-21849222a0f2,2026-10-02,1203,1432,exact
Stromae,Stromae,20261003,1343,Stromae,2026-10-05T05:05:14.242906+00:00,ab2528d9-719f-4261-8098-21849222a0f2,2026-10-03,1343,1433,exact
Stromae,Stromae,20261004,1384,Stromae,2026-10-05T05:05:14.242906+00:00,ab2528d9-719f-4261-8098-21849222a0f2,2026-10-04,1384,1434,exact
Daft Punk,Daft Punk,20260905,3025,Daft_Punk,2026-10-05T05:05:14.242906+00:00,056e4f3e-d505-4dad-8ec1-d04f521cbb56,2026-09-05,3025,1435,exact
Daft Punk,Daft Punk,20260906,3198,Daft_Punk,2026-10-05T05:05:14.242906+00:00,056e4f3e-d505-4dad-8ec1-d04f521cbb56,2026-09-06,3198,1436,exact
Daft Punk,Daft Punk,20260907,2914,Daft_Punk,2026-10-05T05:05:14.242906+00:00,056e4f3e-d505-4dad-8ec1-d04f521cbb56,2026-09-07,2914,1437,exact
Daft Punk,Daft Punk,20260908,2536,Daft_Punk,2026-10-05T05:05:14.242906+00:00,056e4f3e-d505-4dad-8ec1-d04f521cbb56,2026-09-08,2536,1438,exact
Daft Punk,Daft Punk,20260909,2572,Daft_Punk,2026-10-05T05:05:14.242906+00:00,056e4f3e-d505-4dad-8ec1-d04f521cbb56,2026-09-09,2572,1439,exact
Daft Punk,Daft Punk,20260910,2670,Daft_Punk,2026-10-05T05:05:14.242906+00:00,056e4f3e-d505-4dad-8ec1-d04f521cbb56,2026-09-10,2670,1440,exact
Daft Punk,Daft Punk,20260911,3356,Daft_Punk,2026-10-05T05:05:14.242906+00:00,056e4f3e-d505-4dad-8ec1-d04f521cbb56,2026-09-11,3356,1441,exact
Daft Punk,Daft Punk,20260912,3195,Daft_Punk,2026-10-05T05:05:14.242906+00:00,056e4f3e-d505-4dad-8ec1-d04f521cbb56,2026-09-12,3195,1442,exact
Daft Punk,Daft Punk,20260913,3090,Daft_Punk,2026-10-05T05:05:14.242906+00:00,056e4f3e-d505-4dad-8ec1-d04f521cbb56,2026-09-13,3090,1443,exact
Daft Punk,Daft Punk,20260914,3206,Daft_Punk,2026-10-05T05:05:14.242906+00:00,056e4f3e-d505-4dad-8ec1-d04f521cbb56,2026-09-14,3206,1444,exact
Daft Punk,Daft Punk,20260915,2817,Daft_Punk,2026-10-05T05:05:14.242906+00:00,056e4f3e-d505-4dad-8ec1-d04f521cbb56,2026-09-15,2817,1445,exact
Daft Punk,Daft Punk,20260916,2843,Daft_Punk,2026-10-05T05:05:14.242906+00:00,056e4f3e-d505-4dad-8ec1-d04f521cbb56,2026-09-16,2843,1446,exact
Daft Punk,Daft Punk,20260917,3311,Daft_Punk,2026-10-05T05:05:14.242906+00:00,056e4f3e-d505-4dad-8ec1-d04f521cbb56,2026-09-17,3311,1447,exact
Daft Punk,Daft Punk,20260918,3299,Daft_Punk,2026-10-05T05:05:14.242906+00:00,056e4f3e-d505-4dad-8ec1-d04f521cbb56,2026-09-18,3299,1448,exact
Daft Punk,Daft Punk,20260919,3262,Daft_Punk,2026-10-05T05:05:14.242906+00:00,056e4f3e-d505-4dad-8ec1-d04f521cbb56,2026-09-19,3262,1449,exact
Daft Punk,Daft Punk,20260920,2899,Daft_Punk,2026-10-05T05:05:14.242906+00:00,056e4f3e-d505-4dad-8ec1-d04f521cbb56,2026-09-20,2899,1450,exact
Daft Punk,Daft Punk,20260921,2680,Daft_Punk,2026-10-05T05:05:14.242906+00:00,056e4f3e-d505-4dad-8ec1-d04f521cbb56,2026-09-21,2680,1451,exact
Daft Punk,Daft Punk,20260922,2612,Daft_Punk,2026-10-05T05:05:14.242906+00:00,056e4f3e-d505-4dad-8ec1-d04f521cbb56,2026-09-22,2612,1452,exact
Daft Punk,Daft Punk,20260923,2608,Daft_Punk,2026-10-05T05:05:14.242906+00:00,056e4f3e-d505-4dad-8ec1-d04f521cbb56,2026-09-23,2608,1453,exact
Daft Punk,Daft Punk,20260924,2582,Daft_Punk,2026-10-05T05:05:14.242906+00:00,056e4f3e-d505-4dad-8ec1-d04f521cbb56,2026-09-24,2582,1454,exact
Daft Punk,Daft Punk,20260925,2768,Daft_Punk,2026-10-05T05:05:14.242906+00:00,056e4f3e-d505-4dad-8ec1-d04f521cbb56,2026-09-25,2768,1455,exact
Daft Punk,Daft Punk,20260926,2860,Daft_Punk,2026-10-05T05:05:14.242906+00:00,056e4f3e-d505-4dad-8ec1-d04f521cbb56,2026-09-26,2860,1456,exact
Daft Punk,Daft Punk,20260927,3168,Daft_Punk,2026-10-05T05:05:14.242906+00:00,056e4f3e-d505-4dad-8ec1-d04f521cbb56,2026-09-27,3168,1457,exact
Daft Punk,Daft Punk,20260928,3141,Daft_Punk,2026-10-05T05:05:14.242906+00:00,056e4f3e-d505-4dad-8ec1-d04f521cbb56,2026-09-28,3141,1458,exact
Daft Punk,Daft Punk,20260929,2851,Daft_Punk,2026-10-05T05:05:14.242906+00:00,056e4f3e-d505-4dad-8ec1-d04f521cbb56,2026-09-29,2851,1459,exact
Daft Punk,Daft Punk,20260930,2664,Daft_Punk,2026-10-05T05:05:14.242906+00:00,056e4f3e-d505-4dad-8ec1-d04f521cbb56,2026-09-30,2664,1460,exact
Daft Punk,Daft Punk,20261001,2748,Daft_Punk,2026-10-05T05:05:14.242906+00:00,056e4f3e-d505-4dad-8ec1-d04f521cbb56,2026-10-01,2748,1461,exact
Daft Punk,Daft Punk,20261002,2807,Daft_Punk,2026-10-05T05:05:14.242906+00:00,056e4f3e-d505-4dad-8ec1-d04f521cbb56,2026-10-02,2807,1462,exact
Daft Punk,Daft Punk,20261003,2851,Daft_Punk,2026-10-05T05:05:14.242906+00:00,056e4f3e-d505-4dad-8ec1-d04f521cbb56,2026-10-03,2851,1463,exact
Daft Punk,Daft Punk,20261004,2579,Daft_Punk,2026-10-05T05:05:14.242906+00:00,056e4f3e-d505-4dad-8ec1-d04f521cbb56,2026-10-04,2579,1464,exact
Sia,Sia,20260905,3042,Sia,2026-10-05T05:05:14.242906+00:00,2f548675-008d-4332-876c-108b0c7ab9c5,2026-09-05,3042,1465,exact
Sia,Sia,20260906,2808,Sia,2026-10-05T05:05:14.242906+00:00,2f548675-008d-4332-876c-108b0c7ab9c5,2026-09-06,2808,1466,exact
Sia,Sia,20260907,2775,Sia,2026-10-05T05:05:14.242906+00:00,2f548675-008d-4332-876c-108b0c7ab9c5,2026-09-07,2775,1467,exact
Sia,Sia,20260908,2507,Sia,2026-10-05T05:05:14.242906+00:00,2f548675-008d-4332-876c-108b0c7ab9c5,2026-09-08,2507,1468,exact
Sia,Sia,20260909,2483,Sia,2026-10-05T05:05:14.242906+00:00,2f548675-008d-4332-876c-108b0c7ab9c5,2026-09-09,2483,1469,exact
Sia,Sia,20260910,2302,Sia,2026-10-05T05:05:14.242906+00:00,2f548675-008d-4332-876c-108b0c7ab9c5,2026-09-10,2302,1470,exact
Sia,Sia,20260911,2609,Sia,2026-10-05T05:05:14.242906+00:00,2f548675-008d-4332-876c-108b0c7ab9c5,2026-09-11,2609,1471,exact
Sia,Sia,20260912,2719,Sia,2026-10-05T05:05:14.242906+00:00,2f548675-008d-4332-876c-108b0c7ab9c5,2026-09-12,2719,1472,exact
Sia,Sia,20260913,2577,Sia,2026-10-05T05:05:14.242906+00:00,2f548675-008d-4332-876c-108b0c7ab9c5,2026-09-13,2577,1473,exact
Sia,Sia,20260914,3437,Sia,2026-10-05T05:05:14.242906+00:00,2f548675-008d-4332-876c-108b0c7ab9c5,2026-09-14,3437,1474,exact
Sia,Sia,20260915,2787,Sia,2026-10-05T05:05:14.242906+00:00,2f548675-008d-4332-876c-108b0c7ab9c5,2026-09-15,2787,1475,exact
Sia,Sia,20260916,2672,Sia,2026-10-05T05:05:14.242906+00:00,2f548675-008d-4332-876c-108b0c7ab9c5,2026-09-16,2672,1476,exact
Sia,Sia,20260917,2582,Sia,2026-10-05T05:05:14.242906+00:00,2f548675-008d-4332-876c-108b0c7ab9c5,2026-09-17,2582,1477,exact
Sia,Sia,20260918,2826,Sia,2026-10-05T05:05:14.242906+00:00,2f548675-008d-4332-876c-108b0c7ab9c5,2026-09-18,2826,1478,exact
Sia,Sia,20260919,2972,Sia,2026-10-05T05:05:14.242906+00:00,2f548675-008d-4332-876c-108b0c7ab9c5,2026-09-19,2972,1479,exact
Sia,Sia,20260920,3181,Sia,2026-10-05T05:05:14.242906+00:00,2f548675-008d-4332-876c-108b0c7ab9c5,2026-09-20,3181,1480,exact
Sia,Sia,20260921,2663,Sia,2026-10-05T05:05:14.242906+00:00,2f548675-008d-4332-876c-108b0c7ab9c5,2026-09-21,2663,1481,exact
Sia,Sia,20260922,2589,Sia,2026-10-05T05:05:14.242906+00:00,2f548675-008d-4332-876c-108b0c7ab9c5,2026-09-22,2589,1482,exact
Sia,Sia,20260923,2585,Sia,2026-10-05T05:05:14.242906+00:00,2f548675-008d-4332-876c-108b0c7ab9c5,2026-09-23,2585,1483,exact
Sia,Sia,20260924,2674,Sia,2026-10-05T05:05:14.242906+00:00,2f548675-008d-4332-876c-108b0c7ab9c5,2026-09-24,2674,1484,exact
Sia,Sia,20260925,4080,Sia,2026-10-05T05:05:14.242906+00:00,2f548675-008d-4332-876c-108b0c7ab9c5,2026-09-25,4080,1485,exact
Sia,Sia,20260926,3370,Sia,2026-10-05T05:05:14.242906+00:00,2f548675-008d-4332-876c-108b0c7ab9c5,2026-09-26,3370,1486,exact
Sia,Sia,20260927,3002,Sia,2026-10-05T05:05:14.242906+00:00,2f548675-008d-4332-876c-108b0c7ab9c5,2026-09-27,3002,1487,exact
Sia,Sia,20260928,2649,Sia,2026-10-05T05:05:14.242906+00:00,2f548675-008d-4332-876c-108b0c7ab9c5,2026-09-28,2649,1488,exact
Sia,Sia,20260929,2395,Sia,2026-10-05T05:05:14.242906+00:00,2f548675-008d-4332-876c-108b0c7ab9c5,2026-09-29,2395,1489,exact
Sia,Sia,20260930,2514,Sia,2026-10-05T05:05:14.242906+00:00,2f548675-008d-4332-876c-108b0c7ab9c5,2026-09-30,2514,1490,exact
Sia,Sia,20261001,4228,Sia,2026-10-05T05:05:14.242906+00:00,2f548675-008d-4332-876c-108b0c7ab9c5,2026-10-01,4228,1491,exact
Sia,Sia,20261002,3957,Sia,2026-10-05T05:05:14.242906+00:00,2f548675-008d-4332-876c-108b0c7ab9c5,2026-10-02,3957,1492,exact
Sia,Sia,20261003,4016,Sia,2026-10-05T05:05:14.242906+00:00,2f548675-008d-4332-876c-108b0c7ab9c5,2026-10-03,4016,1493,exact
Sia,Sia,20261004,2784,Sia,2026-10-05T05:05:14.242906+00:00,2f548675-008d-4332-876c-108b0c7ab9c5,2026-10-04,2784,1494,exact
