artist_name,wiki_title,pageview_date,pageviews,source_url,collected_at
Bruno Mars,Bruno Mars,20260905,14070,Bruno_Mars,2026-10-05T05:05:14.242906+00:00
Bruno Mars,Bruno Mars,20260906,15331,Bruno_Mars,2026-10-05T05:05:14.242906+00:00
Bruno Mars,Bruno Mars,20260907,13924,Bruno_Mars,2026-10-05T05:05:14.242906+00:00
Bruno Mars,Bruno Mars,20260908,9460,Bruno_Mars,2026-10-05T05:05:14.242906+00:00
Bruno Mars,Bruno Mars,20260909,8885,Bruno_Mars,2026-10-05T05:05:14.242906+00:00
Bruno Mars,Bruno Mars,20260910,10412,Bruno_Mars,2026-10-05T05:05:14.242906+00:00
Bruno Mars,Bruno Mars,20260911,9962,Bruno_Mars,2026-10-05T05:05:14.242906+00:00
Bruno Mars,Bruno Mars,20260912,10924,Bruno_Mars,2026-10-05T05:05:14.242906+00:00
Bruno Mars,Bruno Mars,20260913,12819,Bruno_Mars,2026-10-05T05:05:14.242906+00:00
Bruno Mars,Bruno Mars,20260914,11239,Bruno_Mars,2026-10-05T05:05:14.242906+00:00
Bruno Mars,Bruno Mars,20260915,7863,Bruno_Mars,2026-10-05T05:05:14.242906+00:00
Bruno Mars,Bruno Mars,20260916,8214,Bruno_Mars,2026-10-05T05:05:14.242906+00:00
Bruno Mars,Bruno Mars,20260917,10468,Bruno_Mars,2026-10-05T05:05:14.242906+00:00
Bruno Mars,Bruno Mars,20260918,8878,Bruno_Mars,2026-10-05T05:05:14.242906+00:00
Bruno Mars,Bruno Mars,20260919,9307,Bruno_Mars,2026-10-05T05:05:14.242906+00:00
Bruno Mars,Bruno Mars,20260920,11036,Bruno_Mars,2026-10-05T05:05:14.242906+00:00
Bruno Mars,Bruno Mars,20260921,9470,Bruno_Mars,2026-10-05T05:05:14.242906+00:00
Bruno Mars,Bruno Mars,20260922,7357,Bruno_Mars,2026-10-05T05:05:14.242906+00:00
Bruno Mars,Bruno Mars,20260923,7688,Bruno_Mars,2026-10-05T05:05:14.242906+00:00
Bruno Mars,Bruno Mars,20260924,9038,Bruno_Mars,2026-10-05T05:05:14.242906+00:00
Bruno Mars,Bruno Mars,20260925,7472,Bruno_Mars,2026-10-05T05:05:14.242906+00:00
Bruno Mars,Bruno Mars,20260926,8050,Bruno_Mars,2026-10-05T05:05:14.242906+00:00
Bruno Mars,Bruno Mars,20260927,9407,Bruno_Mars,2026-10-05T05:05:14.242906+00:00
Bruno Mars,Bruno Mars,20260928,35817,Bruno_Mars,2026-10-05T05:05:14.242906+00:00
Bruno Mars,Bruno Mars,20260929,9836,Bruno_Mars,2026-10-05T05:05:14.242906+00:00
Bruno Mars,Bruno Mars,20260930,7556,Bruno_Mars,2026-10-05T05:05:14.242906+00:00
Bruno Mars,Bruno Mars,20261001,10168,Bruno_Mars,2026-10-05T05:05:14.242906+00:00
Bruno Mars,Bruno Mars,20261002,9419,Bruno_Mars,2026-10-05T05:05:14.242906+00:00
Bruno Mars,Bruno Mars,20261003,11596,Bruno_Mars,2026-10-05T05:05:14.242906+00:00
Bruno Mars,Bruno Mars,20261004,11780,Bruno_Mars,2026-10-05T05:05:14.242906+00:00
Taylor Swift,Taylor Swift,20260905,11482,Taylor_Swift,2026-10-05T05:05:14.242906+00:00
Taylor Swift,Taylor Swift,20260906,12496,Taylor_Swift,2026-10-05T05:05:14.242906+00:00
Taylor Swift,Taylor Swift,20260907,11361,Taylor_Swift,2026-10-05T05:05:14.242906+00:00
Taylor Swift,Taylor Swift,20260908,12103,Taylor_Swift,2026-10-05T05:05:14.242906+00:00
Taylor Swift,Taylor Swift,20260909,10881,Taylor_Swift,2026-10-05T05:05:14.242906+00:00
Taylor Swift,Taylor Swift,20260910,10629,Taylor_Swift,2026-10-05T05:05:14.242906+00:00
Taylor Swift,Taylor Swift,20260911,10515,Taylor_Swift,2026-10-05T05:05:14.242906+00:00
Taylor Swift,Taylor Swift,20260912,11030,Taylor_Swift,2026-10-05T05:05:14.242906+00:00
Taylor Swift,Taylor Swift,20260913,12346,Taylor_Swift,2026-10-05T05:05:14.242906+00:00
Taylor Swift,Taylor Swift,20260914,12005,Taylor_Swift,2026-10-05T05:05:14.242906+00:00
Taylor Swift,Taylor Swift,20260915,31474,Taylor_Swift,2026-10-05T05:05:14.242906+00:00
Taylor Swift,Taylor Swift,20260916,14610,Taylor_Swift,2026-10-05T05:05:14.242906+00:00
Taylor Swift,Taylor Swift,20260917,13968,Taylor_Swift,2026-10-05T05:05:14.242906+00:00
Taylor Swift,Taylor Swift,20260918,12658,Taylor_Swift,2026-10-05T05:05:14.242906+00:00
Taylor Swift,Taylor Swift,20260919,13292,Taylor_Swift,2026-10-05T05:05:14.242906+00:00
Taylor Swift,Taylor Swift,20260920,13529,Taylor_Swift,2026-10-05T05:05:14.242906+00:00
Taylor Swift,Taylor Swift,20260921,36506,Taylor_Swift,2026-10-05T05:05:14.242906+00:00
Taylor Swift,Taylor Swift,20260922,25677,Taylor_Swift,2026-10-05T05:05:14.242906+00:00
Taylor Swift,Taylor Swift,20260923,27097,Taylor_Swift,2026-10-05T05:05:14.242906+00:00
Taylor Swift,Taylor Swift,20260924,19750,Taylor_Swift,2026-10-05T05:05:14.242906+00:00
Taylor Swift,Taylor Swift,20260925,37056,Taylor_Swift,2026-10-05T05:05:14.242906+00:00
Taylor Swift,Taylor Swift,20260926,30832,Taylor_Swift,2026-10-05T05:05:14.242906+00:00
Taylor Swift,Taylor Swift,20260927,27982,Taylor_Swift,2026-10-05T05:05:14.242906+00:00
Taylor Swift,Taylor Swift,20260928,49080,Taylor_Swift,2026-10-05T05:05:14.242906+00:00
Taylor Swift,Taylor Swift,20260929,26367,Taylor_Swift,2026-10-05T05:05:14.242906+00:00
Taylor Swift,Taylor Swift,20260930,19004,Taylor_Swift,2026-10-05T05:05:14.242906+00:00
Taylor Swift,Taylor Swift,20261001,16564,Taylor_Swift,2026-10-05T05:05:14.242906+00:00
Taylor Swift,Taylor Swift,20261002,15428,Taylor_Swift,2026-10-05T05:05:14.242906+00:00
Taylor Swift,Taylor Swift,20261003,14855,Taylor_Swift,2026-10-05T05:05:14.242906+00:00
Taylor Swift,Taylor Swift,20261004,20726,Taylor_Swift,2026-10-05T05:05:14.242906+00:00
Beyoncé,Beyoncé,20260905,15913,Beyoncé,2026-10-05T05:05:14.242906+00:00
Beyoncé,Beyoncé,20260906,10591,Beyoncé,2026-10-05T05:05:14.242906+00:00
Beyoncé,Beyoncé,20260907,9288,Beyoncé,2026-10-05T05:05:14.242906+00:00
Beyoncé,Beyoncé,20260908,7617,Beyoncé,2026-10-05T05:05:14.242906+00:00
Beyoncé,Beyoncé,20260909,7551,Beyoncé,2026-10-05T05:05:14.242906+00:00
Beyoncé,Beyoncé,20260910,6738,Beyoncé,2026-10-05T05:05:14.242906+00:00
Beyoncé,Beyoncé,20260911,7088,Beyoncé,2026-10-05T05:05:14.242906+00:00
Beyoncé,Beyoncé,20260912,7508,Beyoncé,2026-10-05T05:05:14.242906+00:00
Beyoncé,Beyoncé,20260913,7101,Beyoncé,2026-10-05T05:05:14.242906+00:00
Beyoncé,Beyoncé,20260914,7031,Beyoncé,2026-10-05T05:05:14.242906+00:00
Beyoncé,Beyoncé,20260915,5862,Beyoncé,2026-10-05T05:05:14.242906+00:00
Beyoncé,Beyoncé,20260916,5730,Beyoncé,2026-10-05T05:05:14.242906+00:00
Beyoncé,Beyoncé,20260917,5923,Beyoncé,2026-10-05T05:05:14.242906+00:00
Beyoncé,Beyoncé,20260918,5611,Beyoncé,2026-10-05T05:05:14.242906+00:00
Beyoncé,Beyoncé,20260919,7340,Beyoncé,2026-10-05T05:05:14.242906+00:00
Beyoncé,Beyoncé,20260920,6830,Beyoncé,2026-10-05T05:05:14.242906+00:00
Beyoncé,Beyoncé,20260921,6796,Beyoncé,2026-10-05T05:05:14.242906+00:00
Beyoncé,Beyoncé,20260922,7079,Beyoncé,2026-10-05T05:05:14.242906+00:00
Beyoncé,Beyoncé,20260923,6146,Beyoncé,2026-10-05T05:05:14.242906+00:00
Beyoncé,Beyoncé,20260924,5956,Beyoncé,2026-10-05T05:05:14.242906+00:00
Beyoncé,Beyoncé,20260925,6423,Beyoncé,2026-10-05T05:05:14.242906+00:00
Beyoncé,Beyoncé,20260926,11646,Beyoncé,2026-10-05T05:05:14.242906+00:00
Beyoncé,Beyoncé,20260927,7570,Beyoncé,2026-10-05T05:05:14.242906+00:00
Beyoncé,Beyoncé,20260928,6759,Beyoncé,2026-10-05T05:05:14.242906+00:00
Beyoncé,Beyoncé,20260929,5648,Beyoncé,2026-10-05T05:05:14.242906+00:00
Beyoncé,Beyoncé,20260930,5374,Beyoncé,2026-10-05T05:05:14.242906+00:00
Beyoncé,Beyoncé,20261001,5258,Beyoncé,2026-10-05T05:05:14.242906+00:00
Beyoncé,Beyoncé,20261002,5075,Beyoncé,2026-10-05T05:05:14.242906+00:00
Beyoncé,Beyoncé,20261003,5653,Beyoncé,2026-10-05T05:05:14.242906+00:00
Beyoncé,Beyoncé,20261004,5581,Beyoncé,2026-10-05T05:05:14.242906+00:00
The Weeknd,The Weeknd,20260905,4343,The_Weeknd,2026-10-05T05:05:14.242906+00:00
The Weeknd,The Weeknd,20260906,4692,The_Weeknd,2026-10-05T05:05:14.242906+00:00
The Weeknd,The Weeknd,20260907,4518,The_Weeknd,2026-10-05T05:05:14.242906+00:00
The Weeknd,The Weeknd,20260908,4344,The_Weeknd,2026-10-05T05:05:14.242906+00:00
The Weeknd,The Weeknd,20260909,4151,The_Weeknd,2026-10-05T05:05:14.242906+00:00
The Weeknd,The Weeknd,20260910,4211,The_Weeknd,2026-10-05T05:05:14.242906+00:00
The Weeknd,The Weeknd,20260911,4182,The_Weeknd,2026-10-05T05:05:14.242906+00:00
The Weeknd,The Weeknd,20260912,4147,The_Weeknd,2026-10-05T05:05:14.242906+00:00
The Weeknd,The Weeknd,20260913,4228,The_Weeknd,2026-10-05T05:05:14.242906+00:00
The Weeknd,The Weeknd,20260914,4047,The_Weeknd,2026-10-05T05:05:14.242906+00:00
The Weeknd,The Weeknd,20260915,4158,The_Weeknd,2026-10-05T05:05:14.242906+00:00
The Weeknd,The Weeknd,20260916,4147,The_Weeknd,2026-10-05T05:05:14.242906+00:00
The Weeknd,The Weeknd,20260917,4257,The_Weeknd,2026-10-05T05:05:14.242906+00:00
The Weeknd,The Weeknd,20260918,4213,The_Weeknd,2026-10-05T05:05:14.242906+00:00
The Weeknd,The Weeknd,20260919,4770,The_Weeknd,2026-10-05T05:05:14.242906+00:00
The Weeknd,The Weeknd,20260920,5182,The_Weeknd,2026-10-05T05:05:14.242906+00:00
The Weeknd,The Weeknd,20260921,5142,The_Weeknd,2026-10-05T05:05:14.242906+00:00
The Weeknd,The Weeknd,20260922,4537,The_Weeknd,2026-10-05T05:05:14.242906+00:00
The Weeknd,The Weeknd,20260923,5908,The_Weeknd,2026-10-05T05:05:14.242906+00:00
The Weeknd,The Weeknd,20260924,4318,The_Weeknd,2026-10-05T05:05:14.242906+00:00
The Weeknd,The Weeknd,20260925,4648,The_Weeknd,2026-10-05T05:05:14.242906+00:00
The Weeknd,The Weeknd,20260926,5383,The_Weeknd,2026-10-05T05:05:14.242906+00:00
The Weeknd,The Weeknd,20260927,7378,The_Weeknd,2026-10-05T05:05:14.242906+00:00
The Weeknd,The Weeknd,20260928,7348,The_Weeknd,2026-10-05T05:05:14.242906+00:00
The Weeknd,The Weeknd,20260929,5807,The_Weeknd,2026-10-05T05:05:14.242906+00:00
The Weeknd,The Weeknd,20260930,4916,The_Weeknd,2026-10-05T05:05:14.242906+00:00
The Weeknd,The Weeknd,20261001,4742,The_Weeknd,2026-10-05T05:05:14.242906+00:00
The Weeknd,The Weeknd,20261002,6888,The_Weeknd,2026-10-05T05:05:14.242906+00:00
The Weeknd,The Weeknd,20261003,8407,The_Weeknd,2026-10-05T05:05:14.242906+00:00
The Weeknd,The Weeknd,20261004,6626,The_Weeknd,2026-10-05T05:05:14.242906+00:00
Adele,Adele,20260905,4076,Adele,2026-10-05T05:05:14.242906+00:00
Adele,Adele,20260906,4350,Adele,2026-10-05T05:05:14.242906+00:00
Adele,Adele,20260907,4032,Adele,2026-10-05T05:05:14.242906+00:00
Adele,Adele,20260908,4180,Adele,2026-10-05T05:05:14.242906+00:00
Adele,Adele,20260909,3722,Adele,2026-10-05T05:05:14.242906+00:00
Adele,Adele,20260910,3624,Adele,2026-10-05T05:05:14.242906+00:00
Adele,Adele,20260911,3532,Adele,2026-10-05T05:05:14.242906+00:00
Adele,Adele,20260912,4678,Adele,2026-10-05T05:05:14.242906+00:00
Adele,Adele,20260913,4948,Adele,2026-10-05T05:05:14.242906+00:00
Adele,Adele,20260914,4468,Adele,2026-10-05T05:05:14.242906+00:00
Adele,Adele,20260915,3836,Adele,2026-10-05T05:05:14.242906+00:00
Adele,Adele,20260916,3871,Adele,2026-10-05T05:05:14.242906+00:00
Adele,Adele,20260917,4203,Adele,2026-10-05T05:05:14.242906+00:00
Adele,Adele,20260918,4145,Adele,2026-10-05T05:05:14.242906+00:00
Adele,Adele,20260919,4269,Adele,2026-10-05T05:05:14.242906+00:00
Adele,Adele,20260920,4655,Adele,2026-10-05T05:05:14.242906+00:00
Adele,Adele,20260921,4729,Adele,2026-10-05T05:05:14.242906+00:00
Adele,Adele,20260922,3833,Adele,2026-10-05T05:05:14.242906+00:00
Adele,Adele,20260923,3990,Adele,2026-10-05T05:05:14.242906+00:00
Adele,Adele,20260924,3970,Adele,2026-10-05T05:05:14.242906+00:00
Adele,Adele,20260925,4229,Adele,2026-10-05T05:05:14.242906+00:00
Adele,Adele,20260926,4396,Adele,2026-10-05T05:05:14.242906+00:00
Adele,Adele,20260927,4856,Adele,2026-10-05T05:05:14.242906+00:00
Adele,Adele,20260928,4783,Adele,2026-10-05T05:05:14.242906+00:00
Adele,Adele,20260929,4425,Adele,2026-10-05T05:05:14.242906+00:00
Adele,Adele,20260930,3788,Adele,2026-10-05T05:05:14.242906+00:00
Adele,Adele,20261001,3650,Adele,2026-10-05T05:05:14.242906+00:00
Adele,Adele,20261002,3975,Adele,2026-10-05T05:05:14.242906+00:00
Adele,Adele,20261003,4199,Adele,2026-10-05T05:05:14.242906+00:00
Adele,Adele,20261004,4292,Adele,2026-10-05T05:05:14.242906+00:00
Ed Sheeran,Ed Sheeran,20260905,7765,Ed_Sheeran,2026-10-05T05:05:14.242906+00:00
Ed Sheeran,Ed Sheeran,20260906,8229,Ed_Sheeran,2026-10-05T05:05:14.242906+00:00
Ed Sheeran,Ed Sheeran,20260907,8750,Ed_Sheeran,2026-10-05T05:05:14.242906+00:00
Ed Sheeran,Ed Sheeran,20260908,6746,Ed_Sheeran,2026-10-05T05:05:14.242906+00:00
Ed Sheeran,Ed Sheeran,20260909,5091,Ed_Sheeran,2026-10-05T05:05:14.242906+00:00
Ed Sheeran,Ed Sheeran,20260910,4403,Ed_Sheeran,2026-10-05T05:05:14.242906+00:00
Ed Sheeran,Ed Sheeran,20260911,4155,Ed_Sheeran,2026-10-05T05:05:14.242906+00:00
Ed Sheeran,Ed Sheeran,20260912,4383,Ed_Sheeran,2026-10-05T05:05:14.242906+00:00
Ed Sheeran,Ed Sheeran,20260913,4454,Ed_Sheeran,2026-10-05T05:05:14.242906+00:00
Ed Sheeran,Ed Sheeran,20260914,23289,Ed_Sheeran,2026-10-05T05:05:14.242906+00:00
Ed Sheeran,Ed Sheeran,20260915,90245,Ed_Sheeran,2026-10-05T05:05:14.242906+00:00
Ed Sheeran,Ed Sheeran,20260916,155393,Ed_Sheeran,2026-10-05T05:05:14.242906+00:00
Ed Sheeran,Ed Sheeran,20260917,93349,Ed_Sheeran,2026-10-05T05:05:14.242906+00:00
Ed Sheeran,Ed Sheeran,20260918,61087,Ed_Sheeran,2026-10-05T05:05:14.242906+00:00
Ed Sheeran,Ed Sheeran,20260919,45359,Ed_Sheeran,2026-10-05T05:05:14.242906+00:00
Ed Sheeran,Ed Sheeran,20260920,75555,Ed_Sheeran,2026-10-05T05:05:14.242906+00:00
Ed Sheeran,Ed Sheeran,20260921,48378,Ed_Sheeran,2026-10-05T05:05:14.242906+00:00
Ed Sheeran,Ed Sheeran,20260922,27305,Ed_Sheeran,2026-10-05T05:05:14.242906+00:00
Ed Sheeran,Ed Sheeran,20260923,16400,Ed_Sheeran,2026-10-05T05:05:14.242906+00:00
Ed Sheeran,Ed Sheeran,20260924,14059,Ed_Sheeran,2026-10-05T05:05:14.242906+00:00
Ed Sheeran,Ed Sheeran,20260925,15494,Ed_Sheeran,2026-10-05T05:05:14.242906+00:00
Ed Sheeran,Ed Sheeran,20260926,13239,Ed_Sheeran,2026-10-05T05:05:14.242906+00:00
Ed Sheeran,Ed Sheeran,20260927,10696,Ed_Sheeran,2026-10-05T05:05:14.242906+00:00
Ed Sheeran,Ed Sheeran,20260928,8798,Ed_Sheeran,2026-10-05T05:05:14.242906+00:00
Ed Sheeran,Ed Sheeran,20260929,6604,Ed_Sheeran,2026-10-05T05:05:14.242906+00:00
Ed Sheeran,Ed Sheeran,20260930,5489,Ed_Sheeran,2026-10-05T05:05:14.242906+00:00
Ed Sheeran,Ed Sheeran,20261001,5935,Ed_Sheeran,2026-10-05T05:05:14.242906+00:00
Ed Sheeran,Ed Sheeran,20261002,6081,Ed_Sheeran,2026-10-05T05:05:14.242906+00:00
Ed Sheeran,Ed Sheeran,20261003,6137,Ed_Sheeran,2026-10-05T05:05:14.242906+00:00
Ed Sheeran,Ed Sheeran,20261004,7179,Ed_Sheeran,2026-10-05T05:05:14.242906+00:00
Billie Eilish,Billie Eilish,20260905,8769,Billie_Eilish,2026-10-05T05:05:14.242906+00:00
Billie Eilish,Billie Eilish,20260906,7399,Billie_Eilish,2026-10-05T05:05:14.242906+00:00
Billie Eilish,Billie Eilish,20260907,5897,Billie_Eilish,2026-10-05T05:05:14.242906+00:00
Billie Eilish,Billie Eilish,20260908,6093,Billie_Eilish,2026-10-05T05:05:14.242906+00:00
Billie Eilish,Billie Eilish,20260909,5729,Billie_Eilish,2026-10-05T05:05:14.242906+00:00
Billie Eilish,Billie Eilish,20260910,5272,Billie_Eilish,2026-10-05T05:05:14.242906+00:00
Billie Eilish,Billie Eilish,20260911,5158,Billie_Eilish,2026-10-05T05:05:14.242906+00:00
Billie Eilish,Billie Eilish,20260912,5451,Billie_Eilish,2026-10-05T05:05:14.242906+00:00
Billie Eilish,Billie Eilish,20260913,5582,Billie_Eilish,2026-10-05T05:05:14.242906+00:00
Billie Eilish,Billie Eilish,20260914,5283,Billie_Eilish,2026-10-05T05:05:14.242906+00:00
Billie Eilish,Billie Eilish,20260915,11406,Billie_Eilish,2026-10-05T05:05:14.242906+00:00
Billie Eilish,Billie Eilish,20260916,18009,Billie_Eilish,2026-10-05T05:05:14.242906+00:00
Billie Eilish,Billie Eilish,20260917,9032,Billie_Eilish,2026-10-05T05:05:14.242906+00:00
Billie Eilish,Billie Eilish,20260918,7049,Billie_Eilish,2026-10-05T05:05:14.242906+00:00
Billie Eilish,Billie Eilish,20260919,6957,Billie_Eilish,2026-10-05T05:05:14.242906+00:00
Billie Eilish,Billie Eilish,20260920,7127,Billie_Eilish,2026-10-05T05:05:14.242906+00:00
Billie Eilish,Billie Eilish,20260921,5857,Billie_Eilish,2026-10-05T05:05:14.242906+00:00
Billie Eilish,Billie Eilish,20260922,5537,Billie_Eilish,2026-10-05T05:05:14.242906+00:00
Billie Eilish,Billie Eilish,20260923,5555,Billie_Eilish,2026-10-05T05:05:14.242906+00:00
Billie Eilish,Billie Eilish,20260924,5247,Billie_Eilish,2026-10-05T05:05:14.242906+00:00
Billie Eilish,Billie Eilish,20260925,5103,Billie_Eilish,2026-10-05T05:05:14.242906+00:00
Billie Eilish,Billie Eilish,20260926,5336,Billie_Eilish,2026-10-05T05:05:14.242906+00:00
Billie Eilish,Billie Eilish,20260927,5071,Billie_Eilish,2026-10-05T05:05:14.242906+00:00
Billie Eilish,Billie Eilish,20260928,4827,Billie_Eilish,2026-10-05T05:05:14.242906+00:00
Billie Eilish,Billie Eilish,20260929,4865,Billie_Eilish,2026-10-05T05:05:14.242906+00:00
Billie Eilish,Billie Eilish,20260930,5095,Billie_Eilish,2026-10-05T05:05:14.242906+00:00
Billie Eilish,Billie Eilish,20261001,4804,Billie_Eilish,2026-10-05T05:05:14.242906+00:00
Billie Eilish,Billie Eilish,20261002,4657,Billie_Eilish,2026-10-05T05:05:14.242906+00:00
Billie Eilish,Billie Eilish,20261003,4906,Billie_Eilish,2026-10-05T05:05:14.242906+00:00
Billie Eilish,Billie Eilish,20261004,4723,Billie_Eilish,2026-10-05T05:05:14.242906+00:00
Lady Gaga,Lady Gaga,20260905,8553,Lady_Gaga,2026-10-05T05:05:14.242906+00:00
Lady Gaga,Lady Gaga,20260906,7617,Lady_Gaga,2026-10-05T05:05:14.242906+00:00
Lady Gaga,Lady Gaga,20260907,6988,Lady_Gaga,2026-10-05T05:05:14.242906+00:00
Lady Gaga,Lady Gaga,20260908,6396,Lady_Gaga,2026-10-05T05:05:14.242906+00:00
Lady Gaga,Lady Gaga,20260909,7901,Lady_Gaga,2026-10-05T05:05:14.242906+00:00
Lady Gaga,Lady Gaga,20260910,6967,Lady_Gaga,2026-10-05T05:05:14.242906+00:00
Lady Gaga,Lady Gaga,20260911,7015,Lady_Gaga,2026-10-05T05:05:14.242906+00:00
Lady Gaga,Lady Gaga,20260912,227999,Lady_Gaga,2026-10-05T05:05:14.242906+00:00
Lady Gaga,Lady Gaga,20260913,78807,Lady_Gaga,2026-10-05T05:05:14.242906+00:00
Lady Gaga,Lady Gaga,20260914,45273,Lady_Gaga,2026-10-05T05:05:14.242906+00:00
Lady Gaga,Lady Gaga,20260915,25038,Lady_Gaga,2026-10-05T05:05:14.242906+00:00
Lady Gaga,Lady Gaga,20260916,18498,Lady_Gaga,2026-10-05T05:05:14.242906+00:00
Lady Gaga,Lady Gaga,20260917,28416,Lady_Gaga,2026-10-05T05:05:14.242906+00:00
Lady Gaga,Lady Gaga,20260918,44005,Lady_Gaga,2026-10-05T05:05:14.242906+00:00
Lady Gaga,Lady Gaga,20260919,23211,Lady_Gaga,2026-10-05T05:05:14.242906+00:00
Lady Gaga,Lady Gaga,20260920,17400,Lady_Gaga,2026-10-05T05:05:14.242906+00:00
Lady Gaga,Lady Gaga,20260921,12566,Lady_Gaga,2026-10-05T05:05:14.242906+00:00
Lady Gaga,Lady Gaga,20260922,10615,Lady_Gaga,2026-10-05T05:05:14.242906+00:00
Lady Gaga,Lady Gaga,20260923,10431,Lady_Gaga,2026-10-05T05:05:14.242906+00:00
Lady Gaga,Lady Gaga,20260924,10422,Lady_Gaga,2026-10-05T05:05:14.242906+00:00
Lady Gaga,Lady Gaga,20260925,10023,Lady_Gaga,2026-10-05T05:05:14.242906+00:00
Lady Gaga,Lady Gaga,20260926,10376,Lady_Gaga,2026-10-05T05:05:14.242906+00:00
Lady Gaga,Lady Gaga,20260927,10096,Lady_Gaga,2026-10-05T05:05:14.242906+00:00
Lady Gaga,Lady Gaga,20260928,9255,Lady_Gaga,2026-10-05T05:05:14.242906+00:00
Lady Gaga,Lady Gaga,20260929,7667,Lady_Gaga,2026-10-05T05:05:14.242906+00:00
Lady Gaga,Lady Gaga,20260930,7722,Lady_Gaga,2026-10-05T05:05:14.242906+00:00
Lady Gaga,Lady Gaga,20261001,8144,Lady_Gaga,2026-10-05T05:05:14.242906+00:00
Lady Gaga,Lady Gaga,20261002,8470,Lady_Gaga,2026-10-05T05:05:14.242906+00:00
Lady Gaga,Lady Gaga,20261003,9033,Lady_Gaga,2026-10-05T05:05:14.242906+00:00
Lady Gaga,Lady Gaga,20261004,8636,Lady_Gaga,2026-10-05T05:05:14.242906+00:00
Michael Jackson,Michael Jackson,20260905,36430,Michael_Jackson,2026-10-05T05:05:14.242906+00:00
Michael Jackson,Michael Jackson,20260906,37676,Michael_Jackson,2026-10-05T05:05:14.242906+00:00
Michael Jackson,Michael Jackson,20260907,31571,Michael_Jackson,2026-10-05T05:05:14.242906+00:00
Michael Jackson,Michael Jackson,20260908,27360,Michael_Jackson,2026-10-05T05:05:14.242906+00:00
Michael Jackson,Michael Jackson,20260909,24984,Michael_Jackson,2026-10-05T05:05:14.242906+00:00
Michael Jackson,Michael Jackson,20260910,28463,Michael_Jackson,2026-10-05T05:05:14.242906+00:00
Michael Jackson,Michael Jackson,20260911,26750,Michael_Jackson,2026-10-05T05:05:14.242906+00:00
Michael Jackson,Michael Jackson,20260912,30535,Michael_Jackson,2026-10-05T05:05:14.242906+00:00
Michael Jackson,Michael Jackson,20260913,30407,Michael_Jackson,2026-10-05T05:05:14.242906+00:00
Michael Jackson,Michael Jackson,20260914,25396,Michael_Jackson,2026-10-05T05:05:14.242906+00:00
Michael Jackson,Michael Jackson,20260915,23465,Michael_Jackson,2026-10-05T05:05:14.242906+00:00
Michael Jackson,Michael Jackson,20260916,23011,Michael_Jackson,2026-10-05T05:05:14.242906+00:00
Michael Jackson,Michael Jackson,20260917,22407,Michael_Jackson,2026-10-05T05:05:14.242906+00:00
Michael Jackson,Michael Jackson,20260918,24325,Michael_Jackson,2026-10-05T05:05:14.242906+00:00
Michael Jackson,Michael Jackson,20260919,26138,Michael_Jackson,2026-10-05T05:05:14.242906+00:00
Michael Jackson,Michael Jackson,20260920,26555,Michael_Jackson,2026-10-05T05:05:14.242906+00:00
Michael Jackson,Michael Jackson,20260921,21897,Michael_Jackson,2026-10-05T05:05:14.242906+00:00
Michael Jackson,Michael Jackson,20260922,20575,Michael_Jackson,2026-10-05T05:05:14.242906+00:00
Michael Jackson,Michael Jackson,20260923,21026,Michael_Jackson,2026-10-05T05:05:14.242906+00:00
Michael Jackson,Michael Jackson,20260924,20743,Michael_Jackson,2026-10-05T05:05:14.242906+00:00
Michael Jackson,Michael Jackson,20260925,22001,Michael_Jackson,2026-10-05T05:05:14.242906+00:00
Michael Jackson,Michael Jackson,20260926,24851,Michael_Jackson,2026-10-05T05:05:14.242906+00:00
Michael Jackson,Michael Jackson,20260927,26472,Michael_Jackson,2026-10-05T05:05:14.242906+00:00
Michael Jackson,Michael Jackson,20260928,21411,Michael_Jackson,2026-10-05T05:05:14.242906+00:00
Michael Jackson,Michael Jackson,20260929,20775,Michael_Jackson,2026-10-05T05:05:14.242906+00:00
Michael Jackson,Michael Jackson,20260930,19843,Michael_Jackson,2026-10-05T05:05:14.242906+00:00
Michael Jackson,Michael Jackson,20261001,19025,Michael_Jackson,2026-10-05T05:05:14.242906+00:00
Michael Jackson,Michael Jackson,20261002,20120,Michael_Jackson,2026-10-05T05:05:14.242906+00:00
Michael Jackson,Michael Jackson,20261003,22153,Michael_Jackson,2026-10-05T05:05:14.242906+00:00
Michael Jackson,Michael Jackson,20261004,21539,Michael_Jackson,2026-10-05T05:05:14.242906+00:00
Queen,Queen,20260905,347,Queen,2026-10-05T05:05:14.242906+00:00
Queen,Queen,20260906,218,Queen,2026-10-05T05:05:14.242906+00:00
Queen,Queen,20260907,199,Queen,2026-10-05T05:05:14.242906+00:00
Queen,Queen,20260908,173,Queen,2026-10-05T05:05:14.242906+00:00
Queen,Queen,20260909,177,Queen,2026-10-05T05:05:14.242906+00:00
Queen,Queen,20260910,203,Queen,2026-10-05T05:05:14.242906+00:00
Queen,Queen,20260911,165,Queen,2026-10-05T05:05:14.242906+00:00
Queen,Queen,20260912,172,Queen,2026-10-05T05:05:14.242906+00:00
Queen,Queen,20260913,189,Queen,2026-10-05T05:05:14.242906+00:00
Queen,Queen,20260914,180,Queen,2026-10-05T05:05:14.242906+00:00
Queen,Queen,20260915,143,Queen,2026-10-05T05:05:14.242906+00:00
Queen,Queen,20260916,119,Queen,2026-10-05T05:05:14.242906+00:00
Queen,Queen,20260917,184,Queen,2026-10-05T05:05:14.242906+00:00
Queen,Queen,20260918,185,Queen,2026-10-05T05:05:14.242906+00:00
Queen,Queen,20260919,146,Queen,2026-10-05T05:05:14.242906+00:00
Queen,Queen,20260920,181,Queen,2026-10-05T05:05:14.242906+00:00
Queen,Queen,20260921,147,Queen,2026-10-05T05:05:14.242906+00:00
Queen,Queen,20260922,126,Queen,2026-10-05T05:05:14.242906+00:00
Queen,Queen,20260923,149,Queen,2026-10-05T05:05:14.242906+00:00
Queen,Queen,20260924,159,Queen,2026-10-05T05:05:14.242906+00:00
Queen,Queen,20260925,156,Queen,2026-10-05T05:05:14.242906+00:00
Queen,Queen,20260926,159,Queen,2026-10-05T05:05:14.242906+00:00
Queen,Queen,20260927,170,Queen,2026-10-05T05:05:14.242906+00:00
Queen,Queen,20260928,169,Queen,2026-10-05T05:05:14.242906+00:00
Queen,Queen,20260929,183,Queen,2026-10-05T05:05:14.242906+00:00
Queen,Queen,20260930,168,Queen,2026-10-05T05:05:14.242906+00:00
Queen,Queen,20261001,196,Queen,2026-10-05T05:05:14.242906+00:00
Queen,Queen,20261002,194,Queen,2026-10-05T05:05:14.242906+00:00
Queen,Queen,20261003,206,Queen,2026-10-05T05:05:14.242906+00:00
Queen,Queen,20261004,178,Queen,2026-10-05T05:05:14.242906+00:00
Rihanna,Rihanna,20260905,7992,Rihanna,2026-10-05T05:05:14.242906+00:00
Rihanna,Rihanna,20260906,7041,Rihanna,2026-10-05T05:05:14.242906+00:00
Rihanna,Rihanna,20260907,7361,Rihanna,2026-10-05T05:05:14.242906+00:00
Rihanna,Rihanna,20260908,6781,Rihanna,2026-10-05T05:05:14.242906+00:00
Rihanna,Rihanna,20260909,6352,Rihanna,2026-10-05T05:05:14.242906+00:00
Rihanna,Rihanna,20260910,6065,Rihanna,2026-10-05T05:05:14.242906+00:00
Rihanna,Rihanna,20260911,9046,Rihanna,2026-10-05T05:05:14.242906+00:00
Rihanna,Rihanna,20260912,7877,Rihanna,2026-10-05T05:05:14.242906+00:00
Rihanna,Rihanna,20260913,7175,Rihanna,2026-10-05T05:05:14.242906+00:00
Rihanna,Rihanna,20260914,7530,Rihanna,2026-10-05T05:05:14.242906+00:00
Rihanna,Rihanna,20260915,7235,Rihanna,2026-10-05T05:05:14.242906+00:00
Rihanna,Rihanna,20260916,6577,Rihanna,2026-10-05T05:05:14.242906+00:00
Rihanna,Rihanna,20260917,6703,Rihanna,2026-10-05T05:05:14.242906+00:00
Rihanna,Rihanna,20260918,6792,Rihanna,2026-10-05T05:05:14.242906+00:00
Rihanna,Rihanna,20260919,7494,Rihanna,2026-10-05T05:05:14.242906+00:00
Rihanna,Rihanna,20260920,7154,Rihanna,2026-10-05T05:05:14.242906+00:00
Rihanna,Rihanna,20260921,6390,Rihanna,2026-10-05T05:05:14.242906+00:00
Rihanna,Rihanna,20260922,6223,Rihanna,2026-10-05T05:05:14.242906+00:00
Rihanna,Rihanna,20260923,6000,Rihanna,2026-10-05T05:05:14.242906+00:00
Rihanna,Rihanna,20260924,6271,Rihanna,2026-10-05T05:05:14.242906+00:00
Rihanna,Rihanna,20260925,6593,Rihanna,2026-10-05T05:05:14.242906+00:00
Rihanna,Rihanna,20260926,7374,Rihanna,2026-10-05T05:05:14.242906+00:00
Rihanna,Rihanna,20260927,10457,Rihanna,2026-10-05T05:05:14.242906+00:00
Rihanna,Rihanna,20260928,7988,Rihanna,2026-10-05T05:05:14.242906+00:00
Rihanna,Rihanna,20260929,8116,Rihanna,2026-10-05T05:05:14.242906+00:00
Rihanna,Rihanna,20260930,8294,Rihanna,2026-10-05T05:05:14.242906+00:00
Rihanna,Rihanna,20261001,7621,Rihanna,2026-10-05T05:05:14.242906+00:00
Rihanna,Rihanna,20261002,7404,Rihanna,2026-10-05T05:05:14.242906+00:00
Rihanna,Rihanna,20261003,7907,Rihanna,2026-10-05T05:05:14.242906+00:00
Rihanna,Rihanna,20261004,7263,Rihanna,2026-10-05T05:05:14.242906+00:00
Drake,Drake,20260905,119,Drake,2026-10-05T05:05:14.242906+00:00
Drake,Drake,20260906,150,Drake,2026-10-05T05:05:14.242906+00:00
Drake,Drake,20260907,130,Drake,2026-10-05T05:05:14.242906+00:00
Drake,Drake,20260908,159,Drake,2026-10-05T05:05:14.242906+00:00
Drake,Drake,20260909,152,Drake,2026-10-05T05:05:14.242906+00:00
Drake,Drake,20260910,165,Drake,2026-10-05T05:05:14.242906+00:00
Drake,Drake,20260911,149,Drake,2026-10-05T05:05:14.242906+00:00
Drake,Drake,20260912,145,Drake,2026-10-05T05:05:14.242906+00:00
Drake,Drake,20260913,142,Drake,2026-10-05T05:05:14.242906+00:00
Drake,Drake,20260914,181,Drake,2026-10-05T05:05:14.242906+00:00
Drake,Drake,20260915,170,Drake,2026-10-05T05:05:14.242906+00:00
Drake,Drake,20260916,245,Drake,2026-10-05T05:05:14.242906+00:00
Drake,Drake,20260917,255,Drake,2026-10-05T05:05:14.242906+00:00
Drake,Drake,20260918,210,Drake,2026-10-05T05:05:14.242906+00:00
Drake,Drake,20260919,201,Drake,2026-10-05T05:05:14.242906+00:00
Drake,Drake,20260920,156,Drake,2026-10-05T05:05:14.242906+00:00
Drake,Drake,20260921,168,Drake,2026-10-05T05:05:14.242906+00:00
Drake,Drake,20260922,149,Drake,2026-10-05T05:05:14.242906+00:00
Drake,Drake,20260923,216,Drake,2026-10-05T05:05:14.242906+00:00
Drake,Drake,20260924,167,Drake,2026-10-05T05:05:14.242906+00:00
Drake,Drake,20260925,166,Drake,2026-10-05T05:05:14.242906+00:00
Drake,Drake,20260926,127,Drake,2026-10-05T05:05:14.242906+00:00
Drake,Drake,20260927,141,Drake,2026-10-05T05:05:14.242906+00:00
Drake,Drake,20260928,166,Drake,2026-10-05T05:05:14.242906+00:00
Drake,Drake,20260929,145,Drake,2026-10-05T05:05:14.242906+00:00
Drake,Drake,20260930,154,Drake,2026-10-05T05:05:14.242906+00:00
Drake,Drake,20261001,181,Drake,2026-10-05T05:05:14.242906+00:00
Drake,Drake,20261002,173,Drake,2026-10-05T05:05:14.242906+00:00
Drake,Drake,20261003,156,Drake,2026-10-05T05:05:14.242906+00:00
Drake,Drake,20261004,109,Drake,2026-10-05T05:05:14.242906+00:00
Kendrick Lamar,Kendrick Lamar,20260905,3449,Kendrick_Lamar,2026-10-05T05:05:14.242906+00:00
Kendrick Lamar,Kendrick Lamar,20260906,3442,Kendrick_Lamar,2026-10-05T05:05:14.242906+00:00
Kendrick Lamar,Kendrick Lamar,20260907,3600,Kendrick_Lamar,2026-10-05T05:05:14.242906+00:00
Kendrick Lamar,Kendrick Lamar,20260908,4007,Kendrick_Lamar,2026-10-05T05:05:14.242906+00:00
Kendrick Lamar,Kendrick Lamar,20260909,3649,Kendrick_Lamar,2026-10-05T05:05:14.242906+00:00
Kendrick Lamar,Kendrick Lamar,20260910,3967,Kendrick_Lamar,2026-10-05T05:05:14.242906+00:00
Kendrick Lamar,Kendrick Lamar,20260911,4134,Kendrick_Lamar,2026-10-05T05:05:14.242906+00:00
Kendrick Lamar,Kendrick Lamar,20260912,3891,Kendrick_Lamar,2026-10-05T05:05:14.242906+00:00
Kendrick Lamar,Kendrick Lamar,20260913,3677,Kendrick_Lamar,2026-10-05T05:05:14.242906+00:00
Kendrick Lamar,Kendrick Lamar,20260914,3650,Kendrick_Lamar,2026-10-05T05:05:14.242906+00:00
Kendrick Lamar,Kendrick Lamar,20260915,3809,Kendrick_Lamar,2026-10-05T05:05:14.242906+00:00
Kendrick Lamar,Kendrick Lamar,20260916,3792,Kendrick_Lamar,2026-10-05T05:05:14.242906+00:00
Kendrick Lamar,Kendrick Lamar,20260917,4076,Kendrick_Lamar,2026-10-05T05:05:14.242906+00:00
Kendrick Lamar,Kendrick Lamar,20260918,4088,Kendrick_Lamar,2026-10-05T05:05:14.242906+00:00
Kendrick Lamar,Kendrick Lamar,20260919,3658,Kendrick_Lamar,2026-10-05T05:05:14.242906+00:00
Kendrick Lamar,Kendrick Lamar,20260920,4150,Kendrick_Lamar,2026-10-05T05:05:14.242906+00:00
Kendrick Lamar,Kendrick Lamar,20260921,10355,Kendrick_Lamar,2026-10-05T05:05:14.242906+00:00
Kendrick Lamar,Kendrick Lamar,20260922,5569,Kendrick_Lamar,2026-10-05T05:05:14.242906+00:00
Kendrick Lamar,Kendrick Lamar,20260923,4443,Kendrick_Lamar,2026-10-05T05:05:14.242906+00:00
Kendrick Lamar,Kendrick Lamar,20260924,4060,Kendrick_Lamar,2026-10-05T05:05:14.242906+00:00
Kendrick Lamar,Kendrick Lamar,20260925,4379,Kendrick_Lamar,2026-10-05T05:05:14.242906+00:00
Kendrick Lamar,Kendrick Lamar,20260926,3832,Kendrick_Lamar,2026-10-05T05:05:14.242906+00:00
Kendrick Lamar,Kendrick Lamar,20260927,3760,Kendrick_Lamar,2026-10-05T05:05:14.242906+00:00
Kendrick Lamar,Kendrick Lamar,20260928,3545,Kendrick_Lamar,2026-10-05T05:05:14.242906+00:00
Kendrick Lamar,Kendrick Lamar,20260929,3411,Kendrick_Lamar,2026-10-05T05:05:14.242906+00:00
Kendrick Lamar,Kendrick Lamar,20260930,3401,Kendrick_Lamar,2026-10-05T05:05:14.242906+00:00
Kendrick Lamar,Kendrick Lamar,20261001,3309,Kendrick_Lamar,2026-10-05T05:05:14.242906+00:00
Kendrick Lamar,Kendrick Lamar,20261002,3239,Kendrick_Lamar,2026-10-05T05:05:14.242906+00:00
Kendrick Lamar,Kendrick Lamar,20261003,3220,Kendrick_Lamar,2026-10-05T05:05:14.242906+00:00
Kendrick Lamar,Kendrick Lamar,20261004,3280,Kendrick_Lamar,2026-10-05T05:05:14.242906+00:00
Justin Bieber,Justin Bieber,20260905,5452,Justin_Bieber,2026-10-05T05:05:14.242906+00:00
Justin Bieber,Justin Bieber,20260906,5135,Justin_Bieber,2026-10-05T05:05:14.242906+00:00
Justin Bieber,Justin Bieber,20260907,5273,Justin_Bieber,2026-10-05T05:05:14.242906+00:00
Justin Bieber,Justin Bieber,20260908,5443,Justin_Bieber,2026-10-05T05:05:14.242906+00:00
Justin Bieber,Justin Bieber,20260909,5308,Justin_Bieber,2026-10-05T05:05:14.242906+00:00
Justin Bieber,Justin Bieber,20260910,4965,Justin_Bieber,2026-10-05T05:05:14.242906+00:00
Justin Bieber,Justin Bieber,20260911,4950,Justin_Bieber,2026-10-05T05:05:14.242906+00:00
Justin Bieber,Justin Bieber,20260912,5093,Justin_Bieber,2026-10-05T05:05:14.242906+00:00
Justin Bieber,Justin Bieber,20260913,6464,Justin_Bieber,2026-10-05T05:05:14.242906+00:00
Justin Bieber,Justin Bieber,20260914,7210,Justin_Bieber,2026-10-05T05:05:14.242906+00:00
Justin Bieber,Justin Bieber,20260915,6458,Justin_Bieber,2026-10-05T05:05:14.242906+00:00
Justin Bieber,Justin Bieber,20260916,6014,Justin_Bieber,2026-10-05T05:05:14.242906+00:00
Justin Bieber,Justin Bieber,20260917,5571,Justin_Bieber,2026-10-05T05:05:14.242906+00:00
Justin Bieber,Justin Bieber,20260918,5762,Justin_Bieber,2026-10-05T05:05:14.242906+00:00
Justin Bieber,Justin Bieber,20260919,5548,Justin_Bieber,2026-10-05T05:05:14.242906+00:00
Justin Bieber,Justin Bieber,20260920,5498,Justin_Bieber,2026-10-05T05:05:14.242906+00:00
Justin Bieber,Justin Bieber,20260921,5453,Justin_Bieber,2026-10-05T05:05:14.242906+00:00
Justin Bieber,Justin Bieber,20260922,5476,Justin_Bieber,2026-10-05T05:05:14.242906+00:00
Justin Bieber,Justin Bieber,20260923,5655,Justin_Bieber,2026-10-05T05:05:14.242906+00:00
Justin Bieber,Justin Bieber,20260924,5510,Justin_Bieber,2026-10-05T05:05:14.242906+00:00
Justin Bieber,Justin Bieber,20260925,5629,Justin_Bieber,2026-10-05T05:05:14.242906+00:00
Justin Bieber,Justin Bieber,20260926,5435,Justin_Bieber,2026-10-05T05:05:14.242906+00:00
Justin Bieber,Justin Bieber,20260927,5671,Justin_Bieber,2026-10-05T05:05:14.242906+00:00
Justin Bieber,Justin Bieber,20260928,5822,Justin_Bieber,2026-10-05T05:05:14.242906+00:00
Justin Bieber,Justin Bieber,20260929,5169,Justin_Bieber,2026-10-05T05:05:14.242906+00:00
Justin Bieber,Justin Bieber,20260930,9310,Justin_Bieber,2026-10-05T05:05:14.242906+00:00
Justin Bieber,Justin Bieber,20261001,13948,Justin_Bieber,2026-10-05T05:05:14.242906+00:00
Justin Bieber,Justin Bieber,20261002,11659,Justin_Bieber,2026-10-05T05:05:14.242906+00:00
Justin Bieber,Justin Bieber,20261003,11073,Justin_Bieber,2026-10-05T05:05:14.242906+00:00
Justin Bieber,Justin Bieber,20261004,7256,Justin_Bieber,2026-10-05T05:05:14.242906+00:00
Ariana Grande,Ariana Grande,20260905,12024,Ariana_Grande,2026-10-05T05:05:14.242906+00:00
Ariana Grande,Ariana Grande,20260906,11546,Ariana_Grande,2026-10-05T05:05:14.242906+00:00
Ariana Grande,Ariana Grande,20260907,11034,Ariana_Grande,2026-10-05T05:05:14.242906+00:00
Ariana Grande,Ariana Grande,20260908,9531,Ariana_Grande,2026-10-05T05:05:14.242906+00:00
Ariana Grande,Ariana Grande,20260909,8432,Ariana_Grande,2026-10-05T05:05:14.242906+00:00
Ariana Grande,Ariana Grande,20260910,8326,Ariana_Grande,2026-10-05T05:05:14.242906+00:00
Ariana Grande,Ariana Grande,20260911,8648,Ariana_Grande,2026-10-05T05:05:14.242906+00:00
Ariana Grande,Ariana Grande,20260912,9994,Ariana_Grande,2026-10-05T05:05:14.242906+00:00
Ariana Grande,Ariana Grande,20260913,10108,Ariana_Grande,2026-10-05T05:05:14.242906+00:00
Ariana Grande,Ariana Grande,20260914,13134,Ariana_Grande,2026-10-05T05:05:14.242906+00:00
Ariana Grande,Ariana Grande,20260915,9405,Ariana_Grande,2026-10-05T05:05:14.242906+00:00
Ariana Grande,Ariana Grande,20260916,8053,Ariana_Grande,2026-10-05T05:05:14.242906+00:00
Ariana Grande,Ariana Grande,20260917,8307,Ariana_Grande,2026-10-05T05:05:14.242906+00:00
Ariana Grande,Ariana Grande,20260918,9300,Ariana_Grande,2026-10-05T05:05:14.242906+00:00
Ariana Grande,Ariana Grande,20260919,9423,Ariana_Grande,2026-10-05T05:05:14.242906+00:00
Ariana Grande,Ariana Grande,20260920,12282,Ariana_Grande,2026-10-05T05:05:14.242906+00:00
Ariana Grande,Ariana Grande,20260921,9375,Ariana_Grande,2026-10-05T05:05:14.242906+00:00
Ariana Grande,Ariana Grande,20260922,8176,Ariana_Grande,2026-10-05T05:05:14.242906+00:00
Ariana Grande,Ariana Grande,20260923,7796,Ariana_Grande,2026-10-05T05:05:14.242906+00:00
Ariana Grande,Ariana Grande,20260924,8041,Ariana_Grande,2026-10-05T05:05:14.242906+00:00
Ariana Grande,Ariana Grande,20260925,8051,Ariana_Grande,2026-10-05T05:05:14.242906+00:00
Ariana Grande,Ariana Grande,20260926,9025,Ariana_Grande,2026-10-05T05:05:14.242906+00:00
Ariana Grande,Ariana Grande,20260927,9092,Ariana_Grande,2026-10-05T05:05:14.242906+00:00
Ariana Grande,Ariana Grande,20260928,9081,Ariana_Grande,2026-10-05T05:05:14.242906+00:00
Ariana Grande,Ariana Grande,20260929,7773,Ariana_Grande,2026-10-05T05:05:14.242906+00:00
Ariana Grande,Ariana Grande,20260930,7571,Ariana_Grande,2026-10-05T05:05:14.242906+00:00
Ariana Grande,Ariana Grande,20261001,8031,Ariana_Grande,2026-10-05T05:05:14.242906+00:00
Ariana Grande,Ariana Grande,20261002,7405,Ariana_Grande,2026-10-05T05:05:14.242906+00:00
Ariana Grande,Ariana Grande,20261003,8050,Ariana_Grande,2026-10-05T05:05:14.242906+00:00
Ariana Grande,Ariana Grande,20261004,8074,Ariana_Grande,2026-10-05T05:05:14.242906+00:00
Katy Perry,Katy Perry,20260905,7451,Katy_Perry,2026-10-05T05:05:14.242906+00:00
Katy Perry,Katy Perry,20260906,6476,Katy_Perry,2026-10-05T05:05:14.242906+00:00
Katy Perry,Katy Perry,20260907,5791,Katy_Perry,2026-10-05T05:05:14.242906+00:00
Katy Perry,Katy Perry,20260908,5571,Katy_Perry,2026-10-05T05:05:14.242906+00:00
Katy Perry,Katy Perry,20260909,5152,Katy_Perry,2026-10-05T05:05:14.242906+00:00
Katy Perry,Katy Perry,20260910,4509,Katy_Perry,2026-10-05T05:05:14.242906+00:00
Katy Perry,Katy Perry,20260911,5097,Katy_Perry,2026-10-05T05:05:14.242906+00:00
Katy Perry,Katy Perry,20260912,6168,Katy_Perry,2026-10-05T05:05:14.242906+00:00
Katy Perry,Katy Perry,20260913,6720,Katy_Perry,2026-10-05T05:05:14.242906+00:00
Katy Perry,Katy Perry,20260914,5867,Katy_Perry,2026-10-05T05:05:14.242906+00:00
Katy Perry,Katy Perry,20260915,4983,Katy_Perry,2026-10-05T05:05:14.242906+00:00
Katy Perry,Katy Perry,20260916,5333,Katy_Perry,2026-10-05T05:05:14.242906+00:00
Katy Perry,Katy Perry,20260917,4823,Katy_Perry,2026-10-05T05:05:14.242906+00:00
Katy Perry,Katy Perry,20260918,5327,Katy_Perry,2026-10-05T05:05:14.242906+00:00
Katy Perry,Katy Perry,20260919,7662,Katy_Perry,2026-10-05T05:05:14.242906+00:00
Katy Perry,Katy Perry,20260920,8464,Katy_Perry,2026-10-05T05:05:14.242906+00:00
Katy Perry,Katy Perry,20260921,8406,Katy_Perry,2026-10-05T05:05:14.242906+00:00
Katy Perry,Katy Perry,20260922,7960,Katy_Perry,2026-10-05T05:05:14.242906+00:00
Katy Perry,Katy Perry,20260923,5353,Katy_Perry,2026-10-05T05:05:14.242906+00:00
Katy Perry,Katy Perry,20260924,6984,Katy_Perry,2026-10-05T05:05:14.242906+00:00
Katy Perry,Katy Perry,20260925,6129,Katy_Perry,2026-10-05T05:05:14.242906+00:00
Katy Perry,Katy Perry,20260926,6274,Katy_Perry,2026-10-05T05:05:14.242906+00:00
Katy Perry,Katy Perry,20260927,5698,Katy_Perry,2026-10-05T05:05:14.242906+00:00
Katy Perry,Katy Perry,20260928,5330,Katy_Perry,2026-10-05T05:05:14.242906+00:00
Katy Perry,Katy Perry,20260929,4835,Katy_Perry,2026-10-05T05:05:14.242906+00:00
Katy Perry,Katy Perry,20260930,4277,Katy_Perry,2026-10-05T05:05:14.242906+00:00
Katy Perry,Katy Perry,20261001,4418,Katy_Perry,2026-10-05T05:05:14.242906+00:00
Katy Perry,Katy Perry,20261002,4736,Katy_Perry,2026-10-05T05:05:14.242906+00:00
Katy Perry,Katy Perry,20261003,4713,Katy_Perry,2026-10-05T05:05:14.242906+00:00
Katy Perry,Katy Perry,20261004,4746,Katy_Perry,2026-10-05T05:05:14.242906+00:00
Dua Lipa,Dua Lipa,20260905,12719,Dua_Lipa,2026-10-05T05:05:14.242906+00:00
Dua Lipa,Dua Lipa,20260906,12153,Dua_Lipa,2026-10-05T05:05:14.242906+00:00
Dua Lipa,Dua Lipa,20260907,9775,Dua_Lipa,2026-10-05T05:05:14.242906+00:00
Dua Lipa,Dua Lipa,20260908,9982,Dua_Lipa,2026-10-05T05:05:14.242906+00:00
Dua Lipa,Dua Lipa,20260909,10870,Dua_Lipa,2026-10-05T05:05:14.242906+00:00
Dua Lipa,Dua Lipa,20260910,11493,Dua_Lipa,2026-10-05T05:05:14.242906+00:00
Dua Lipa,Dua Lipa,20260911,12346,Dua_Lipa,2026-10-05T05:05:14.242906+00:00
Dua Lipa,Dua Lipa,20260912,13222,Dua_Lipa,2026-10-05T05:05:14.242906+00:00
Dua Lipa,Dua Lipa,20260913,13020,Dua_Lipa,2026-10-05T05:05:14.242906+00:00
Dua Lipa,Dua Lipa,20260914,11010,Dua_Lipa,2026-10-05T05:05:14.242906+00:00
Dua Lipa,Dua Lipa,20260915,10249,Dua_Lipa,2026-10-05T05:05:14.242906+00:00
Dua Lipa,Dua Lipa,20260916,10047,Dua_Lipa,2026-10-05T05:05:14.242906+00:00
Dua Lipa,Dua Lipa,20260917,9894,Dua_Lipa,2026-10-05T05:05:14.242906+00:00
Dua Lipa,Dua Lipa,20260918,12881,Dua_Lipa,2026-10-05T05:05:14.242906+00:00
Dua Lipa,Dua Lipa,20260919,11699,Dua_Lipa,2026-10-05T05:05:14.242906+00:00
Dua Lipa,Dua Lipa,20260920,10843,Dua_Lipa,2026-10-05T05:05:14.242906+00:00
Dua Lipa,Dua Lipa,20260921,9983,Dua_Lipa,2026-10-05T05:05:14.242906+00:00
Dua Lipa,Dua Lipa,20260922,9315,Dua_Lipa,2026-10-05T05:05:14.242906+00:00
Dua Lipa,Dua Lipa,20260923,9774,Dua_Lipa,2026-10-05T05:05:14.242906+00:00
Dua Lipa,Dua Lipa,20260924,9395,Dua_Lipa,2026-10-05T05:05:14.242906+00:00
Dua Lipa,Dua Lipa,20260925,11076,Dua_Lipa,2026-10-05T05:05:14.242906+00:00
Dua Lipa,Dua Lipa,20260926,10739,Dua_Lipa,2026-10-05T05:05:14.242906+00:00
Dua Lipa,Dua Lipa,20260927,15481,Dua_Lipa,2026-10-05T05:05:14.242906+00:00
Dua Lipa,Dua Lipa,20260928,15581,Dua_Lipa,2026-10-05T05:05:14.242906+00:00
Dua Lipa,Dua Lipa,20260929,11140,Dua_Lipa,2026-10-05T05:05:14.242906+00:00
Dua Lipa,Dua Lipa,20260930,10236,Dua_Lipa,2026-10-05T05:05:14.242906+00:00
Dua Lipa,Dua Lipa,20261001,10551,Dua_Lipa,2026-10-05T05:05:14.242906+00:00
Dua Lipa,Dua Lipa,20261002,11618,Dua_Lipa,2026-10-05T05:05:14.242906+00:00
Dua Lipa,Dua Lipa,20261003,14150,Dua_Lipa,2026-10-05T05:05:14.242906+00:00
Dua Lipa,Dua Lipa,20261004,23454,Dua_Lipa,2026-10-05T05:05:14.242906+00:00
Sabrina Carpenter,Sabrina Carpenter,20260905,6042,Sabrina_Carpenter,2026-10-05T05:05:14.242906+00:00
Sabrina Carpenter,Sabrina Carpenter,20260906,17542,Sabrina_Carpenter,2026-10-05T05:05:14.242906+00:00
Sabrina Carpenter,Sabrina Carpenter,20260907,8359,Sabrina_Carpenter,2026-10-05T05:05:14.242906+00:00
Sabrina Carpenter,Sabrina Carpenter,20260908,7002,Sabrina_Carpenter,2026-10-05T05:05:14.242906+00:00
Sabrina Carpenter,Sabrina Carpenter,20260909,6191,Sabrina_Carpenter,2026-10-05T05:05:14.242906+00:00
Sabrina Carpenter,Sabrina Carpenter,20260910,5884,Sabrina_Carpenter,2026-10-05T05:05:14.242906+00:00
Sabrina Carpenter,Sabrina Carpenter,20260911,6478,Sabrina_Carpenter,2026-10-05T05:05:14.242906+00:00
Sabrina Carpenter,Sabrina Carpenter,20260912,6703,Sabrina_Carpenter,2026-10-05T05:05:14.242906+00:00
Sabrina Carpenter,Sabrina Carpenter,20260913,7166,Sabrina_Carpenter,2026-10-05T05:05:14.242906+00:00
Sabrina Carpenter,Sabrina Carpenter,20260914,7954,Sabrina_Carpenter,2026-10-05T05:05:14.242906+00:00
Sabrina Carpenter,Sabrina Carpenter,20260915,7929,Sabrina_Carpenter,2026-10-05T05:05:14.242906+00:00
Sabrina Carpenter,Sabrina Carpenter,20260916,7174,Sabrina_Carpenter,2026-10-05T05:05:14.242906+00:00
Sabrina Carpenter,Sabrina Carpenter,20260917,6582,Sabrina_Carpenter,2026-10-05T05:05:14.242906+00:00
Sabrina Carpenter,Sabrina Carpenter,20260918,5924,Sabrina_Carpenter,2026-10-05T05:05:14.242906+00:00
Sabrina Carpenter,Sabrina Carpenter,20260919,6413,Sabrina_Carpenter,2026-10-05T05:05:14.242906+00:00
Sabrina Carpenter,Sabrina Carpenter,20260920,7689,Sabrina_Carpenter,2026-10-05T05:05:14.242906+00:00
Sabrina Carpenter,Sabrina Carpenter,20260921,6481,Sabrina_Carpenter,2026-10-05T05:05:14.242906+00:00
Sabrina Carpenter,Sabrina Carpenter,20260922,6045,Sabrina_Carpenter,2026-10-05T05:05:14.242906+00:00
Sabrina Carpenter,Sabrina Carpenter,20260923,5880,Sabrina_Carpenter,2026-10-05T05:05:14.242906+00:00
Sabrina Carpenter,Sabrina Carpenter,20260924,5836,Sabrina_Carpenter,2026-10-05T05:05:14.242906+00:00
Sabrina Carpenter,Sabrina Carpenter,20260925,6690,Sabrina_Carpenter,2026-10-05T05:05:14.242906+00:00
Sabrina Carpenter,Sabrina Carpenter,20260926,9443,Sabrina_Carpenter,2026-10-05T05:05:14.242906+00:00
Sabrina Carpenter,Sabrina Carpenter,20260927,11155,Sabrina_Carpenter,2026-10-05T05:05:14.242906+00:00
Sabrina Carpenter,Sabrina Carpenter,20260928,18595,Sabrina_Carpenter,2026-10-05T05:05:14.242906+00:00
Sabrina Carpenter,Sabrina Carpenter,20260929,8611,Sabrina_Carpenter,2026-10-05T05:05:14.242906+00:00
Sabrina Carpenter,Sabrina Carpenter,20260930,7083,Sabrina_Carpenter,2026-10-05T05:05:14.242906+00:00
Sabrina Carpenter,Sabrina Carpenter,20261001,6251,Sabrina_Carpenter,2026-10-05T05:05:14.242906+00:00
Sabrina Carpenter,Sabrina Carpenter,20261002,6378,Sabrina_Carpenter,2026-10-05T05:05:14.242906+00:00
Sabrina Carpenter,Sabrina Carpenter,20261003,6595,Sabrina_Carpenter,2026-10-05T05:05:14.242906+00:00
Sabrina Carpenter,Sabrina Carpenter,20261004,6707,Sabrina_Carpenter,2026-10-05T05:05:14.242906+00:00
Olivia Rodrigo,Olivia Rodrigo,20260905,10605,Olivia_Rodrigo,2026-10-05T05:05:14.242906+00:00
Olivia Rodrigo,Olivia Rodrigo,20260906,10167,Olivia_Rodrigo,2026-10-05T05:05:14.242906+00:00
Olivia Rodrigo,Olivia Rodrigo,20260907,9727,Olivia_Rodrigo,2026-10-05T05:05:14.242906+00:00
Olivia Rodrigo,Olivia Rodrigo,20260908,48508,Olivia_Rodrigo,2026-10-05T05:05:14.242906+00:00
Olivia Rodrigo,Olivia Rodrigo,20260909,20693,Olivia_Rodrigo,2026-10-05T05:05:14.242906+00:00
Olivia Rodrigo,Olivia Rodrigo,20260910,12542,Olivia_Rodrigo,2026-10-05T05:05:14.242906+00:00
Olivia Rodrigo,Olivia Rodrigo,20260911,10346,Olivia_Rodrigo,2026-10-05T05:05:14.242906+00:00
Olivia Rodrigo,Olivia Rodrigo,20260912,9885,Olivia_Rodrigo,2026-10-05T05:05:14.242906+00:00
Olivia Rodrigo,Olivia Rodrigo,20260913,9426,Olivia_Rodrigo,2026-10-05T05:05:14.242906+00:00
Olivia Rodrigo,Olivia Rodrigo,20260914,9292,Olivia_Rodrigo,2026-10-05T05:05:14.242906+00:00
Olivia Rodrigo,Olivia Rodrigo,20260915,8452,Olivia_Rodrigo,2026-10-05T05:05:14.242906+00:00
Olivia Rodrigo,Olivia Rodrigo,20260916,8350,Olivia_Rodrigo,2026-10-05T05:05:14.242906+00:00
Olivia Rodrigo,Olivia Rodrigo,20260917,7973,Olivia_Rodrigo,2026-10-05T05:05:14.242906+00:00
Olivia Rodrigo,Olivia Rodrigo,20260918,8446,Olivia_Rodrigo,2026-10-05T05:05:14.242906+00:00
Olivia Rodrigo,Olivia Rodrigo,20260919,8933,Olivia_Rodrigo,2026-10-05T05:05:14.242906+00:00
Olivia Rodrigo,Olivia Rodrigo,20260920,8291,Olivia_Rodrigo,2026-10-05T05:05:14.242906+00:00
Olivia Rodrigo,Olivia Rodrigo,20260921,7753,Olivia_Rodrigo,2026-10-05T05:05:14.242906+00:00
Olivia Rodrigo,Olivia Rodrigo,20260922,8391,Olivia_Rodrigo,2026-10-05T05:05:14.242906+00:00
Olivia Rodrigo,Olivia Rodrigo,20260923,8148,Olivia_Rodrigo,2026-10-05T05:05:14.242906+00:00
Olivia Rodrigo,Olivia Rodrigo,20260924,8783,Olivia_Rodrigo,2026-10-05T05:05:14.242906+00:00
Olivia Rodrigo,Olivia Rodrigo,20260925,11107,Olivia_Rodrigo,2026-10-05T05:05:14.242906+00:00
Olivia Rodrigo,Olivia Rodrigo,20260926,18991,Olivia_Rodrigo,2026-10-05T05:05:14.242906+00:00
Olivia Rodrigo,Olivia Rodrigo,20260927,17939,Olivia_Rodrigo,2026-10-05T05:05:14.242906+00:00
Olivia Rodrigo,Olivia Rodrigo,20260928,16391,Olivia_Rodrigo,2026-10-05T05:05:14.242906+00:00
Olivia Rodrigo,Olivia Rodrigo,20260929,13226,Olivia_Rodrigo,2026-10-05T05:05:14.242906+00:00
Olivia Rodrigo,Olivia Rodrigo,20260930,12199,Olivia_Rodrigo,2026-10-05T05:05:14.242906+00:00
Olivia Rodrigo,Olivia Rodrigo,20261001,11993,Olivia_Rodrigo,2026-10-05T05:05:14.242906+00:00
Olivia Rodrigo,Olivia Rodrigo,20261002,11019,Olivia_Rodrigo,2026-10-05T05:05:14.242906+00:00
Olivia Rodrigo,Olivia Rodrigo,20261003,12605,Olivia_Rodrigo,2026-10-05T05:05:14.242906+00:00
Olivia Rodrigo,Olivia Rodrigo,20261004,12650,Olivia_Rodrigo,2026-10-05T05:05:14.242906+00:00
The Beatles,The Beatles,20260905,9544,The_Beatles,2026-10-05T05:05:14.242906+00:00
The Beatles,The Beatles,20260906,9341,The_Beatles,2026-10-05T05:05:14.242906+00:00
The Beatles,The Beatles,20260907,9389,The_Beatles,2026-10-05T05:05:14.242906+00:00
The Beatles,The Beatles,20260908,9025,The_Beatles,2026-10-05T05:05:14.242906+00:00
The Beatles,The Beatles,20260909,9014,The_Beatles,2026-10-05T05:05:14.242906+00:00
The Beatles,The Beatles,20260910,9214,The_Beatles,2026-10-05T05:05:14.242906+00:00
The Beatles,The Beatles,20260911,10313,The_Beatles,2026-10-05T05:05:14.242906+00:00
The Beatles,The Beatles,20260912,8990,The_Beatles,2026-10-05T05:05:14.242906+00:00
The Beatles,The Beatles,20260913,9213,The_Beatles,2026-10-05T05:05:14.242906+00:00
The Beatles,The Beatles,20260914,9014,The_Beatles,2026-10-05T05:05:14.242906+00:00
The Beatles,The Beatles,20260915,9066,The_Beatles,2026-10-05T05:05:14.242906+00:00
The Beatles,The Beatles,20260916,9083,The_Beatles,2026-10-05T05:05:14.242906+00:00
The Beatles,The Beatles,20260917,9395,The_Beatles,2026-10-05T05:05:14.242906+00:00
The Beatles,The Beatles,20260918,8948,The_Beatles,2026-10-05T05:05:14.242906+00:00
The Beatles,The Beatles,20260919,9308,The_Beatles,2026-10-05T05:05:14.242906+00:00
The Beatles,The Beatles,20260920,10058,The_Beatles,2026-10-05T05:05:14.242906+00:00
The Beatles,The Beatles,20260921,9292,The_Beatles,2026-10-05T05:05:14.242906+00:00
The Beatles,The Beatles,20260922,8946,The_Beatles,2026-10-05T05:05:14.242906+00:00
The Beatles,The Beatles,20260923,8793,The_Beatles,2026-10-05T05:05:14.242906+00:00
The Beatles,The Beatles,20260924,9217,The_Beatles,2026-10-05T05:05:14.242906+00:00
The Beatles,The Beatles,20260925,9328,The_Beatles,2026-10-05T05:05:14.242906+00:00
The Beatles,The Beatles,20260926,9627,The_Beatles,2026-10-05T05:05:14.242906+00:00
The Beatles,The Beatles,20260927,9575,The_Beatles,2026-10-05T05:05:14.242906+00:00
The Beatles,The Beatles,20260928,9217,The_Beatles,2026-10-05T05:05:14.242906+00:00
The Beatles,The Beatles,20260929,19093,The_Beatles,2026-10-05T05:05:14.242906+00:00
The Beatles,The Beatles,20260930,9590,The_Beatles,2026-10-05T05:05:14.242906+00:00
The Beatles,The Beatles,20261001,10110,The_Beatles,2026-10-05T05:05:14.242906+00:00
The Beatles,The Beatles,20261002,10622,The_Beatles,2026-10-05T05:05:14.242906+00:00
The Beatles,The Beatles,20261003,11321,The_Beatles,2026-10-05T05:05:14.242906+00:00
The Beatles,The Beatles,20261004,10429,The_Beatles,2026-10-05T05:05:14.242906+00:00
Elvis Presley,Elvis Presley,20260905,14229,Elvis_Presley,2026-10-05T05:05:14.242906+00:00
Elvis Presley,Elvis Presley,20260906,12217,Elvis_Presley,2026-10-05T05:05:14.242906+00:00
Elvis Presley,Elvis Presley,20260907,10785,Elvis_Presley,2026-10-05T05:05:14.242906+00:00
Elvis Presley,Elvis Presley,20260908,10304,Elvis_Presley,2026-10-05T05:05:14.242906+00:00
Elvis Presley,Elvis Presley,20260909,10482,Elvis_Presley,2026-10-05T05:05:14.242906+00:00
Elvis Presley,Elvis Presley,20260910,10461,Elvis_Presley,2026-10-05T05:05:14.242906+00:00
Elvis Presley,Elvis Presley,20260911,10501,Elvis_Presley,2026-10-05T05:05:14.242906+00:00
Elvis Presley,Elvis Presley,20260912,10451,Elvis_Presley,2026-10-05T05:05:14.242906+00:00
Elvis Presley,Elvis Presley,20260913,10882,Elvis_Presley,2026-10-05T05:05:14.242906+00:00
Elvis Presley,Elvis Presley,20260914,9744,Elvis_Presley,2026-10-05T05:05:14.242906+00:00
Elvis Presley,Elvis Presley,20260915,11365,Elvis_Presley,2026-10-05T05:05:14.242906+00:00
Elvis Presley,Elvis Presley,20260916,9020,Elvis_Presley,2026-10-05T05:05:14.242906+00:00
Elvis Presley,Elvis Presley,20260917,9716,Elvis_Presley,2026-10-05T05:05:14.242906+00:00
Elvis Presley,Elvis Presley,20260918,9471,Elvis_Presley,2026-10-05T05:05:14.242906+00:00
Elvis Presley,Elvis Presley,20260919,10643,Elvis_Presley,2026-10-05T05:05:14.242906+00:00
Elvis Presley,Elvis Presley,20260920,10778,Elvis_Presley,2026-10-05T05:05:14.242906+00:00
Elvis Presley,Elvis Presley,20260921,10364,Elvis_Presley,2026-10-05T05:05:14.242906+00:00
Elvis Presley,Elvis Presley,20260922,10016,Elvis_Presley,2026-10-05T05:05:14.242906+00:00
Elvis Presley,Elvis Presley,20260923,10889,Elvis_Presley,2026-10-05T05:05:14.242906+00:00
Elvis Presley,Elvis Presley,20260924,9606,Elvis_Presley,2026-10-05T05:05:14.242906+00:00
Elvis Presley,Elvis Presley,20260925,9313,Elvis_Presley,2026-10-05T05:05:14.242906+00:00
Elvis Presley,Elvis Presley,20260926,10577,Elvis_Presley,2026-10-05T05:05:14.242906+00:00
Elvis Presley,Elvis Presley,20260927,11868,Elvis_Presley,2026-10-05T05:05:14.242906+00:00
Elvis Presley,Elvis Presley,20260928,9929,Elvis_Presley,2026-10-05T05:05:14.242906+00:00
Elvis Presley,Elvis Presley,20260929,9278,Elvis_Presley,2026-10-05T05:05:14.242906+00:00
Elvis Presley,Elvis Presley,20260930,10183,Elvis_Presley,2026-10-05T05:05:14.242906+00:00
Elvis Presley,Elvis Presley,20261001,8959,Elvis_Presley,2026-10-05T05:05:14.242906+00:00
Elvis Presley,Elvis Presley,20261002,9118,Elvis_Presley,2026-10-05T05:05:14.242906+00:00
Elvis Presley,Elvis Presley,20261003,13313,Elvis_Presley,2026-10-05T05:05:14.242906+00:00
Elvis Presley,Elvis Presley,20261004,11884,Elvis_Presley,2026-10-05T05:05:14.242906+00:00
Whitney Houston,Whitney Houston,20260905,8930,Whitney_Houston,2026-10-05T05:05:14.242906+00:00
Whitney Houston,Whitney Houston,20260906,9778,Whitney_Houston,2026-10-05T05:05:14.242906+00:00
Whitney Houston,Whitney Houston,20260907,8841,Whitney_Houston,2026-10-05T05:05:14.242906+00:00
Whitney Houston,Whitney Houston,20260908,7124,Whitney_Houston,2026-10-05T05:05:14.242906+00:00
Whitney Houston,Whitney Houston,20260909,6562,Whitney_Houston,2026-10-05T05:05:14.242906+00:00
Whitney Houston,Whitney Houston,20260910,6606,Whitney_Houston,2026-10-05T05:05:14.242906+00:00
Whitney Houston,Whitney Houston,20260911,6636,Whitney_Houston,2026-10-05T05:05:14.242906+00:00
Whitney Houston,Whitney Houston,20260912,9880,Whitney_Houston,2026-10-05T05:05:14.242906+00:00
Whitney Houston,Whitney Houston,20260913,8462,Whitney_Houston,2026-10-05T05:05:14.242906+00:00
Whitney Houston,Whitney Houston,20260914,6620,Whitney_Houston,2026-10-05T05:05:14.242906+00:00
Whitney Houston,Whitney Houston,20260915,5818,Whitney_Houston,2026-10-05T05:05:14.242906+00:00
Whitney Houston,Whitney Houston,20260916,5886,Whitney_Houston,2026-10-05T05:05:14.242906+00:00
Whitney Houston,Whitney Houston,20260917,6430,Whitney_Houston,2026-10-05T05:05:14.242906+00:00
Whitney Houston,Whitney Houston,20260918,6470,Whitney_Houston,2026-10-05T05:05:14.242906+00:00
Whitney Houston,Whitney Houston,20260919,7864,Whitney_Houston,2026-10-05T05:05:14.242906+00:00
Whitney Houston,Whitney Houston,20260920,8802,Whitney_Houston,2026-10-05T05:05:14.242906+00:00
Whitney Houston,Whitney Houston,20260921,5814,Whitney_Houston,2026-10-05T05:05:14.242906+00:00
Whitney Houston,Whitney Houston,20260922,5560,Whitney_Houston,2026-10-05T05:05:14.242906+00:00
Whitney Houston,Whitney Houston,20260923,5343,Whitney_Houston,2026-10-05T05:05:14.242906+00:00
Whitney Houston,Whitney Houston,20260924,5214,Whitney_Houston,2026-10-05T05:05:14.242906+00:00
Whitney Houston,Whitney Houston,20260925,5994,Whitney_Houston,2026-10-05T05:05:14.242906+00:00
Whitney Houston,Whitney Houston,20260926,6555,Whitney_Houston,2026-10-05T05:05:14.242906+00:00
Whitney Houston,Whitney Houston,20260927,7273,Whitney_Houston,2026-10-05T05:05:14.242906+00:00
Whitney Houston,Whitney Houston,20260928,6738,Whitney_Houston,2026-10-05T05:05:14.242906+00:00
Whitney Houston,Whitney Houston,20260929,4966,Whitney_Houston,2026-10-05T05:05:14.242906+00:00
Whitney Houston,Whitney Houston,20260930,5436,Whitney_Houston,2026-10-05T05:05:14.242906+00:00
Whitney Houston,Whitney Houston,20261001,5749,Whitney_Houston,2026-10-05T05:05:14.242906+00:00
Whitney Houston,Whitney Houston,20261002,6064,Whitney_Houston,2026-10-05T05:05:14.242906+00:00
Whitney Houston,Whitney Houston,20261003,13120,Whitney_Houston,2026-10-05T05:05:14.242906+00:00
Whitney Houston,Whitney Houston,20261004,29299,Whitney_Houston,2026-10-05T05:05:14.242906+00:00
Prince,Prince,20260905,406,Prince,2026-10-05T05:05:14.242906+00:00
Prince,Prince,20260906,391,Prince,2026-10-05T05:05:14.242906+00:00
Prince,Prince,20260907,390,Prince,2026-10-05T05:05:14.242906+00:00
Prince,Prince,20260908,420,Prince,2026-10-05T05:05:14.242906+00:00
Prince,Prince,20260909,385,Prince,2026-10-05T05:05:14.242906+00:00
Prince,Prince,20260910,401,Prince,2026-10-05T05:05:14.242906+00:00
Prince,Prince,20260911,371,Prince,2026-10-05T05:05:14.242906+00:00
Prince,Prince,20260912,349,Prince,2026-10-05T05:05:14.242906+00:00
Prince,Prince,20260913,359,Prince,2026-10-05T05:05:14.242906+00:00
Prince,Prince,20260914,336,Prince,2026-10-05T05:05:14.242906+00:00
Prince,Prince,20260915,342,Prince,2026-10-05T05:05:14.242906+00:00
Prince,Prince,20260916,329,Prince,2026-10-05T05:05:14.242906+00:00
Prince,Prince,20260917,372,Prince,2026-10-05T05:05:14.242906+00:00
Prince,Prince,20260918,335,Prince,2026-10-05T05:05:14.242906+00:00
Prince,Prince,20260919,381,Prince,2026-10-05T05:05:14.242906+00:00
Prince,Prince,20260920,304,Prince,2026-10-05T05:05:14.242906+00:00
Prince,Prince,20260921,331,Prince,2026-10-05T05:05:14.242906+00:00
Prince,Prince,20260922,341,Prince,2026-10-05T05:05:14.242906+00:00
Prince,Prince,20260923,327,Prince,2026-10-05T05:05:14.242906+00:00
Prince,Prince,20260924,324,Prince,2026-10-05T05:05:14.242906+00:00
Prince,Prince,20260925,328,Prince,2026-10-05T05:05:14.242906+00:00
Prince,Prince,20260926,289,Prince,2026-10-05T05:05:14.242906+00:00
Prince,Prince,20260927,326,Prince,2026-10-05T05:05:14.242906+00:00
Prince,Prince,20260928,338,Prince,2026-10-05T05:05:14.242906+00:00
Prince,Prince,20260929,325,Prince,2026-10-05T05:05:14.242906+00:00
Prince,Prince,20260930,312,Prince,2026-10-05T05:05:14.242906+00:00
Prince,Prince,20261001,252,Prince,2026-10-05T05:05:14.242906+00:00
Prince,Prince,20261002,335,Prince,2026-10-05T05:05:14.242906+00:00
Prince,Prince,20261003,330,Prince,2026-10-05T05:05:14.242906+00:00
Prince,Prince,20261004,287,Prince,2026-10-05T05:05:14.242906+00:00
David Bowie,David Bowie,20260905,9526,David_Bowie,2026-10-05T05:05:14.242906+00:00
David Bowie,David Bowie,20260906,12162,David_Bowie,2026-10-05T05:05:14.242906+00:00
David Bowie,David Bowie,20260907,9200,David_Bowie,2026-10-05T05:05:14.242906+00:00
David Bowie,David Bowie,20260908,8625,David_Bowie,2026-10-05T05:05:14.242906+00:00
David Bowie,David Bowie,20260909,8526,David_Bowie,2026-10-05T05:05:14.242906+00:00
David Bowie,David Bowie,20260910,8257,David_Bowie,2026-10-05T05:05:14.242906+00:00
David Bowie,David Bowie,20260911,8647,David_Bowie,2026-10-05T05:05:14.242906+00:00
David Bowie,David Bowie,20260912,10877,David_Bowie,2026-10-05T05:05:14.242906+00:00
David Bowie,David Bowie,20260913,9840,David_Bowie,2026-10-05T05:05:14.242906+00:00
David Bowie,David Bowie,20260914,9111,David_Bowie,2026-10-05T05:05:14.242906+00:00
David Bowie,David Bowie,20260915,7451,David_Bowie,2026-10-05T05:05:14.242906+00:00
David Bowie,David Bowie,20260916,8389,David_Bowie,2026-10-05T05:05:14.242906+00:00
David Bowie,David Bowie,20260917,8566,David_Bowie,2026-10-05T05:05:14.242906+00:00
David Bowie,David Bowie,20260918,10586,David_Bowie,2026-10-05T05:05:14.242906+00:00
David Bowie,David Bowie,20260919,11028,David_Bowie,2026-10-05T05:05:14.242906+00:00
David Bowie,David Bowie,20260920,10815,David_Bowie,2026-10-05T05:05:14.242906+00:00
David Bowie,David Bowie,20260921,9316,David_Bowie,2026-10-05T05:05:14.242906+00:00
David Bowie,David Bowie,20260922,8890,David_Bowie,2026-10-05T05:05:14.242906+00:00
David Bowie,David Bowie,20260923,8530,David_Bowie,2026-10-05T05:05:14.242906+00:00
David Bowie,David Bowie,20260924,8089,David_Bowie,2026-10-05T05:05:14.242906+00:00
David Bowie,David Bowie,20260925,9040,David_Bowie,2026-10-05T05:05:14.242906+00:00
David Bowie,David Bowie,20260926,9106,David_Bowie,2026-10-05T05:05:14.242906+00:00
David Bowie,David Bowie,20260927,9134,David_Bowie,2026-10-05T05:05:14.242906+00:00
David Bowie,David Bowie,20260928,8127,David_Bowie,2026-10-05T05:05:14.242906+00:00
David Bowie,David Bowie,20260929,8113,David_Bowie,2026-10-05T05:05:14.242906+00:00
David Bowie,David Bowie,20260930,9006,David_Bowie,2026-10-05T05:05:14.242906+00:00
David Bowie,David Bowie,20261001,8349,David_Bowie,2026-10-05T05:05:14.242906+00:00
David Bowie,David Bowie,20261002,8554,David_Bowie,2026-10-05T05:05:14.242906+00:00
David Bowie,David Bowie,20261003,9610,David_Bowie,2026-10-05T05:05:14.242906+00:00
David Bowie,David Bowie,20261004,8758,David_Bowie,2026-10-05T05:05:14.242906+00:00
Bob Dylan,Bob Dylan,20260905,7704,Bob_Dylan,2026-10-05T05:05:14.242906+00:00
Bob Dylan,Bob Dylan,20260906,7799,Bob_Dylan,2026-10-05T05:05:14.242906+00:00
Bob Dylan,Bob Dylan,20260907,7399,Bob_Dylan,2026-10-05T05:05:14.242906+00:00
Bob Dylan,Bob Dylan,20260908,6567,Bob_Dylan,2026-10-05T05:05:14.242906+00:00
Bob Dylan,Bob Dylan,20260909,6604,Bob_Dylan,2026-10-05T05:05:14.242906+00:00
Bob Dylan,Bob Dylan,20260910,6543,Bob_Dylan,2026-10-05T05:05:14.242906+00:00
Bob Dylan,Bob Dylan,20260911,6852,Bob_Dylan,2026-10-05T05:05:14.242906+00:00
Bob Dylan,Bob Dylan,20260912,7574,Bob_Dylan,2026-10-05T05:05:14.242906+00:00
Bob Dylan,Bob Dylan,20260913,7368,Bob_Dylan,2026-10-05T05:05:14.242906+00:00
Bob Dylan,Bob Dylan,20260914,6757,Bob_Dylan,2026-10-05T05:05:14.242906+00:00
Bob Dylan,Bob Dylan,20260915,7061,Bob_Dylan,2026-10-05T05:05:14.242906+00:00
Bob Dylan,Bob Dylan,20260916,7245,Bob_Dylan,2026-10-05T05:05:14.242906+00:00
Bob Dylan,Bob Dylan,20260917,6818,Bob_Dylan,2026-10-05T05:05:14.242906+00:00
Bob Dylan,Bob Dylan,20260918,7113,Bob_Dylan,2026-10-05T05:05:14.242906+00:00
Bob Dylan,Bob Dylan,20260919,7603,Bob_Dylan,2026-10-05T05:05:14.242906+00:00
Bob Dylan,Bob Dylan,20260920,7540,Bob_Dylan,2026-10-05T05:05:14.242906+00:00
Bob Dylan,Bob Dylan,20260921,6696,Bob_Dylan,2026-10-05T05:05:14.242906+00:00
Bob Dylan,Bob Dylan,20260922,6843,Bob_Dylan,2026-10-05T05:05:14.242906+00:00
Bob Dylan,Bob Dylan,20260923,6642,Bob_Dylan,2026-10-05T05:05:14.242906+00:00
Bob Dylan,Bob Dylan,20260924,6319,Bob_Dylan,2026-10-05T05:05:14.242906+00:00
Bob Dylan,Bob Dylan,20260925,7020,Bob_Dylan,2026-10-05T05:05:14.242906+00:00
Bob Dylan,Bob Dylan,20260926,7860,Bob_Dylan,2026-10-05T05:05:14.242906+00:00
Bob Dylan,Bob Dylan,20260927,7905,Bob_Dylan,2026-10-05T05:05:14.242906+00:00
Bob Dylan,Bob Dylan,20260928,6923,Bob_Dylan,2026-10-05T05:05:14.242906+00:00
Bob Dylan,Bob Dylan,20260929,6985,Bob_Dylan,2026-10-05T05:05:14.242906+00:00
Bob Dylan,Bob Dylan,20260930,6697,Bob_Dylan,2026-10-05T05:05:14.242906+00:00
Bob Dylan,Bob Dylan,20261001,7099,Bob_Dylan,2026-10-05T05:05:14.242906+00:00
Bob Dylan,Bob Dylan,20261002,7063,Bob_Dylan,2026-10-05T05:05:14.242906+00:00
Bob Dylan,Bob Dylan,20261003,7651,Bob_Dylan,2026-10-05T05:05:14.242906+00:00
Bob Dylan,Bob Dylan,20261004,7944,Bob_Dylan,2026-10-05T05:05:14.242906+00:00
Stevie Wonder,Stevie Wonder,20260905,5333,Stevie_Wonder,2026-10-05T05:05:14.242906+00:00
Stevie Wonder,Stevie Wonder,20260906,5929,Stevie_Wonder,2026-10-05T05:05:14.242906+00:00
Stevie Wonder,Stevie Wonder,20260907,5262,Stevie_Wonder,2026-10-05T05:05:14.242906+00:00
Stevie Wonder,Stevie Wonder,20260908,13537,Stevie_Wonder,2026-10-05T05:05:14.242906+00:00
Stevie Wonder,Stevie Wonder,20260909,12396,Stevie_Wonder,2026-10-05T05:05:14.242906+00:00
Stevie Wonder,Stevie Wonder,20260910,10603,Stevie_Wonder,2026-10-05T05:05:14.242906+00:00
Stevie Wonder,Stevie Wonder,20260911,9373,Stevie_Wonder,2026-10-05T05:05:14.242906+00:00
Stevie Wonder,Stevie Wonder,20260912,7459,Stevie_Wonder,2026-10-05T05:05:14.242906+00:00
Stevie Wonder,Stevie Wonder,20260913,6841,Stevie_Wonder,2026-10-05T05:05:14.242906+00:00
Stevie Wonder,Stevie Wonder,20260914,5697,Stevie_Wonder,2026-10-05T05:05:14.242906+00:00
Stevie Wonder,Stevie Wonder,20260915,5567,Stevie_Wonder,2026-10-05T05:05:14.242906+00:00
Stevie Wonder,Stevie Wonder,20260916,5327,Stevie_Wonder,2026-10-05T05:05:14.242906+00:00
Stevie Wonder,Stevie Wonder,20260917,5352,Stevie_Wonder,2026-10-05T05:05:14.242906+00:00
Stevie Wonder,Stevie Wonder,20260918,5460,Stevie_Wonder,2026-10-05T05:05:14.242906+00:00
Stevie Wonder,Stevie Wonder,20260919,5626,Stevie_Wonder,2026-10-05T05:05:14.242906+00:00
Stevie Wonder,Stevie Wonder,20260920,5900,Stevie_Wonder,2026-10-05T05:05:14.242906+00:00
Stevie Wonder,Stevie Wonder,20260921,5058,Stevie_Wonder,2026-10-05T05:05:14.242906+00:00
Stevie Wonder,Stevie Wonder,20260922,10252,Stevie_Wonder,2026-10-05T05:05:14.242906+00:00
Stevie Wonder,Stevie Wonder,20260923,6763,Stevie_Wonder,2026-10-05T05:05:14.242906+00:00
Stevie Wonder,Stevie Wonder,20260924,5331,Stevie_Wonder,2026-10-05T05:05:14.242906+00:00
Stevie Wonder,Stevie Wonder,20260925,5744,Stevie_Wonder,2026-10-05T05:05:14.242906+00:00
Stevie Wonder,Stevie Wonder,20260926,5929,Stevie_Wonder,2026-10-05T05:05:14.242906+00:00
Stevie Wonder,Stevie Wonder,20260927,5690,Stevie_Wonder,2026-10-05T05:05:14.242906+00:00
Stevie Wonder,Stevie Wonder,20260928,8059,Stevie_Wonder,2026-10-05T05:05:14.242906+00:00
Stevie Wonder,Stevie Wonder,20260929,9065,Stevie_Wonder,2026-10-05T05:05:14.242906+00:00
Stevie Wonder,Stevie Wonder,20260930,6864,Stevie_Wonder,2026-10-05T05:05:14.242906+00:00
Stevie Wonder,Stevie Wonder,20261001,5997,Stevie_Wonder,2026-10-05T05:05:14.242906+00:00
Stevie Wonder,Stevie Wonder,20261002,6132,Stevie_Wonder,2026-10-05T05:05:14.242906+00:00
Stevie Wonder,Stevie Wonder,20261003,6427,Stevie_Wonder,2026-10-05T05:05:14.242906+00:00
Stevie Wonder,Stevie Wonder,20261004,6343,Stevie_Wonder,2026-10-05T05:05:14.242906+00:00
Marvin Gaye,Marvin Gaye,20260905,4532,Marvin_Gaye,2026-10-05T05:05:14.242906+00:00
Marvin Gaye,Marvin Gaye,20260906,4093,Marvin_Gaye,2026-10-05T05:05:14.242906+00:00
Marvin Gaye,Marvin Gaye,20260907,4039,Marvin_Gaye,2026-10-05T05:05:14.242906+00:00
Marvin Gaye,Marvin Gaye,20260908,3483,Marvin_Gaye,2026-10-05T05:05:14.242906+00:00
Marvin Gaye,Marvin Gaye,20260909,3252,Marvin_Gaye,2026-10-05T05:05:14.242906+00:00
Marvin Gaye,Marvin Gaye,20260910,2952,Marvin_Gaye,2026-10-05T05:05:14.242906+00:00
Marvin Gaye,Marvin Gaye,20260911,3455,Marvin_Gaye,2026-10-05T05:05:14.242906+00:00
Marvin Gaye,Marvin Gaye,20260912,3954,Marvin_Gaye,2026-10-05T05:05:14.242906+00:00
Marvin Gaye,Marvin Gaye,20260913,3774,Marvin_Gaye,2026-10-05T05:05:14.242906+00:00
Marvin Gaye,Marvin Gaye,20260914,3420,Marvin_Gaye,2026-10-05T05:05:14.242906+00:00
Marvin Gaye,Marvin Gaye,20260915,3040,Marvin_Gaye,2026-10-05T05:05:14.242906+00:00
Marvin Gaye,Marvin Gaye,20260916,3749,Marvin_Gaye,2026-10-05T05:05:14.242906+00:00
Marvin Gaye,Marvin Gaye,20260917,3512,Marvin_Gaye,2026-10-05T05:05:14.242906+00:00
Marvin Gaye,Marvin Gaye,20260918,3622,Marvin_Gaye,2026-10-05T05:05:14.242906+00:00
Marvin Gaye,Marvin Gaye,20260919,4273,Marvin_Gaye,2026-10-05T05:05:14.242906+00:00
Marvin Gaye,Marvin Gaye,20260920,4369,Marvin_Gaye,2026-10-05T05:05:14.242906+00:00
Marvin Gaye,Marvin Gaye,20260921,3795,Marvin_Gaye,2026-10-05T05:05:14.242906+00:00
Marvin Gaye,Marvin Gaye,20260922,3504,Marvin_Gaye,2026-10-05T05:05:14.242906+00:00
Marvin Gaye,Marvin Gaye,20260923,3503,Marvin_Gaye,2026-10-05T05:05:14.242906+00:00
Marvin Gaye,Marvin Gaye,20260924,4065,Marvin_Gaye,2026-10-05T05:05:14.242906+00:00
Marvin Gaye,Marvin Gaye,20260925,3756,Marvin_Gaye,2026-10-05T05:05:14.242906+00:00
Marvin Gaye,Marvin Gaye,20260926,4352,Marvin_Gaye,2026-10-05T05:05:14.242906+00:00
Marvin Gaye,Marvin Gaye,20260927,4151,Marvin_Gaye,2026-10-05T05:05:14.242906+00:00
Marvin Gaye,Marvin Gaye,20260928,3429,Marvin_Gaye,2026-10-05T05:05:14.242906+00:00
Marvin Gaye,Marvin Gaye,20260929,3268,Marvin_Gaye,2026-10-05T05:05:14.242906+00:00
Marvin Gaye,Marvin Gaye,20260930,3131,Marvin_Gaye,2026-10-05T05:05:14.242906+00:00
Marvin Gaye,Marvin Gaye,20261001,3281,Marvin_Gaye,2026-10-05T05:05:14.242906+00:00
Marvin Gaye,Marvin Gaye,20261002,3414,Marvin_Gaye,2026-10-05T05:05:14.242906+00:00
Marvin Gaye,Marvin Gaye,20261003,3391,Marvin_Gaye,2026-10-05T05:05:14.242906+00:00
Marvin Gaye,Marvin Gaye,20261004,3372,Marvin_Gaye,2026-10-05T05:05:14.242906+00:00
Aretha Franklin,Aretha Franklin,20260905,4943,Aretha_Franklin,2026-10-05T05:05:14.242906+00:00
Aretha Franklin,Aretha Franklin,20260906,4943,Aretha_Franklin,2026-10-05T05:05:14.242906+00:00
Aretha Franklin,Aretha Franklin,20260907,4252,Aretha_Franklin,2026-10-05T05:05:14.242906+00:00
Aretha Franklin,Aretha Franklin,20260908,3615,Aretha_Franklin,2026-10-05T05:05:14.242906+00:00
Aretha Franklin,Aretha Franklin,20260909,3220,Aretha_Franklin,2026-10-05T05:05:14.242906+00:00
Aretha Franklin,Aretha Franklin,20260910,3129,Aretha_Franklin,2026-10-05T05:05:14.242906+00:00
Aretha Franklin,Aretha Franklin,20260911,3498,Aretha_Franklin,2026-10-05T05:05:14.242906+00:00
Aretha Franklin,Aretha Franklin,20260912,4567,Aretha_Franklin,2026-10-05T05:05:14.242906+00:00
Aretha Franklin,Aretha Franklin,20260913,4088,Aretha_Franklin,2026-10-05T05:05:14.242906+00:00
Aretha Franklin,Aretha Franklin,20260914,3434,Aretha_Franklin,2026-10-05T05:05:14.242906+00:00
Aretha Franklin,Aretha Franklin,20260915,3201,Aretha_Franklin,2026-10-05T05:05:14.242906+00:00
Aretha Franklin,Aretha Franklin,20260916,4568,Aretha_Franklin,2026-10-05T05:05:14.242906+00:00
Aretha Franklin,Aretha Franklin,20260917,4605,Aretha_Franklin,2026-10-05T05:05:14.242906+00:00
Aretha Franklin,Aretha Franklin,20260918,6046,Aretha_Franklin,2026-10-05T05:05:14.242906+00:00
Aretha Franklin,Aretha Franklin,20260919,6077,Aretha_Franklin,2026-10-05T05:05:14.242906+00:00
Aretha Franklin,Aretha Franklin,20260920,5077,Aretha_Franklin,2026-10-05T05:05:14.242906+00:00
Aretha Franklin,Aretha Franklin,20260921,6150,Aretha_Franklin,2026-10-05T05:05:14.242906+00:00
Aretha Franklin,Aretha Franklin,20260922,5057,Aretha_Franklin,2026-10-05T05:05:14.242906+00:00
Aretha Franklin,Aretha Franklin,20260923,4861,Aretha_Franklin,2026-10-05T05:05:14.242906+00:00
Aretha Franklin,Aretha Franklin,20260924,4082,Aretha_Franklin,2026-10-05T05:05:14.242906+00:00
Aretha Franklin,Aretha Franklin,20260925,3698,Aretha_Franklin,2026-10-05T05:05:14.242906+00:00
Aretha Franklin,Aretha Franklin,20260926,4140,Aretha_Franklin,2026-10-05T05:05:14.242906+00:00
Aretha Franklin,Aretha Franklin,20260927,4036,Aretha_Franklin,2026-10-05T05:05:14.242906+00:00
Aretha Franklin,Aretha Franklin,20260928,3593,Aretha_Franklin,2026-10-05T05:05:14.242906+00:00
Aretha Franklin,Aretha Franklin,20260929,3242,Aretha_Franklin,2026-10-05T05:05:14.242906+00:00
Aretha Franklin,Aretha Franklin,20260930,3178,Aretha_Franklin,2026-10-05T05:05:14.242906+00:00
Aretha Franklin,Aretha Franklin,20261001,3053,Aretha_Franklin,2026-10-05T05:05:14.242906+00:00
Aretha Franklin,Aretha Franklin,20261002,3587,Aretha_Franklin,2026-10-05T05:05:14.242906+00:00
Aretha Franklin,Aretha Franklin,20261003,13185,Aretha_Franklin,2026-10-05T05:05:14.242906+00:00
Aretha Franklin,Aretha Franklin,20261004,5724,Aretha_Franklin,2026-10-05T05:05:14.242906+00:00
Frank Sinatra,Frank Sinatra,20260905,7374,Frank_Sinatra,2026-10-05T05:05:14.242906+00:00
Frank Sinatra,Frank Sinatra,20260906,7728,Frank_Sinatra,2026-10-05T05:05:14.242906+00:00
Frank Sinatra,Frank Sinatra,20260907,7583,Frank_Sinatra,2026-10-05T05:05:14.242906+00:00
Frank Sinatra,Frank Sinatra,20260908,6986,Frank_Sinatra,2026-10-05T05:05:14.242906+00:00
Frank Sinatra,Frank Sinatra,20260909,6681,Frank_Sinatra,2026-10-05T05:05:14.242906+00:00
Frank Sinatra,Frank Sinatra,20260910,6436,Frank_Sinatra,2026-10-05T05:05:14.242906+00:00
Frank Sinatra,Frank Sinatra,20260911,6580,Frank_Sinatra,2026-10-05T05:05:14.242906+00:00
Frank Sinatra,Frank Sinatra,20260912,7528,Frank_Sinatra,2026-10-05T05:05:14.242906+00:00
Frank Sinatra,Frank Sinatra,20260913,7134,Frank_Sinatra,2026-10-05T05:05:14.242906+00:00
Frank Sinatra,Frank Sinatra,20260914,6223,Frank_Sinatra,2026-10-05T05:05:14.242906+00:00
Frank Sinatra,Frank Sinatra,20260915,6140,Frank_Sinatra,2026-10-05T05:05:14.242906+00:00
Frank Sinatra,Frank Sinatra,20260916,6177,Frank_Sinatra,2026-10-05T05:05:14.242906+00:00
Frank Sinatra,Frank Sinatra,20260917,6372,Frank_Sinatra,2026-10-05T05:05:14.242906+00:00
Frank Sinatra,Frank Sinatra,20260918,7122,Frank_Sinatra,2026-10-05T05:05:14.242906+00:00
Frank Sinatra,Frank Sinatra,20260919,7899,Frank_Sinatra,2026-10-05T05:05:14.242906+00:00
Frank Sinatra,Frank Sinatra,20260920,7580,Frank_Sinatra,2026-10-05T05:05:14.242906+00:00
Frank Sinatra,Frank Sinatra,20260921,6962,Frank_Sinatra,2026-10-05T05:05:14.242906+00:00
Frank Sinatra,Frank Sinatra,20260922,6935,Frank_Sinatra,2026-10-05T05:05:14.242906+00:00
Frank Sinatra,Frank Sinatra,20260923,6864,Frank_Sinatra,2026-10-05T05:05:14.242906+00:00
Frank Sinatra,Frank Sinatra,20260924,6861,Frank_Sinatra,2026-10-05T05:05:14.242906+00:00
Frank Sinatra,Frank Sinatra,20260925,6833,Frank_Sinatra,2026-10-05T05:05:14.242906+00:00
Frank Sinatra,Frank Sinatra,20260926,7971,Frank_Sinatra,2026-10-05T05:05:14.242906+00:00
Frank Sinatra,Frank Sinatra,20260927,7721,Frank_Sinatra,2026-10-05T05:05:14.242906+00:00
Frank Sinatra,Frank Sinatra,20260928,6621,Frank_Sinatra,2026-10-05T05:05:14.242906+00:00
Frank Sinatra,Frank Sinatra,20260929,6621,Frank_Sinatra,2026-10-05T05:05:14.242906+00:00
Frank Sinatra,Frank Sinatra,20260930,7584,Frank_Sinatra,2026-10-05T05:05:14.242906+00:00
Frank Sinatra,Frank Sinatra,20261001,7451,Frank_Sinatra,2026-10-05T05:05:14.242906+00:00
Frank Sinatra,Frank Sinatra,20261002,7720,Frank_Sinatra,2026-10-05T05:05:14.242906+00:00
Frank Sinatra,Frank Sinatra,20261003,9457,Frank_Sinatra,2026-10-05T05:05:14.242906+00:00
Frank Sinatra,Frank Sinatra,20261004,11001,Frank_Sinatra,2026-10-05T05:05:14.242906+00:00
Eminem,Eminem,20260905,7570,Eminem,2026-10-05T05:05:14.242906+00:00
Eminem,Eminem,20260906,7371,Eminem,2026-10-05T05:05:14.242906+00:00
Eminem,Eminem,20260907,7277,Eminem,2026-10-05T05:05:14.242906+00:00
Eminem,Eminem,20260908,7051,Eminem,2026-10-05T05:05:14.242906+00:00
Eminem,Eminem,20260909,7922,Eminem,2026-10-05T05:05:14.242906+00:00
Eminem,Eminem,20260910,7311,Eminem,2026-10-05T05:05:14.242906+00:00
Eminem,Eminem,20260911,7634,Eminem,2026-10-05T05:05:14.242906+00:00
Eminem,Eminem,20260912,7233,Eminem,2026-10-05T05:05:14.242906+00:00
Eminem,Eminem,20260913,7328,Eminem,2026-10-05T05:05:14.242906+00:00
Eminem,Eminem,20260914,6729,Eminem,2026-10-05T05:05:14.242906+00:00
Eminem,Eminem,20260915,7422,Eminem,2026-10-05T05:05:14.242906+00:00
Eminem,Eminem,20260916,7219,Eminem,2026-10-05T05:05:14.242906+00:00
Eminem,Eminem,20260917,7029,Eminem,2026-10-05T05:05:14.242906+00:00
Eminem,Eminem,20260918,7767,Eminem,2026-10-05T05:05:14.242906+00:00
Eminem,Eminem,20260919,7673,Eminem,2026-10-05T05:05:14.242906+00:00
Eminem,Eminem,20260920,8930,Eminem,2026-10-05T05:05:14.242906+00:00
Eminem,Eminem,20260921,8356,Eminem,2026-10-05T05:05:14.242906+00:00
Eminem,Eminem,20260922,7106,Eminem,2026-10-05T05:05:14.242906+00:00
Eminem,Eminem,20260923,7118,Eminem,2026-10-05T05:05:14.242906+00:00
Eminem,Eminem,20260924,6796,Eminem,2026-10-05T05:05:14.242906+00:00
Eminem,Eminem,20260925,7048,Eminem,2026-10-05T05:05:14.242906+00:00
Eminem,Eminem,20260926,7038,Eminem,2026-10-05T05:05:14.242906+00:00
Eminem,Eminem,20260927,6971,Eminem,2026-10-05T05:05:14.242906+00:00
Eminem,Eminem,20260928,6605,Eminem,2026-10-05T05:05:14.242906+00:00
Eminem,Eminem,20260929,6413,Eminem,2026-10-05T05:05:14.242906+00:00
Eminem,Eminem,20260930,6174,Eminem,2026-10-05T05:05:14.242906+00:00
Eminem,Eminem,20261001,6463,Eminem,2026-10-05T05:05:14.242906+00:00
Eminem,Eminem,20261002,8187,Eminem,2026-10-05T05:05:14.242906+00:00
Eminem,Eminem,20261003,8477,Eminem,2026-10-05T05:05:14.242906+00:00
Eminem,Eminem,20261004,7526,Eminem,2026-10-05T05:05:14.242906+00:00
JAŸ-Z,JAŸ-Z,20260905,2,JAŸ-Z,2026-10-05T05:05:14.242906+00:00
JAŸ-Z,JAŸ-Z,20260906,0,JAŸ-Z,2026-10-05T05:05:14.242906+00:00
JAŸ-Z,JAŸ-Z,20260907,1,JAŸ-Z,2026-10-05T05:05:14.242906+00:00
JAŸ-Z,JAŸ-Z,20260909,4,JAŸ-Z,2026-10-05T05:05:14.242906+00:00
JAŸ-Z,JAŸ-Z,20260911,0,JAŸ-Z,2026-10-05T05:05:14.242906+00:00
JAŸ-Z,JAŸ-Z,20260912,1,JAŸ-Z,2026-10-05T05:05:14.242906+00:00
JAŸ-Z,JAŸ-Z,20260913,15,JAŸ-Z,2026-10-05T05:05:14.242906+00:00
JAŸ-Z,JAŸ-Z,20260915,1,JAŸ-Z,2026-10-05T05:05:14.242906+00:00
JAŸ-Z,JAŸ-Z,20260916,0,JAŸ-Z,2026-10-05T05:05:14.242906+00:00
JAŸ-Z,JAŸ-Z,20260919,1,JAŸ-Z,2026-10-05T05:05:14.242906+00:00
JAŸ-Z,JAŸ-Z,20260920,2,JAŸ-Z,2026-10-05T05:05:14.242906+00:00
JAŸ-Z,JAŸ-Z,20260921,0,JAŸ-Z,2026-10-05T05:05:14.242906+00:00
JAŸ-Z,JAŸ-Z,20260922,1,JAŸ-Z,2026-10-05T05:05:14.242906+00:00
JAŸ-Z,JAŸ-Z,20260923,0,JAŸ-Z,2026-10-05T05:05:14.242906+00:00
JAŸ-Z,JAŸ-Z,20260924,2,JAŸ-Z,2026-10-05T05:05:14.242906+00:00
JAŸ-Z,JAŸ-Z,20260925,0,JAŸ-Z,2026-10-05T05:05:14.242906+00:00
JAŸ-Z,JAŸ-Z,20260926,2,JAŸ-Z,2026-10-05T05:05:14.242906+00:00
JAŸ-Z,JAŸ-Z,20260927,0,JAŸ-Z,2026-10-05T05:05:14.242906+00:00
JAŸ-Z,JAŸ-Z,20260928,1,JAŸ-Z,2026-10-05T05:05:14.242906+00:00
JAŸ-Z,JAŸ-Z,20260929,1,JAŸ-Z,2026-10-05T05:05:14.242906+00:00
JAŸ-Z,JAŸ-Z,20260930,1,JAŸ-Z,2026-10-05T05:05:14.242906+00:00
JAŸ-Z,JAŸ-Z,20261002,2,JAŸ-Z,2026-10-05T05:05:14.242906+00:00
JAŸ-Z,JAŸ-Z,20261003,1,JAŸ-Z,2026-10-05T05:05:14.242906+00:00
Nicki Minaj,Nicki Minaj,20260905,3482,Nicki_Minaj,2026-10-05T05:05:14.242906+00:00
Nicki Minaj,Nicki Minaj,20260906,3654,Nicki_Minaj,2026-10-05T05:05:14.242906+00:00
Nicki Minaj,Nicki Minaj,20260907,3732,Nicki_Minaj,2026-10-05T05:05:14.242906+00:00
Nicki Minaj,Nicki Minaj,20260908,3278,Nicki_Minaj,2026-10-05T05:05:14.242906+00:00
Nicki Minaj,Nicki Minaj,20260909,3146,Nicki_Minaj,2026-10-05T05:05:14.242906+00:00
Nicki Minaj,Nicki Minaj,20260910,3480,Nicki_Minaj,2026-10-05T05:05:14.242906+00:00
Nicki Minaj,Nicki Minaj,20260911,3586,Nicki_Minaj,2026-10-05T05:05:14.242906+00:00
Nicki Minaj,Nicki Minaj,20260912,3623,Nicki_Minaj,2026-10-05T05:05:14.242906+00:00
Nicki Minaj,Nicki Minaj,20260913,3947,Nicki_Minaj,2026-10-05T05:05:14.242906+00:00
Nicki Minaj,Nicki Minaj,20260914,3594,Nicki_Minaj,2026-10-05T05:05:14.242906+00:00
Nicki Minaj,Nicki Minaj,20260915,3240,Nicki_Minaj,2026-10-05T05:05:14.242906+00:00
Nicki Minaj,Nicki Minaj,20260916,3293,Nicki_Minaj,2026-10-05T05:05:14.242906+00:00
Nicki Minaj,Nicki Minaj,20260917,3465,Nicki_Minaj,2026-10-05T05:05:14.242906+00:00
Nicki Minaj,Nicki Minaj,20260918,6513,Nicki_Minaj,2026-10-05T05:05:14.242906+00:00
Nicki Minaj,Nicki Minaj,20260919,9290,Nicki_Minaj,2026-10-05T05:05:14.242906+00:00
Nicki Minaj,Nicki Minaj,20260920,5191,Nicki_Minaj,2026-10-05T05:05:14.242906+00:00
Nicki Minaj,Nicki Minaj,20260921,4411,Nicki_Minaj,2026-10-05T05:05:14.242906+00:00
Nicki Minaj,Nicki Minaj,20260922,3874,Nicki_Minaj,2026-10-05T05:05:14.242906+00:00
Nicki Minaj,Nicki Minaj,20260923,3515,Nicki_Minaj,2026-10-05T05:05:14.242906+00:00
Nicki Minaj,Nicki Minaj,20260924,3421,Nicki_Minaj,2026-10-05T05:05:14.242906+00:00
Nicki Minaj,Nicki Minaj,20260925,3676,Nicki_Minaj,2026-10-05T05:05:14.242906+00:00
Nicki Minaj,Nicki Minaj,20260926,5384,Nicki_Minaj,2026-10-05T05:05:14.242906+00:00
Nicki Minaj,Nicki Minaj,20260927,21144,Nicki_Minaj,2026-10-05T05:05:14.242906+00:00
Nicki Minaj,Nicki Minaj,20260928,13995,Nicki_Minaj,2026-10-05T05:05:14.242906+00:00
Nicki Minaj,Nicki Minaj,20260929,26132,Nicki_Minaj,2026-10-05T05:05:14.242906+00:00
Nicki Minaj,Nicki Minaj,20260930,12363,Nicki_Minaj,2026-10-05T05:05:14.242906+00:00
Nicki Minaj,Nicki Minaj,20261001,8087,Nicki_Minaj,2026-10-05T05:05:14.242906+00:00
Nicki Minaj,Nicki Minaj,20261002,5490,Nicki_Minaj,2026-10-05T05:05:14.242906+00:00
Nicki Minaj,Nicki Minaj,20261003,5311,Nicki_Minaj,2026-10-05T05:05:14.242906+00:00
Nicki Minaj,Nicki Minaj,20261004,4551,Nicki_Minaj,2026-10-05T05:05:14.242906+00:00
Cardi B,Cardi B,20260905,4245,Cardi_B,2026-10-05T05:05:14.242906+00:00
Cardi B,Cardi B,20260906,4782,Cardi_B,2026-10-05T05:05:14.242906+00:00
Cardi B,Cardi B,20260907,5406,Cardi_B,2026-10-05T05:05:14.242906+00:00
Cardi B,Cardi B,20260908,6040,Cardi_B,2026-10-05T05:05:14.242906+00:00
Cardi B,Cardi B,20260909,4675,Cardi_B,2026-10-05T05:05:14.242906+00:00
Cardi B,Cardi B,20260910,4390,Cardi_B,2026-10-05T05:05:14.242906+00:00
Cardi B,Cardi B,20260911,3710,Cardi_B,2026-10-05T05:05:14.242906+00:00
Cardi B,Cardi B,20260912,3686,Cardi_B,2026-10-05T05:05:14.242906+00:00
Cardi B,Cardi B,20260913,4416,Cardi_B,2026-10-05T05:05:14.242906+00:00
Cardi B,Cardi B,20260914,3648,Cardi_B,2026-10-05T05:05:14.242906+00:00
Cardi B,Cardi B,20260915,3403,Cardi_B,2026-10-05T05:05:14.242906+00:00
Cardi B,Cardi B,20260916,3499,Cardi_B,2026-10-05T05:05:14.242906+00:00
Cardi B,Cardi B,20260917,3376,Cardi_B,2026-10-05T05:05:14.242906+00:00
Cardi B,Cardi B,20260918,3510,Cardi_B,2026-10-05T05:05:14.242906+00:00
Cardi B,Cardi B,20260919,7067,Cardi_B,2026-10-05T05:05:14.242906+00:00
Cardi B,Cardi B,20260920,5756,Cardi_B,2026-10-05T05:05:14.242906+00:00
Cardi B,Cardi B,20260921,5163,Cardi_B,2026-10-05T05:05:14.242906+00:00
Cardi B,Cardi B,20260922,4286,Cardi_B,2026-10-05T05:05:14.242906+00:00
Cardi B,Cardi B,20260923,4170,Cardi_B,2026-10-05T05:05:14.242906+00:00
Cardi B,Cardi B,20260924,4745,Cardi_B,2026-10-05T05:05:14.242906+00:00
Cardi B,Cardi B,20260925,4936,Cardi_B,2026-10-05T05:05:14.242906+00:00
Cardi B,Cardi B,20260926,4681,Cardi_B,2026-10-05T05:05:14.242906+00:00
Cardi B,Cardi B,20260927,4421,Cardi_B,2026-10-05T05:05:14.242906+00:00
Cardi B,Cardi B,20260928,4407,Cardi_B,2026-10-05T05:05:14.242906+00:00
Cardi B,Cardi B,20260929,4159,Cardi_B,2026-10-05T05:05:14.242906+00:00
Cardi B,Cardi B,20260930,3610,Cardi_B,2026-10-05T05:05:14.242906+00:00
Cardi B,Cardi B,20261001,3338,Cardi_B,2026-10-05T05:05:14.242906+00:00
Cardi B,Cardi B,20261002,3369,Cardi_B,2026-10-05T05:05:14.242906+00:00
Cardi B,Cardi B,20261003,3404,Cardi_B,2026-10-05T05:05:14.242906+00:00
Cardi B,Cardi B,20261004,3829,Cardi_B,2026-10-05T05:05:14.242906+00:00
Bad Bunny,Bad Bunny,20260905,2918,Bad_Bunny,2026-10-05T05:05:14.242906+00:00
Bad Bunny,Bad Bunny,20260906,5000,Bad_Bunny,2026-10-05T05:05:14.242906+00:00
Bad Bunny,Bad Bunny,20260907,4021,Bad_Bunny,2026-10-05T05:05:14.242906+00:00
Bad Bunny,Bad Bunny,20260908,3452,Bad_Bunny,2026-10-05T05:05:14.242906+00:00
Bad Bunny,Bad Bunny,20260909,3054,Bad_Bunny,2026-10-05T05:05:14.242906+00:00
Bad Bunny,Bad Bunny,20260910,3331,Bad_Bunny,2026-10-05T05:05:14.242906+00:00
Bad Bunny,Bad Bunny,20260911,3667,Bad_Bunny,2026-10-05T05:05:14.242906+00:00
Bad Bunny,Bad Bunny,20260912,2886,Bad_Bunny,2026-10-05T05:05:14.242906+00:00
Bad Bunny,Bad Bunny,20260913,3022,Bad_Bunny,2026-10-05T05:05:14.242906+00:00
Bad Bunny,Bad Bunny,20260914,4227,Bad_Bunny,2026-10-05T05:05:14.242906+00:00
Bad Bunny,Bad Bunny,20260915,3850,Bad_Bunny,2026-10-05T05:05:14.242906+00:00
Bad Bunny,Bad Bunny,20260916,3644,Bad_Bunny,2026-10-05T05:05:14.242906+00:00
Bad Bunny,Bad Bunny,20260917,3809,Bad_Bunny,2026-10-05T05:05:14.242906+00:00
Bad Bunny,Bad Bunny,20260918,3917,Bad_Bunny,2026-10-05T05:05:14.242906+00:00
Bad Bunny,Bad Bunny,20260919,3054,Bad_Bunny,2026-10-05T05:05:14.242906+00:00
Bad Bunny,Bad Bunny,20260920,3110,Bad_Bunny,2026-10-05T05:05:14.242906+00:00
Bad Bunny,Bad Bunny,20260921,3613,Bad_Bunny,2026-10-05T05:05:14.242906+00:00
Bad Bunny,Bad Bunny,20260922,3759,Bad_Bunny,2026-10-05T05:05:14.242906+00:00
Bad Bunny,Bad Bunny,20260923,4352,Bad_Bunny,2026-10-05T05:05:14.242906+00:00
Bad Bunny,Bad Bunny,20260924,4352,Bad_Bunny,2026-10-05T05:05:14.242906+00:00
Bad Bunny,Bad Bunny,20260925,4277,Bad_Bunny,2026-10-05T05:05:14.242906+00:00
Bad Bunny,Bad Bunny,20260926,3735,Bad_Bunny,2026-10-05T05:05:14.242906+00:00
Bad Bunny,Bad Bunny,20260927,4248,Bad_Bunny,2026-10-05T05:05:14.242906+00:00
Bad Bunny,Bad Bunny,20260928,4276,Bad_Bunny,2026-10-05T05:05:14.242906+00:00
Bad Bunny,Bad Bunny,20260929,5464,Bad_Bunny,2026-10-05T05:05:14.242906+00:00
Bad Bunny,Bad Bunny,20260930,4312,Bad_Bunny,2026-10-05T05:05:14.242906+00:00
Bad Bunny,Bad Bunny,20261001,3965,Bad_Bunny,2026-10-05T05:05:14.242906+00:00
Bad Bunny,Bad Bunny,20261002,3699,Bad_Bunny,2026-10-05T05:05:14.242906+00:00
Bad Bunny,Bad Bunny,20261003,3093,Bad_Bunny,2026-10-05T05:05:14.242906+00:00
Bad Bunny,Bad Bunny,20261004,3171,Bad_Bunny,2026-10-05T05:05:14.242906+00:00
J Balvin,J Balvin,20260905,491,J_Balvin,2026-10-05T05:05:14.242906+00:00
J Balvin,J Balvin,20260906,513,J_Balvin,2026-10-05T05:05:14.242906+00:00
J Balvin,J Balvin,20260907,458,J_Balvin,2026-10-05T05:05:14.242906+00:00
J Balvin,J Balvin,20260908,372,J_Balvin,2026-10-05T05:05:14.242906+00:00
J Balvin,J Balvin,20260909,423,J_Balvin,2026-10-05T05:05:14.242906+00:00
J Balvin,J Balvin,20260910,428,J_Balvin,2026-10-05T05:05:14.242906+00:00
J Balvin,J Balvin,20260911,481,J_Balvin,2026-10-05T05:05:14.242906+00:00
J Balvin,J Balvin,20260912,645,J_Balvin,2026-10-05T05:05:14.242906+00:00
J Balvin,J Balvin,20260913,699,J_Balvin,2026-10-05T05:05:14.242906+00:00
J Balvin,J Balvin,20260914,556,J_Balvin,2026-10-05T05:05:14.242906+00:00
J Balvin,J Balvin,20260915,549,J_Balvin,2026-10-05T05:05:14.242906+00:00
J Balvin,J Balvin,20260916,1009,J_Balvin,2026-10-05T05:05:14.242906+00:00
J Balvin,J Balvin,20260917,1774,J_Balvin,2026-10-05T05:05:14.242906+00:00
J Balvin,J Balvin,20260918,1369,J_Balvin,2026-10-05T05:05:14.242906+00:00
J Balvin,J Balvin,20260919,1208,J_Balvin,2026-10-05T05:05:14.242906+00:00
J Balvin,J Balvin,20260920,1454,J_Balvin,2026-10-05T05:05:14.242906+00:00
J Balvin,J Balvin,20260921,953,J_Balvin,2026-10-05T05:05:14.242906+00:00
J Balvin,J Balvin,20260922,640,J_Balvin,2026-10-05T05:05:14.242906+00:00
J Balvin,J Balvin,20260923,806,J_Balvin,2026-10-05T05:05:14.242906+00:00
J Balvin,J Balvin,20260924,589,J_Balvin,2026-10-05T05:05:14.242906+00:00
J Balvin,J Balvin,20260925,655,J_Balvin,2026-10-05T05:05:14.242906+00:00
J Balvin,J Balvin,20260926,551,J_Balvin,2026-10-05T05:05:14.242906+00:00
J Balvin,J Balvin,20260927,560,J_Balvin,2026-10-05T05:05:14.242906+00:00
J Balvin,J Balvin,20260928,632,J_Balvin,2026-10-05T05:05:14.242906+00:00
J Balvin,J Balvin,20260929,605,J_Balvin,2026-10-05T05:05:14.242906+00:00
J Balvin,J Balvin,20260930,551,J_Balvin,2026-10-05T05:05:14.242906+00:00
J Balvin,J Balvin,20261001,498,J_Balvin,2026-10-05T05:05:14.242906+00:00
J Balvin,J Balvin,20261002,793,J_Balvin,2026-10-05T05:05:14.242906+00:00
J Balvin,J Balvin,20261003,569,J_Balvin,2026-10-05T05:05:14.242906+00:00
J Balvin,J Balvin,20261004,501,J_Balvin,2026-10-05T05:05:14.242906+00:00
Shakira,Shakira,20260905,7018,Shakira,2026-10-05T05:05:14.242906+00:00
Shakira,Shakira,20260906,7040,Shakira,2026-10-05T05:05:14.242906+00:00
Shakira,Shakira,20260907,6607,Shakira,2026-10-05T05:05:14.242906+00:00
Shakira,Shakira,20260908,6246,Shakira,2026-10-05T05:05:14.242906+00:00
Shakira,Shakira,20260909,6058,Shakira,2026-10-05T05:05:14.242906+00:00
Shakira,Shakira,20260910,5970,Shakira,2026-10-05T05:05:14.242906+00:00
Shakira,Shakira,20260911,6520,Shakira,2026-10-05T05:05:14.242906+00:00
Shakira,Shakira,20260912,7155,Shakira,2026-10-05T05:05:14.242906+00:00
Shakira,Shakira,20260913,6888,Shakira,2026-10-05T05:05:14.242906+00:00
Shakira,Shakira,20260914,7261,Shakira,2026-10-05T05:05:14.242906+00:00
Shakira,Shakira,20260915,6435,Shakira,2026-10-05T05:05:14.242906+00:00
Shakira,Shakira,20260916,6818,Shakira,2026-10-05T05:05:14.242906+00:00
Shakira,Shakira,20260917,6995,Shakira,2026-10-05T05:05:14.242906+00:00
Shakira,Shakira,20260918,8565,Shakira,2026-10-05T05:05:14.242906+00:00
Shakira,Shakira,20260919,8301,Shakira,2026-10-05T05:05:14.242906+00:00
Shakira,Shakira,20260920,8099,Shakira,2026-10-05T05:05:14.242906+00:00
Shakira,Shakira,20260921,7711,Shakira,2026-10-05T05:05:14.242906+00:00
Shakira,Shakira,20260922,7262,Shakira,2026-10-05T05:05:14.242906+00:00
Shakira,Shakira,20260923,7293,Shakira,2026-10-05T05:05:14.242906+00:00
Shakira,Shakira,20260924,6801,Shakira,2026-10-05T05:05:14.242906+00:00
Shakira,Shakira,20260925,6688,Shakira,2026-10-05T05:05:14.242906+00:00
Shakira,Shakira,20260926,7219,Shakira,2026-10-05T05:05:14.242906+00:00
Shakira,Shakira,20260927,8073,Shakira,2026-10-05T05:05:14.242906+00:00
Shakira,Shakira,20260928,7753,Shakira,2026-10-05T05:05:14.242906+00:00
Shakira,Shakira,20260929,7554,Shakira,2026-10-05T05:05:14.242906+00:00
Shakira,Shakira,20260930,7734,Shakira,2026-10-05T05:05:14.242906+00:00
Shakira,Shakira,20261001,7318,Shakira,2026-10-05T05:05:14.242906+00:00
Shakira,Shakira,20261002,7040,Shakira,2026-10-05T05:05:14.242906+00:00
Shakira,Shakira,20261003,11406,Shakira,2026-10-05T05:05:14.242906+00:00
Shakira,Shakira,20261004,13774,Shakira,2026-10-05T05:05:14.242906+00:00
Daddy Yankee,Daddy Yankee,20260905,733,Daddy_Yankee,2026-10-05T05:05:14.242906+00:00
Daddy Yankee,Daddy Yankee,20260906,791,Daddy_Yankee,2026-10-05T05:05:14.242906+00:00
Daddy Yankee,Daddy Yankee,20260907,762,Daddy_Yankee,2026-10-05T05:05:14.242906+00:00
Daddy Yankee,Daddy Yankee,20260908,768,Daddy_Yankee,2026-10-05T05:05:14.242906+00:00
Daddy Yankee,Daddy Yankee,20260909,715,Daddy_Yankee,2026-10-05T05:05:14.242906+00:00
Daddy Yankee,Daddy Yankee,20260910,728,Daddy_Yankee,2026-10-05T05:05:14.242906+00:00
Daddy Yankee,Daddy Yankee,20260911,775,Daddy_Yankee,2026-10-05T05:05:14.242906+00:00
Daddy Yankee,Daddy Yankee,20260912,792,Daddy_Yankee,2026-10-05T05:05:14.242906+00:00
Daddy Yankee,Daddy Yankee,20260913,819,Daddy_Yankee,2026-10-05T05:05:14.242906+00:00
Daddy Yankee,Daddy Yankee,20260914,717,Daddy_Yankee,2026-10-05T05:05:14.242906+00:00
Daddy Yankee,Daddy Yankee,20260915,695,Daddy_Yankee,2026-10-05T05:05:14.242906+00:00
Daddy Yankee,Daddy Yankee,20260916,798,Daddy_Yankee,2026-10-05T05:05:14.242906+00:00
Daddy Yankee,Daddy Yankee,20260917,793,Daddy_Yankee,2026-10-05T05:05:14.242906+00:00
Daddy Yankee,Daddy Yankee,20260918,900,Daddy_Yankee,2026-10-05T05:05:14.242906+00:00
Daddy Yankee,Daddy Yankee,20260919,795,Daddy_Yankee,2026-10-05T05:05:14.242906+00:00
Daddy Yankee,Daddy Yankee,20260920,729,Daddy_Yankee,2026-10-05T05:05:14.242906+00:00
Daddy Yankee,Daddy Yankee,20260921,816,Daddy_Yankee,2026-10-05T05:05:14.242906+00:00
Daddy Yankee,Daddy Yankee,20260922,844,Daddy_Yankee,2026-10-05T05:05:14.242906+00:00
Daddy Yankee,Daddy Yankee,20260923,925,Daddy_Yankee,2026-10-05T05:05:14.242906+00:00
Daddy Yankee,Daddy Yankee,20260924,837,Daddy_Yankee,2026-10-05T05:05:14.242906+00:00
Daddy Yankee,Daddy Yankee,20260925,857,Daddy_Yankee,2026-10-05T05:05:14.242906+00:00
Daddy Yankee,Daddy Yankee,20260926,818,Daddy_Yankee,2026-10-05T05:05:14.242906+00:00
Daddy Yankee,Daddy Yankee,20260927,740,Daddy_Yankee,2026-10-05T05:05:14.242906+00:00
Daddy Yankee,Daddy Yankee,20260928,828,Daddy_Yankee,2026-10-05T05:05:14.242906+00:00
Daddy Yankee,Daddy Yankee,20260929,918,Daddy_Yankee,2026-10-05T05:05:14.242906+00:00
Daddy Yankee,Daddy Yankee,20260930,862,Daddy_Yankee,2026-10-05T05:05:14.242906+00:00
Daddy Yankee,Daddy Yankee,20261001,761,Daddy_Yankee,2026-10-05T05:05:14.242906+00:00
Daddy Yankee,Daddy Yankee,20261002,763,Daddy_Yankee,2026-10-05T05:05:14.242906+00:00
Daddy Yankee,Daddy Yankee,20261003,785,Daddy_Yankee,2026-10-05T05:05:14.242906+00:00
Daddy Yankee,Daddy Yankee,20261004,766,Daddy_Yankee,2026-10-05T05:05:14.242906+00:00
BTS,BTS,20260905,6762,BTS,2026-10-05T05:05:14.242906+00:00
BTS,BTS,20260906,7398,BTS,2026-10-05T05:05:14.242906+00:00
BTS,BTS,20260907,8734,BTS,2026-10-05T05:05:14.242906+00:00
BTS,BTS,20260908,7481,BTS,2026-10-05T05:05:14.242906+00:00
BTS,BTS,20260909,6284,BTS,2026-10-05T05:05:14.242906+00:00
BTS,BTS,20260910,5929,BTS,2026-10-05T05:05:14.242906+00:00
BTS,BTS,20260911,5981,BTS,2026-10-05T05:05:14.242906+00:00
BTS,BTS,20260912,6109,BTS,2026-10-05T05:05:14.242906+00:00
BTS,BTS,20260913,5861,BTS,2026-10-05T05:05:14.242906+00:00
BTS,BTS,20260914,5166,BTS,2026-10-05T05:05:14.242906+00:00
BTS,BTS,20260915,4971,BTS,2026-10-05T05:05:14.242906+00:00
BTS,BTS,20260916,4923,BTS,2026-10-05T05:05:14.242906+00:00
BTS,BTS,20260917,4925,BTS,2026-10-05T05:05:14.242906+00:00
BTS,BTS,20260918,4977,BTS,2026-10-05T05:05:14.242906+00:00
BTS,BTS,20260919,6026,BTS,2026-10-05T05:05:14.242906+00:00
BTS,BTS,20260920,5578,BTS,2026-10-05T05:05:14.242906+00:00
BTS,BTS,20260921,4917,BTS,2026-10-05T05:05:14.242906+00:00
BTS,BTS,20260922,5054,BTS,2026-10-05T05:05:14.242906+00:00
BTS,BTS,20260923,4939,BTS,2026-10-05T05:05:14.242906+00:00
BTS,BTS,20260924,4987,BTS,2026-10-05T05:05:14.242906+00:00
BTS,BTS,20260925,4736,BTS,2026-10-05T05:05:14.242906+00:00
BTS,BTS,20260926,4806,BTS,2026-10-05T05:05:14.242906+00:00
BTS,BTS,20260927,5152,BTS,2026-10-05T05:05:14.242906+00:00
BTS,BTS,20260928,7451,BTS,2026-10-05T05:05:14.242906+00:00
BTS,BTS,20260929,8913,BTS,2026-10-05T05:05:14.242906+00:00
BTS,BTS,20260930,5671,BTS,2026-10-05T05:05:14.242906+00:00
BTS,BTS,20261001,5173,BTS,2026-10-05T05:05:14.242906+00:00
BTS,BTS,20261002,5026,BTS,2026-10-05T05:05:14.242906+00:00
BTS,BTS,20261003,5334,BTS,2026-10-05T05:05:14.242906+00:00
BTS,BTS,20261004,5367,BTS,2026-10-05T05:05:14.242906+00:00
BLACKPINK,BLACKPINK,20260905,10,BLACKPINK,2026-10-05T05:05:14.242906+00:00
BLACKPINK,BLACKPINK,20260906,18,BLACKPINK,2026-10-05T05:05:14.242906+00:00
BLACKPINK,BLACKPINK,20260907,13,BLACKPINK,2026-10-05T05:05:14.242906+00:00
BLACKPINK,BLACKPINK,20260908,11,BLACKPINK,2026-10-05T05:05:14.242906+00:00
BLACKPINK,BLACKPINK,20260909,8,BLACKPINK,2026-10-05T05:05:14.242906+00:00
BLACKPINK,BLACKPINK,20260910,12,BLACKPINK,2026-10-05T05:05:14.242906+00:00
BLACKPINK,BLACKPINK,20260911,6,BLACKPINK,2026-10-05T05:05:14.242906+00:00
BLACKPINK,BLACKPINK,20260912,3,BLACKPINK,2026-10-05T05:05:14.242906+00:00
BLACKPINK,BLACKPINK,20260913,7,BLACKPINK,2026-10-05T05:05:14.242906+00:00
BLACKPINK,BLACKPINK,20260914,17,BLACKPINK,2026-10-05T05:05:14.242906+00:00
BLACKPINK,BLACKPINK,20260915,26,BLACKPINK,2026-10-05T05:05:14.242906+00:00
BLACKPINK,BLACKPINK,20260916,8,BLACKPINK,2026-10-05T05:05:14.242906+00:00
BLACKPINK,BLACKPINK,20260917,3,BLACKPINK,2026-10-05T05:05:14.242906+00:00
BLACKPINK,BLACKPINK,20260918,9,BLACKPINK,2026-10-05T05:05:14.242906+00:00
BLACKPINK,BLACKPINK,20260919,13,BLACKPINK,2026-10-05T05:05:14.242906+00:00
BLACKPINK,BLACKPINK,20260920,13,BLACKPINK,2026-10-05T05:05:14.242906+00:00
BLACKPINK,BLACKPINK,20260921,8,BLACKPINK,2026-10-05T05:05:14.242906+00:00
BLACKPINK,BLACKPINK,20260922,6,BLACKPINK,2026-10-05T05:05:14.242906+00:00
BLACKPINK,BLACKPINK,20260923,11,BLACKPINK,2026-10-05T05:05:14.242906+00:00
BLACKPINK,BLACKPINK,20260924,4,BLACKPINK,2026-10-05T05:05:14.242906+00:00
BLACKPINK,BLACKPINK,20260925,10,BLACKPINK,2026-10-05T05:05:14.242906+00:00
BLACKPINK,BLACKPINK,20260926,11,BLACKPINK,2026-10-05T05:05:14.242906+00:00
BLACKPINK,BLACKPINK,20260927,4,BLACKPINK,2026-10-05T05:05:14.242906+00:00
BLACKPINK,BLACKPINK,20260928,36,BLACKPINK,2026-10-05T05:05:14.242906+00:00
BLACKPINK,BLACKPINK,20260929,11,BLACKPINK,2026-10-05T05:05:14.242906+00:00
BLACKPINK,BLACKPINK,20260930,14,BLACKPINK,2026-10-05T05:05:14.242906+00:00
BLACKPINK,BLACKPINK,20261001,4,BLACKPINK,2026-10-05T05:05:14.242906+00:00
BLACKPINK,BLACKPINK,20261002,11,BLACKPINK,2026-10-05T05:05:14.242906+00:00
BLACKPINK,BLACKPINK,20261003,8,BLACKPINK,2026-10-05T05:05:14.242906+00:00
BLACKPINK,BLACKPINK,20261004,13,BLACKPINK,2026-10-05T05:05:14.242906+00:00
A. R. Rahman,A. R. Rahman,20260905,1974,A._R._Rahman,2026-10-05T05:05:14.242906+00:00
A. R. Rahman,A. R. Rahman,20260906,1999,A._R._Rahman,2026-10-05T05:05:14.242906+00:00
A. R. Rahman,A. R. Rahman,20260907,1668,A._R._Rahman,2026-10-05T05:05:14.242906+00:00
A. R. Rahman,A. R. Rahman,20260908,1793,A._R._Rahman,2026-10-05T05:05:14.242906+00:00
A. R. Rahman,A. R. Rahman,20260909,2684,A._R._Rahman,2026-10-05T05:05:14.242906+00:00
A. R. Rahman,A. R. Rahman,20260910,2842,A._R._Rahman,2026-10-05T05:05:14.242906+00:00
A. R. Rahman,A. R. Rahman,20260911,2629,A._R._Rahman,2026-10-05T05:05:14.242906+00:00
A. R. Rahman,A. R. Rahman,20260912,2544,A._R._Rahman,2026-10-05T05:05:14.242906+00:00
A. R. Rahman,A. R. Rahman,20260913,2547,A._R._Rahman,2026-10-05T05:05:14.242906+00:00
A. R. Rahman,A. R. Rahman,20260914,2476,A._R._Rahman,2026-10-05T05:05:14.242906+00:00
A. R. Rahman,A. R. Rahman,20260915,2149,A._R._Rahman,2026-10-05T05:05:14.242906+00:00
A. R. Rahman,A. R. Rahman,20260916,2053,A._R._Rahman,2026-10-05T05:05:14.242906+00:00
A. R. Rahman,A. R. Rahman,20260917,1981,A._R._Rahman,2026-10-05T05:05:14.242906+00:00
A. R. Rahman,A. R. Rahman,20260918,1944,A._R._Rahman,2026-10-05T05:05:14.242906+00:00
A. R. Rahman,A. R. Rahman,20260919,2176,A._R._Rahman,2026-10-05T05:05:14.242906+00:00
A. R. Rahman,A. R. Rahman,20260920,2358,A._R._Rahman,2026-10-05T05:05:14.242906+00:00
A. R. Rahman,A. R. Rahman,20260921,2040,A._R._Rahman,2026-10-05T05:05:14.242906+00:00
A. R. Rahman,A. R. Rahman,20260922,2028,A._R._Rahman,2026-10-05T05:05:14.242906+00:00
A. R. Rahman,A. R. Rahman,20260923,2052,A._R._Rahman,2026-10-05T05:05:14.242906+00:00
A. R. Rahman,A. R. Rahman,20260924,2072,A._R._Rahman,2026-10-05T05:05:14.242906+00:00
A. R. Rahman,A. R. Rahman,20260925,1947,A._R._Rahman,2026-10-05T05:05:14.242906+00:00
A. R. Rahman,A. R. Rahman,20260926,2285,A._R._Rahman,2026-10-05T05:05:14.242906+00:00
A. R. Rahman,A. R. Rahman,20260927,2007,A._R._Rahman,2026-10-05T05:05:14.242906+00:00
A. R. Rahman,A. R. Rahman,20260928,1984,A._R._Rahman,2026-10-05T05:05:14.242906+00:00
A. R. Rahman,A. R. Rahman,20260929,1793,A._R._Rahman,2026-10-05T05:05:14.242906+00:00
A. R. Rahman,A. R. Rahman,20260930,1611,A._R._Rahman,2026-10-05T05:05:14.242906+00:00
A. R. Rahman,A. R. Rahman,20261001,1624,A._R._Rahman,2026-10-05T05:05:14.242906+00:00
A. R. Rahman,A. R. Rahman,20261002,1834,A._R._Rahman,2026-10-05T05:05:14.242906+00:00
A. R. Rahman,A. R. Rahman,20261003,2386,A._R._Rahman,2026-10-05T05:05:14.242906+00:00
A. R. Rahman,A. R. Rahman,20261004,2398,A._R._Rahman,2026-10-05T05:05:14.242906+00:00
Arijit Singh,Arijit Singh,20260905,1241,Arijit_Singh,2026-10-05T05:05:14.242906+00:00
Arijit Singh,Arijit Singh,20260906,1694,Arijit_Singh,2026-10-05T05:05:14.242906+00:00
Arijit Singh,Arijit Singh,20260907,2185,Arijit_Singh,2026-10-05T05:05:14.242906+00:00
Arijit Singh,Arijit Singh,20260908,4216,Arijit_Singh,2026-10-05T05:05:14.242906+00:00
Arijit Singh,Arijit Singh,20260909,5893,Arijit_Singh,2026-10-05T05:05:14.242906+00:00
Arijit Singh,Arijit Singh,20260910,3457,Arijit_Singh,2026-10-05T05:05:14.242906+00:00
Arijit Singh,Arijit Singh,20260911,3967,Arijit_Singh,2026-10-05T05:05:14.242906+00:00
Arijit Singh,Arijit Singh,20260912,4715,Arijit_Singh,2026-10-05T05:05:14.242906+00:00
Arijit Singh,Arijit Singh,20260913,4218,Arijit_Singh,2026-10-05T05:05:14.242906+00:00
Arijit Singh,Arijit Singh,20260914,3405,Arijit_Singh,2026-10-05T05:05:14.242906+00:00
Arijit Singh,Arijit Singh,20260915,2881,Arijit_Singh,2026-10-05T05:05:14.242906+00:00
Arijit Singh,Arijit Singh,20260916,2557,Arijit_Singh,2026-10-05T05:05:14.242906+00:00
Arijit Singh,Arijit Singh,20260917,2398,Arijit_Singh,2026-10-05T05:05:14.242906+00:00
Arijit Singh,Arijit Singh,20260918,2015,Arijit_Singh,2026-10-05T05:05:14.242906+00:00
Arijit Singh,Arijit Singh,20260919,1967,Arijit_Singh,2026-10-05T05:05:14.242906+00:00
Arijit Singh,Arijit Singh,20260920,2001,Arijit_Singh,2026-10-05T05:05:14.242906+00:00
Arijit Singh,Arijit Singh,20260921,1971,Arijit_Singh,2026-10-05T05:05:14.242906+00:00
Arijit Singh,Arijit Singh,20260922,2207,Arijit_Singh,2026-10-05T05:05:14.242906+00:00
Arijit Singh,Arijit Singh,20260923,2180,Arijit_Singh,2026-10-05T05:05:14.242906+00:00
Arijit Singh,Arijit Singh,20260924,2112,Arijit_Singh,2026-10-05T05:05:14.242906+00:00
Arijit Singh,Arijit Singh,20260925,2373,Arijit_Singh,2026-10-05T05:05:14.242906+00:00
Arijit Singh,Arijit Singh,20260926,3298,Arijit_Singh,2026-10-05T05:05:14.242906+00:00
Arijit Singh,Arijit Singh,20260927,3288,Arijit_Singh,2026-10-05T05:05:14.242906+00:00
Arijit Singh,Arijit Singh,20260928,2283,Arijit_Singh,2026-10-05T05:05:14.242906+00:00
Arijit Singh,Arijit Singh,20260929,3140,Arijit_Singh,2026-10-05T05:05:14.242906+00:00
Arijit Singh,Arijit Singh,20260930,2020,Arijit_Singh,2026-10-05T05:05:14.242906+00:00
Arijit Singh,Arijit Singh,20261001,1404,Arijit_Singh,2026-10-05T05:05:14.242906+00:00
Arijit Singh,Arijit Singh,20261002,1377,Arijit_Singh,2026-10-05T05:05:14.242906+00:00
Arijit Singh,Arijit Singh,20261003,1248,Arijit_Singh,2026-10-05T05:05:14.242906+00:00
Arijit Singh,Arijit Singh,20261004,1304,Arijit_Singh,2026-10-05T05:05:14.242906+00:00
Diljit Dosanjh,Diljit Dosanjh,20260905,1590,Diljit_Dosanjh,2026-10-05T05:05:14.242906+00:00
Diljit Dosanjh,Diljit Dosanjh,20260906,1622,Diljit_Dosanjh,2026-10-05T05:05:14.242906+00:00
Diljit Dosanjh,Diljit Dosanjh,20260907,1796,Diljit_Dosanjh,2026-10-05T05:05:14.242906+00:00
Diljit Dosanjh,Diljit Dosanjh,20260908,1635,Diljit_Dosanjh,2026-10-05T05:05:14.242906+00:00
Diljit Dosanjh,Diljit Dosanjh,20260909,1426,Diljit_Dosanjh,2026-10-05T05:05:14.242906+00:00
Diljit Dosanjh,Diljit Dosanjh,20260910,1449,Diljit_Dosanjh,2026-10-05T05:05:14.242906+00:00
Diljit Dosanjh,Diljit Dosanjh,20260911,1729,Diljit_Dosanjh,2026-10-05T05:05:14.242906+00:00
Diljit Dosanjh,Diljit Dosanjh,20260912,6308,Diljit_Dosanjh,2026-10-05T05:05:14.242906+00:00
Diljit Dosanjh,Diljit Dosanjh,20260913,12854,Diljit_Dosanjh,2026-10-05T05:05:14.242906+00:00
Diljit Dosanjh,Diljit Dosanjh,20260914,6240,Diljit_Dosanjh,2026-10-05T05:05:14.242906+00:00
Diljit Dosanjh,Diljit Dosanjh,20260915,4736,Diljit_Dosanjh,2026-10-05T05:05:14.242906+00:00
Diljit Dosanjh,Diljit Dosanjh,20260916,3339,Diljit_Dosanjh,2026-10-05T05:05:14.242906+00:00
Diljit Dosanjh,Diljit Dosanjh,20260917,2687,Diljit_Dosanjh,2026-10-05T05:05:14.242906+00:00
Diljit Dosanjh,Diljit Dosanjh,20260918,2783,Diljit_Dosanjh,2026-10-05T05:05:14.242906+00:00
Diljit Dosanjh,Diljit Dosanjh,20260919,4215,Diljit_Dosanjh,2026-10-05T05:05:14.242906+00:00
Diljit Dosanjh,Diljit Dosanjh,20260920,3824,Diljit_Dosanjh,2026-10-05T05:05:14.242906+00:00
Diljit Dosanjh,Diljit Dosanjh,20260921,3051,Diljit_Dosanjh,2026-10-05T05:05:14.242906+00:00
Diljit Dosanjh,Diljit Dosanjh,20260922,2164,Diljit_Dosanjh,2026-10-05T05:05:14.242906+00:00
Diljit Dosanjh,Diljit Dosanjh,20260923,1734,Diljit_Dosanjh,2026-10-05T05:05:14.242906+00:00
Diljit Dosanjh,Diljit Dosanjh,20260924,1797,Diljit_Dosanjh,2026-10-05T05:05:14.242906+00:00
Diljit Dosanjh,Diljit Dosanjh,20260925,1692,Diljit_Dosanjh,2026-10-05T05:05:14.242906+00:00
Diljit Dosanjh,Diljit Dosanjh,20260926,1806,Diljit_Dosanjh,2026-10-05T05:05:14.242906+00:00
Diljit Dosanjh,Diljit Dosanjh,20260927,1739,Diljit_Dosanjh,2026-10-05T05:05:14.242906+00:00
Diljit Dosanjh,Diljit Dosanjh,20260928,1590,Diljit_Dosanjh,2026-10-05T05:05:14.242906+00:00
Diljit Dosanjh,Diljit Dosanjh,20260929,1485,Diljit_Dosanjh,2026-10-05T05:05:14.242906+00:00
Diljit Dosanjh,Diljit Dosanjh,20260930,1807,Diljit_Dosanjh,2026-10-05T05:05:14.242906+00:00
Diljit Dosanjh,Diljit Dosanjh,20261001,1431,Diljit_Dosanjh,2026-10-05T05:05:14.242906+00:00
Diljit Dosanjh,Diljit Dosanjh,20261002,1370,Diljit_Dosanjh,2026-10-05T05:05:14.242906+00:00
Diljit Dosanjh,Diljit Dosanjh,20261003,1316,Diljit_Dosanjh,2026-10-05T05:05:14.242906+00:00
Diljit Dosanjh,Diljit Dosanjh,20261004,1639,Diljit_Dosanjh,2026-10-05T05:05:14.242906+00:00
Lata Mangeshkar,Lata Mangeshkar,20260905,1104,Lata_Mangeshkar,2026-10-05T05:05:14.242906+00:00
Lata Mangeshkar,Lata Mangeshkar,20260906,1175,Lata_Mangeshkar,2026-10-05T05:05:14.242906+00:00
Lata Mangeshkar,Lata Mangeshkar,20260907,1158,Lata_Mangeshkar,2026-10-05T05:05:14.242906+00:00
Lata Mangeshkar,Lata Mangeshkar,20260908,1591,Lata_Mangeshkar,2026-10-05T05:05:14.242906+00:00
Lata Mangeshkar,Lata Mangeshkar,20260909,1512,Lata_Mangeshkar,2026-10-05T05:05:14.242906+00:00
Lata Mangeshkar,Lata Mangeshkar,20260910,1198,Lata_Mangeshkar,2026-10-05T05:05:14.242906+00:00
Lata Mangeshkar,Lata Mangeshkar,20260911,1081,Lata_Mangeshkar,2026-10-05T05:05:14.242906+00:00
Lata Mangeshkar,Lata Mangeshkar,20260912,1321,Lata_Mangeshkar,2026-10-05T05:05:14.242906+00:00
Lata Mangeshkar,Lata Mangeshkar,20260913,1186,Lata_Mangeshkar,2026-10-05T05:05:14.242906+00:00
Lata Mangeshkar,Lata Mangeshkar,20260914,1033,Lata_Mangeshkar,2026-10-05T05:05:14.242906+00:00
Lata Mangeshkar,Lata Mangeshkar,20260915,1066,Lata_Mangeshkar,2026-10-05T05:05:14.242906+00:00
Lata Mangeshkar,Lata Mangeshkar,20260916,1267,Lata_Mangeshkar,2026-10-05T05:05:14.242906+00:00
Lata Mangeshkar,Lata Mangeshkar,20260917,1507,Lata_Mangeshkar,2026-10-05T05:05:14.242906+00:00
Lata Mangeshkar,Lata Mangeshkar,20260918,1376,Lata_Mangeshkar,2026-10-05T05:05:14.242906+00:00
Lata Mangeshkar,Lata Mangeshkar,20260919,1406,Lata_Mangeshkar,2026-10-05T05:05:14.242906+00:00
Lata Mangeshkar,Lata Mangeshkar,20260920,1335,Lata_Mangeshkar,2026-10-05T05:05:14.242906+00:00
Lata Mangeshkar,Lata Mangeshkar,20260921,1125,Lata_Mangeshkar,2026-10-05T05:05:14.242906+00:00
Lata Mangeshkar,Lata Mangeshkar,20260922,1208,Lata_Mangeshkar,2026-10-05T05:05:14.242906+00:00
Lata Mangeshkar,Lata Mangeshkar,20260923,1300,Lata_Mangeshkar,2026-10-05T05:05:14.242906+00:00
Lata Mangeshkar,Lata Mangeshkar,20260924,1189,Lata_Mangeshkar,2026-10-05T05:05:14.242906+00:00
Lata Mangeshkar,Lata Mangeshkar,20260925,1214,Lata_Mangeshkar,2026-10-05T05:05:14.242906+00:00
Lata Mangeshkar,Lata Mangeshkar,20260926,1464,Lata_Mangeshkar,2026-10-05T05:05:14.242906+00:00
Lata Mangeshkar,Lata Mangeshkar,20260927,1997,Lata_Mangeshkar,2026-10-05T05:05:14.242906+00:00
Lata Mangeshkar,Lata Mangeshkar,20260928,4380,Lata_Mangeshkar,2026-10-05T05:05:14.242906+00:00
Lata Mangeshkar,Lata Mangeshkar,20260929,2114,Lata_Mangeshkar,2026-10-05T05:05:14.242906+00:00
Lata Mangeshkar,Lata Mangeshkar,20260930,1433,Lata_Mangeshkar,2026-10-05T05:05:14.242906+00:00
Lata Mangeshkar,Lata Mangeshkar,20261001,1270,Lata_Mangeshkar,2026-10-05T05:05:14.242906+00:00
Lata Mangeshkar,Lata Mangeshkar,20261002,1145,Lata_Mangeshkar,2026-10-05T05:05:14.242906+00:00
Lata Mangeshkar,Lata Mangeshkar,20261003,1077,Lata_Mangeshkar,2026-10-05T05:05:14.242906+00:00
Lata Mangeshkar,Lata Mangeshkar,20261004,1175,Lata_Mangeshkar,2026-10-05T05:05:14.242906+00:00
Kishore Kumar,Kishore Kumar,20260905,2219,Kishore_Kumar,2026-10-05T05:05:14.242906+00:00
Kishore Kumar,Kishore Kumar,20260906,2435,Kishore_Kumar,2026-10-05T05:05:14.242906+00:00
Kishore Kumar,Kishore Kumar,20260907,1901,Kishore_Kumar,2026-10-05T05:05:14.242906+00:00
Kishore Kumar,Kishore Kumar,20260908,2022,Kishore_Kumar,2026-10-05T05:05:14.242906+00:00
Kishore Kumar,Kishore Kumar,20260909,2629,Kishore_Kumar,2026-10-05T05:05:14.242906+00:00
Kishore Kumar,Kishore Kumar,20260910,2150,Kishore_Kumar,2026-10-05T05:05:14.242906+00:00
Kishore Kumar,Kishore Kumar,20260911,2087,Kishore_Kumar,2026-10-05T05:05:14.242906+00:00
Kishore Kumar,Kishore Kumar,20260912,2353,Kishore_Kumar,2026-10-05T05:05:14.242906+00:00
Kishore Kumar,Kishore Kumar,20260913,2717,Kishore_Kumar,2026-10-05T05:05:14.242906+00:00
Kishore Kumar,Kishore Kumar,20260914,2235,Kishore_Kumar,2026-10-05T05:05:14.242906+00:00
Kishore Kumar,Kishore Kumar,20260915,2171,Kishore_Kumar,2026-10-05T05:05:14.242906+00:00
Kishore Kumar,Kishore Kumar,20260916,1882,Kishore_Kumar,2026-10-05T05:05:14.242906+00:00
Kishore Kumar,Kishore Kumar,20260917,2040,Kishore_Kumar,2026-10-05T05:05:14.242906+00:00
Kishore Kumar,Kishore Kumar,20260918,1954,Kishore_Kumar,2026-10-05T05:05:14.242906+00:00
Kishore Kumar,Kishore Kumar,20260919,2025,Kishore_Kumar,2026-10-05T05:05:14.242906+00:00
Kishore Kumar,Kishore Kumar,20260920,2255,Kishore_Kumar,2026-10-05T05:05:14.242906+00:00
Kishore Kumar,Kishore Kumar,20260921,1841,Kishore_Kumar,2026-10-05T05:05:14.242906+00:00
Kishore Kumar,Kishore Kumar,20260922,2035,Kishore_Kumar,2026-10-05T05:05:14.242906+00:00
Kishore Kumar,Kishore Kumar,20260923,2982,Kishore_Kumar,2026-10-05T05:05:14.242906+00:00
Kishore Kumar,Kishore Kumar,20260924,2553,Kishore_Kumar,2026-10-05T05:05:14.242906+00:00
Kishore Kumar,Kishore Kumar,20260925,2089,Kishore_Kumar,2026-10-05T05:05:14.242906+00:00
Kishore Kumar,Kishore Kumar,20260926,2242,Kishore_Kumar,2026-10-05T05:05:14.242906+00:00
Kishore Kumar,Kishore Kumar,20260927,2188,Kishore_Kumar,2026-10-05T05:05:14.242906+00:00
Kishore Kumar,Kishore Kumar,20260928,2607,Kishore_Kumar,2026-10-05T05:05:14.242906+00:00
Kishore Kumar,Kishore Kumar,20260929,2486,Kishore_Kumar,2026-10-05T05:05:14.242906+00:00
Kishore Kumar,Kishore Kumar,20260930,2180,Kishore_Kumar,2026-10-05T05:05:14.242906+00:00
Kishore Kumar,Kishore Kumar,20261001,2004,Kishore_Kumar,2026-10-05T05:05:14.242906+00:00
Kishore Kumar,Kishore Kumar,20261002,2113,Kishore_Kumar,2026-10-05T05:05:14.242906+00:00
Kishore Kumar,Kishore Kumar,20261003,2050,Kishore_Kumar,2026-10-05T05:05:14.242906+00:00
Kishore Kumar,Kishore Kumar,20261004,2369,Kishore_Kumar,2026-10-05T05:05:14.242906+00:00
Burna Boy,Burna Boy,20260905,1015,Burna_Boy,2026-10-05T05:05:14.242906+00:00
Burna Boy,Burna Boy,20260906,1045,Burna_Boy,2026-10-05T05:05:14.242906+00:00
Burna Boy,Burna Boy,20260907,952,Burna_Boy,2026-10-05T05:05:14.242906+00:00
Burna Boy,Burna Boy,20260908,878,Burna_Boy,2026-10-05T05:05:14.242906+00:00
Burna Boy,Burna Boy,20260909,877,Burna_Boy,2026-10-05T05:05:14.242906+00:00
Burna Boy,Burna Boy,20260910,804,Burna_Boy,2026-10-05T05:05:14.242906+00:00
Burna Boy,Burna Boy,20260911,845,Burna_Boy,2026-10-05T05:05:14.242906+00:00
Burna Boy,Burna Boy,20260912,904,Burna_Boy,2026-10-05T05:05:14.242906+00:00
Burna Boy,Burna Boy,20260913,906,Burna_Boy,2026-10-05T05:05:14.242906+00:00
Burna Boy,Burna Boy,20260914,737,Burna_Boy,2026-10-05T05:05:14.242906+00:00
Burna Boy,Burna Boy,20260915,792,Burna_Boy,2026-10-05T05:05:14.242906+00:00
Burna Boy,Burna Boy,20260916,822,Burna_Boy,2026-10-05T05:05:14.242906+00:00
Burna Boy,Burna Boy,20260917,1059,Burna_Boy,2026-10-05T05:05:14.242906+00:00
Burna Boy,Burna Boy,20260918,1027,Burna_Boy,2026-10-05T05:05:14.242906+00:00
Burna Boy,Burna Boy,20260919,908,Burna_Boy,2026-10-05T05:05:14.242906+00:00
Burna Boy,Burna Boy,20260920,932,Burna_Boy,2026-10-05T05:05:14.242906+00:00
Burna Boy,Burna Boy,20260921,1398,Burna_Boy,2026-10-05T05:05:14.242906+00:00
Burna Boy,Burna Boy,20260922,1509,Burna_Boy,2026-10-05T05:05:14.242906+00:00
Burna Boy,Burna Boy,20260923,1115,Burna_Boy,2026-10-05T05:05:14.242906+00:00
Burna Boy,Burna Boy,20260924,991,Burna_Boy,2026-10-05T05:05:14.242906+00:00
Burna Boy,Burna Boy,20260925,1101,Burna_Boy,2026-10-05T05:05:14.242906+00:00
Burna Boy,Burna Boy,20260926,1100,Burna_Boy,2026-10-05T05:05:14.242906+00:00
Burna Boy,Burna Boy,20260927,964,Burna_Boy,2026-10-05T05:05:14.242906+00:00
Burna Boy,Burna Boy,20260928,978,Burna_Boy,2026-10-05T05:05:14.242906+00:00
Burna Boy,Burna Boy,20260929,786,Burna_Boy,2026-10-05T05:05:14.242906+00:00
Burna Boy,Burna Boy,20260930,730,Burna_Boy,2026-10-05T05:05:14.242906+00:00
Burna Boy,Burna Boy,20261001,769,Burna_Boy,2026-10-05T05:05:14.242906+00:00
Burna Boy,Burna Boy,20261002,686,Burna_Boy,2026-10-05T05:05:14.242906+00:00
Burna Boy,Burna Boy,20261003,848,Burna_Boy,2026-10-05T05:05:14.242906+00:00
Burna Boy,Burna Boy,20261004,765,Burna_Boy,2026-10-05T05:05:14.242906+00:00
Fela Kuti,Fela Kuti,20260905,1084,Fela_Kuti,2026-10-05T05:05:14.242906+00:00
Fela Kuti,Fela Kuti,20260906,1104,Fela_Kuti,2026-10-05T05:05:14.242906+00:00
Fela Kuti,Fela Kuti,20260907,894,Fela_Kuti,2026-10-05T05:05:14.242906+00:00
Fela Kuti,Fela Kuti,20260908,833,Fela_Kuti,2026-10-05T05:05:14.242906+00:00
Fela Kuti,Fela Kuti,20260909,869,Fela_Kuti,2026-10-05T05:05:14.242906+00:00
Fela Kuti,Fela Kuti,20260910,868,Fela_Kuti,2026-10-05T05:05:14.242906+00:00
Fela Kuti,Fela Kuti,20260911,866,Fela_Kuti,2026-10-05T05:05:14.242906+00:00
Fela Kuti,Fela Kuti,20260912,822,Fela_Kuti,2026-10-05T05:05:14.242906+00:00
Fela Kuti,Fela Kuti,20260913,861,Fela_Kuti,2026-10-05T05:05:14.242906+00:00
Fela Kuti,Fela Kuti,20260914,838,Fela_Kuti,2026-10-05T05:05:14.242906+00:00
Fela Kuti,Fela Kuti,20260915,876,Fela_Kuti,2026-10-05T05:05:14.242906+00:00
Fela Kuti,Fela Kuti,20260916,779,Fela_Kuti,2026-10-05T05:05:14.242906+00:00
Fela Kuti,Fela Kuti,20260917,817,Fela_Kuti,2026-10-05T05:05:14.242906+00:00
Fela Kuti,Fela Kuti,20260918,906,Fela_Kuti,2026-10-05T05:05:14.242906+00:00
Fela Kuti,Fela Kuti,20260919,951,Fela_Kuti,2026-10-05T05:05:14.242906+00:00
Fela Kuti,Fela Kuti,20260920,897,Fela_Kuti,2026-10-05T05:05:14.242906+00:00
Fela Kuti,Fela Kuti,20260921,834,Fela_Kuti,2026-10-05T05:05:14.242906+00:00
Fela Kuti,Fela Kuti,20260922,899,Fela_Kuti,2026-10-05T05:05:14.242906+00:00
Fela Kuti,Fela Kuti,20260923,868,Fela_Kuti,2026-10-05T05:05:14.242906+00:00
Fela Kuti,Fela Kuti,20260924,876,Fela_Kuti,2026-10-05T05:05:14.242906+00:00
Fela Kuti,Fela Kuti,20260925,981,Fela_Kuti,2026-10-05T05:05:14.242906+00:00
Fela Kuti,Fela Kuti,20260926,959,Fela_Kuti,2026-10-05T05:05:14.242906+00:00
Fela Kuti,Fela Kuti,20260927,876,Fela_Kuti,2026-10-05T05:05:14.242906+00:00
Fela Kuti,Fela Kuti,20260928,838,Fela_Kuti,2026-10-05T05:05:14.242906+00:00
Fela Kuti,Fela Kuti,20260929,1063,Fela_Kuti,2026-10-05T05:05:14.242906+00:00
Fela Kuti,Fela Kuti,20260930,1047,Fela_Kuti,2026-10-05T05:05:14.242906+00:00
Fela Kuti,Fela Kuti,20261001,949,Fela_Kuti,2026-10-05T05:05:14.242906+00:00
Fela Kuti,Fela Kuti,20261002,990,Fela_Kuti,2026-10-05T05:05:14.242906+00:00
Fela Kuti,Fela Kuti,20261003,965,Fela_Kuti,2026-10-05T05:05:14.242906+00:00
Fela Kuti,Fela Kuti,20261004,813,Fela_Kuti,2026-10-05T05:05:14.242906+00:00
Wizkid,Wizkid,20260905,450,Wizkid,2026-10-05T05:05:14.242906+00:00
Wizkid,Wizkid,20260906,537,Wizkid,2026-10-05T05:05:14.242906+00:00
Wizkid,Wizkid,20260907,691,Wizkid,2026-10-05T05:05:14.242906+00:00
Wizkid,Wizkid,20260908,569,Wizkid,2026-10-05T05:05:14.242906+00:00
Wizkid,Wizkid,20260909,1394,Wizkid,2026-10-05T05:05:14.242906+00:00
Wizkid,Wizkid,20260910,492,Wizkid,2026-10-05T05:05:14.242906+00:00
Wizkid,Wizkid,20260911,516,Wizkid,2026-10-05T05:05:14.242906+00:00
Wizkid,Wizkid,20260912,546,Wizkid,2026-10-05T05:05:14.242906+00:00
Wizkid,Wizkid,20260913,514,Wizkid,2026-10-05T05:05:14.242906+00:00
Wizkid,Wizkid,20260914,481,Wizkid,2026-10-05T05:05:14.242906+00:00
Wizkid,Wizkid,20260915,474,Wizkid,2026-10-05T05:05:14.242906+00:00
Wizkid,Wizkid,20260916,418,Wizkid,2026-10-05T05:05:14.242906+00:00
Wizkid,Wizkid,20260917,497,Wizkid,2026-10-05T05:05:14.242906+00:00
Wizkid,Wizkid,20260918,495,Wizkid,2026-10-05T05:05:14.242906+00:00
Wizkid,Wizkid,20260919,479,Wizkid,2026-10-05T05:05:14.242906+00:00
Wizkid,Wizkid,20260920,442,Wizkid,2026-10-05T05:05:14.242906+00:00
Wizkid,Wizkid,20260921,452,Wizkid,2026-10-05T05:05:14.242906+00:00
Wizkid,Wizkid,20260922,502,Wizkid,2026-10-05T05:05:14.242906+00:00
Wizkid,Wizkid,20260923,488,Wizkid,2026-10-05T05:05:14.242906+00:00
Wizkid,Wizkid,20260924,435,Wizkid,2026-10-05T05:05:14.242906+00:00
Wizkid,Wizkid,20260925,395,Wizkid,2026-10-05T05:05:14.242906+00:00
Wizkid,Wizkid,20260926,508,Wizkid,2026-10-05T05:05:14.242906+00:00
Wizkid,Wizkid,20260927,451,Wizkid,2026-10-05T05:05:14.242906+00:00
Wizkid,Wizkid,20260928,414,Wizkid,2026-10-05T05:05:14.242906+00:00
Wizkid,Wizkid,20260929,348,Wizkid,2026-10-05T05:05:14.242906+00:00
Wizkid,Wizkid,20260930,406,Wizkid,2026-10-05T05:05:14.242906+00:00
Wizkid,Wizkid,20261001,405,Wizkid,2026-10-05T05:05:14.242906+00:00
Wizkid,Wizkid,20261002,410,Wizkid,2026-10-05T05:05:14.242906+00:00
Wizkid,Wizkid,20261003,400,Wizkid,2026-10-05T05:05:14.242906+00:00
Wizkid,Wizkid,20261004,413,Wizkid,2026-10-05T05:05:14.242906+00:00
Stromae,Stromae,20260905,1302,Stromae,2026-10-05T05:05:14.242906+00:00
Stromae,Stromae,20260906,1264,Stromae,2026-10-05T05:05:14.242906+00:00
Stromae,Stromae,20260907,1116,Stromae,2026-10-05T05:05:14.242906+00:00
Stromae,Stromae,20260908,1122,Stromae,2026-10-05T05:05:14.242906+00:00
Stromae,Stromae,20260909,1085,Stromae,2026-10-05T05:05:14.242906+00:00
Stromae,Stromae,20260910,1118,Stromae,2026-10-05T05:05:14.242906+00:00
Stromae,Stromae,20260911,1210,Stromae,2026-10-05T05:05:14.242906+00:00
Stromae,Stromae,20260912,1327,Stromae,2026-10-05T05:05:14.242906+00:00
Stromae,Stromae,20260913,1186,Stromae,2026-10-05T05:05:14.242906+00:00
Stromae,Stromae,20260914,1115,Stromae,2026-10-05T05:05:14.242906+00:00
Stromae,Stromae,20260915,1040,Stromae,2026-10-05T05:05:14.242906+00:00
Stromae,Stromae,20260916,1122,Stromae,2026-10-05T05:05:14.242906+00:00
Stromae,Stromae,20260917,1061,Stromae,2026-10-05T05:05:14.242906+00:00
Stromae,Stromae,20260918,1283,Stromae,2026-10-05T05:05:14.242906+00:00
Stromae,Stromae,20260919,1274,Stromae,2026-10-05T05:05:14.242906+00:00
Stromae,Stromae,20260920,1282,Stromae,2026-10-05T05:05:14.242906+00:00
Stromae,Stromae,20260921,1133,Stromae,2026-10-05T05:05:14.242906+00:00
Stromae,Stromae,20260922,1205,Stromae,2026-10-05T05:05:14.242906+00:00
Stromae,Stromae,20260923,1419,Stromae,2026-10-05T05:05:14.242906+00:00
Stromae,Stromae,20260924,1233,Stromae,2026-10-05T05:05:14.242906+00:00
Stromae,Stromae,20260925,1226,Stromae,2026-10-05T05:05:14.242906+00:00
Stromae,Stromae,20260926,1445,Stromae,2026-10-05T05:05:14.242906+00:00
Stromae,Stromae,20260927,1329,Stromae,2026-10-05T05:05:14.242906+00:00
Stromae,Stromae,20260928,1312,Stromae,2026-10-05T05:05:14.242906+00:00
Stromae,Stromae,20260929,1183,Stromae,2026-10-05T05:05:14.242906+00:00
Stromae,Stromae,20260930,1196,Stromae,2026-10-05T05:05:14.242906+00:00
Stromae,Stromae,20261001,1115,Stromae,2026-10-05T05:05:14.242906+00:00
Stromae,Stromae,20261002,1203,Stromae,2026-10-05T05:05:14.242906+00:00
Stromae,Stromae,20261003,1343,Stromae,2026-10-05T05:05:14.242906+00:00
Stromae,Stromae,20261004,1384,Stromae,2026-10-05T05:05:14.242906+00:00
Daft Punk,Daft Punk,20260905,3025,Daft_Punk,2026-10-05T05:05:14.242906+00:00
Daft Punk,Daft Punk,20260906,3198,Daft_Punk,2026-10-05T05:05:14.242906+00:00
Daft Punk,Daft Punk,20260907,2914,Daft_Punk,2026-10-05T05:05:14.242906+00:00
Daft Punk,Daft Punk,20260908,2536,Daft_Punk,2026-10-05T05:05:14.242906+00:00
Daft Punk,Daft Punk,20260909,2572,Daft_Punk,2026-10-05T05:05:14.242906+00:00
Daft Punk,Daft Punk,20260910,2670,Daft_Punk,2026-10-05T05:05:14.242906+00:00
Daft Punk,Daft Punk,20260911,3356,Daft_Punk,2026-10-05T05:05:14.242906+00:00
Daft Punk,Daft Punk,20260912,3195,Daft_Punk,2026-10-05T05:05:14.242906+00:00
Daft Punk,Daft Punk,20260913,3090,Daft_Punk,2026-10-05T05:05:14.242906+00:00
Daft Punk,Daft Punk,20260914,3206,Daft_Punk,2026-10-05T05:05:14.242906+00:00
Daft Punk,Daft Punk,20260915,2817,Daft_Punk,2026-10-05T05:05:14.242906+00:00
Daft Punk,Daft Punk,20260916,2843,Daft_Punk,2026-10-05T05:05:14.242906+00:00
Daft Punk,Daft Punk,20260917,3311,Daft_Punk,2026-10-05T05:05:14.242906+00:00
Daft Punk,Daft Punk,20260918,3299,Daft_Punk,2026-10-05T05:05:14.242906+00:00
Daft Punk,Daft Punk,20260919,3262,Daft_Punk,2026-10-05T05:05:14.242906+00:00
Daft Punk,Daft Punk,20260920,2899,Daft_Punk,2026-10-05T05:05:14.242906+00:00
Daft Punk,Daft Punk,20260921,2680,Daft_Punk,2026-10-05T05:05:14.242906+00:00
Daft Punk,Daft Punk,20260922,2612,Daft_Punk,2026-10-05T05:05:14.242906+00:00
Daft Punk,Daft Punk,20260923,2608,Daft_Punk,2026-10-05T05:05:14.242906+00:00
Daft Punk,Daft Punk,20260924,2582,Daft_Punk,2026-10-05T05:05:14.242906+00:00
Daft Punk,Daft Punk,20260925,2768,Daft_Punk,2026-10-05T05:05:14.242906+00:00
Daft Punk,Daft Punk,20260926,2860,Daft_Punk,2026-10-05T05:05:14.242906+00:00
Daft Punk,Daft Punk,20260927,3168,Daft_Punk,2026-10-05T05:05:14.242906+00:00
Daft Punk,Daft Punk,20260928,3141,Daft_Punk,2026-10-05T05:05:14.242906+00:00
Daft Punk,Daft Punk,20260929,2851,Daft_Punk,2026-10-05T05:05:14.242906+00:00
Daft Punk,Daft Punk,20260930,2664,Daft_Punk,2026-10-05T05:05:14.242906+00:00
Daft Punk,Daft Punk,20261001,2748,Daft_Punk,2026-10-05T05:05:14.242906+00:00
Daft Punk,Daft Punk,20261002,2807,Daft_Punk,2026-10-05T05:05:14.242906+00:00
Daft Punk,Daft Punk,20261003,2851,Daft_Punk,2026-10-05T05:05:14.242906+00:00
Daft Punk,Daft Punk,20261004,2579,Daft_Punk,2026-10-05T05:05:14.242906+00:00
Sia,Sia,20260905,3042,Sia,2026-10-05T05:05:14.242906+00:00
Sia,Sia,20260906,2808,Sia,2026-10-05T05:05:14.242906+00:00
Sia,Sia,20260907,2775,Sia,2026-10-05T05:05:14.242906+00:00
Sia,Sia,20260908,2507,Sia,2026-10-05T05:05:14.242906+00:00
Sia,Sia,20260909,2483,Sia,2026-10-05T05:05:14.242906+00:00
Sia,Sia,20260910,2302,Sia,2026-10-05T05:05:14.242906+00:00
Sia,Sia,20260911,2609,Sia,2026-10-05T05:05:14.242906+00:00
Sia,Sia,20260912,2719,Sia,2026-10-05T05:05:14.242906+00:00
Sia,Sia,20260913,2577,Sia,2026-10-05T05:05:14.242906+00:00
Sia,Sia,20260914,3437,Sia,2026-10-05T05:05:14.242906+00:00
Sia,Sia,20260915,2787,Sia,2026-10-05T05:05:14.242906+00:00
Sia,Sia,20260916,2672,Sia,2026-10-05T05:05:14.242906+00:00
Sia,Sia,20260917,2582,Sia,2026-10-05T05:05:14.242906+00:00
Sia,Sia,20260918,2826,Sia,2026-10-05T05:05:14.242906+00:00
Sia,Sia,20260919,2972,Sia,2026-10-05T05:05:14.242906+00:00
Sia,Sia,20260920,3181,Sia,2026-10-05T05:05:14.242906+00:00
Sia,Sia,20260921,2663,Sia,2026-10-05T05:05:14.242906+00:00
Sia,Sia,20260922,2589,Sia,2026-10-05T05:05:14.242906+00:00
Sia,Sia,20260923,2585,Sia,2026-10-05T05:05:14.242906+00:00
Sia,Sia,20260924,2674,Sia,2026-10-05T05:05:14.242906+00:00
Sia,Sia,20260925,4080,Sia,2026-10-05T05:05:14.242906+00:00
Sia,Sia,20260926,3370,Sia,2026-10-05T05:05:14.242906+00:00
Sia,Sia,20260927,3002,Sia,2026-10-05T05:05:14.242906+00:00
Sia,Sia,20260928,2649,Sia,2026-10-05T05:05:14.242906+00:00
Sia,Sia,20260929,2395,Sia,2026-10-05T05:05:14.242906+00:00
Sia,Sia,20260930,2514,Sia,2026-10-05T05:05:14.242906+00:00
Sia,Sia,20261001,4228,Sia,2026-10-05T05:05:14.242906+00:00
Sia,Sia,20261002,3957,Sia,2026-10-05T05:05:14.242906+00:00
Sia,Sia,20261003,4016,Sia,2026-10-05T05:05:14.242906+00:00
Sia,Sia,20261004,2784,Sia,2026-10-05T05:05:14.242906+00:00
